order_id,customer_id,order_date,status,country,segment,signup_date,order_item_id,product_id,quantity,category,price,payment_id,payment_method,payment_status,revenue,valid_order
1,3,2024-05-10,Delivered,France,Consumer,2023-03-10,951.0,79.0,1.0,Electronics,372.96,177.0,Bank Transfer,Success,372.96,True
1,3,2024-05-10,Delivered,France,Consumer,2023-03-10,2961.0,62.0,4.0,Electronics,359.2,177.0,Bank Transfer,Success,1436.8,True
1,3,2024-05-10,Delivered,France,Consumer,2023-03-10,4584.0,10.0,3.0,Sports,159.86,177.0,Bank Transfer,Success,479.58000000000004,True
2,160,2024-12-18,Delivered,Italy,Corporate,2024-02-14,,,,,,1543.0,Bank Transfer,Success,,True
3,227,2024-07-14,Delivered,France,Consumer,2024-02-26,103.0,20.0,4.0,Clothing,263.61,725.0,PayPal,Success,1054.44,True
3,227,2024-07-14,Delivered,France,Consumer,2024-02-26,103.0,20.0,4.0,Clothing,263.61,1339.0,Bank Transfer,Success,1054.44,True
3,227,2024-07-14,Delivered,France,Consumer,2024-02-26,2012.0,78.0,4.0,Clothing,494.65,725.0,PayPal,Success,1978.6,True
3,227,2024-07-14,Delivered,France,Consumer,2024-02-26,2012.0,78.0,4.0,Clothing,494.65,1339.0,Bank Transfer,Success,1978.6,True
3,227,2024-07-14,Delivered,France,Consumer,2024-02-26,2319.0,78.0,4.0,Clothing,494.65,725.0,PayPal,Success,1978.6,True
3,227,2024-07-14,Delivered,France,Consumer,2024-02-26,2319.0,78.0,4.0,Clothing,494.65,1339.0,Bank Transfer,Success,1978.6,True
3,227,2024-07-14,Delivered,France,Consumer,2024-02-26,2856.0,76.0,3.0,Electronics,302.4,725.0,PayPal,Success,907.1999999999999,True
3,227,2024-07-14,Delivered,France,Consumer,2024-02-26,2856.0,76.0,3.0,Electronics,302.4,1339.0,Bank Transfer,Success,907.1999999999999,True
3,227,2024-07-14,Delivered,France,Consumer,2024-02-26,4148.0,63.0,1.0,Sports,296.61,725.0,PayPal,Success,296.61,True
3,227,2024-07-14,Delivered,France,Consumer,2024-02-26,4148.0,63.0,1.0,Sports,296.61,1339.0,Bank Transfer,Success,296.61,True
3,227,2024-07-14,Delivered,France,Consumer,2024-02-26,4523.0,74.0,1.0,Home,491.25,725.0,PayPal,Success,491.25,True
3,227,2024-07-14,Delivered,France,Consumer,2024-02-26,4523.0,74.0,1.0,Home,491.25,1339.0,Bank Transfer,Success,491.25,True
4,486,2024-10-07,Delivered,Germany,Small Business,2023-02-11,666.0,62.0,3.0,Electronics,359.2,1321.0,PayPal,Success,1077.6,True
5,269,2024-06-02,Delivered,Spain,Consumer,2024-11-26,940.0,81.0,3.0,Electronics,203.78,1364.0,Card,Success,611.34,True
5,269,2024-06-02,Delivered,Spain,Consumer,2024-11-26,940.0,81.0,3.0,Electronics,203.78,1449.0,Bank Transfer,Success,611.34,True
5,269,2024-06-02,Delivered,Spain,Consumer,2024-11-26,3572.0,29.0,4.0,Clothing,205.22,1364.0,Card,Success,820.88,True
5,269,2024-06-02,Delivered,Spain,Consumer,2024-11-26,3572.0,29.0,4.0,Clothing,205.22,1449.0,Bank Transfer,Success,820.88,True
5,269,2024-06-02,Delivered,Spain,Consumer,2024-11-26,4073.0,89.0,1.0,Home,478.85,1364.0,Card,Success,478.85,True
5,269,2024-06-02,Delivered,Spain,Consumer,2024-11-26,4073.0,89.0,1.0,Home,478.85,1449.0,Bank Transfer,Success,478.85,True
5,269,2024-06-02,Delivered,Spain,Consumer,2024-11-26,4240.0,75.0,1.0,Electronics,442.68,1364.0,Card,Success,442.68,True
5,269,2024-06-02,Delivered,Spain,Consumer,2024-11-26,4240.0,75.0,1.0,Electronics,442.68,1449.0,Bank Transfer,Success,442.68,True
5,269,2024-06-02,Delivered,Spain,Consumer,2024-11-26,4470.0,31.0,3.0,Home,402.97,1364.0,Card,Success,1208.91,True
5,269,2024-06-02,Delivered,Spain,Consumer,2024-11-26,4470.0,31.0,3.0,Home,402.97,1449.0,Bank Transfer,Success,1208.91,True
5,269,2024-06-02,Delivered,Spain,Consumer,2024-11-26,4672.0,31.0,3.0,Home,402.97,1364.0,Card,Success,1208.91,True
5,269,2024-06-02,Delivered,Spain,Consumer,2024-11-26,4672.0,31.0,3.0,Home,402.97,1449.0,Bank Transfer,Success,1208.91,True
6,120,2024-05-12,Cancelled,France,Corporate,2024-01-12,3556.0,52.0,3.0,Electronics,139.49,785.0,Bank Transfer,Success,418.47,False
6,120,2024-05-12,Cancelled,France,Corporate,2024-01-12,4314.0,82.0,2.0,Home,419.72,785.0,Bank Transfer,Success,839.44,False
7,381,2024-08-14,Delivered,Italy,Corporate,2024-04-21,485.0,1.0,1.0,Electronics,325.1,1446.0,PayPal,Success,325.1,True
7,381,2024-08-14,Delivered,Italy,Corporate,2024-04-21,752.0,14.0,4.0,Electronics,62.06,1446.0,PayPal,Success,248.24,True
7,381,2024-08-14,Delivered,Italy,Corporate,2024-04-21,1959.0,39.0,1.0,Home,233.66,1446.0,PayPal,Success,233.66,True
8,495,2024-07-07,Delivered,France,Small Business,2024-08-21,1105.0,63.0,3.0,Sports,296.61,447.0,Card,Success,889.83,True
8,495,2024-07-07,Delivered,France,Small Business,2024-08-21,2764.0,27.0,2.0,Sports,267.48,447.0,Card,Success,534.96,True
8,495,2024-07-07,Delivered,France,Small Business,2024-08-21,4276.0,45.0,3.0,Clothing,39.66,447.0,Card,Success,118.97999999999999,True
9,89,2024-09-21,Delivered,Italy,Corporate,2023-03-27,3851.0,87.0,4.0,Home,195.12,953.0,PayPal,Success,780.48,True
10,329,2024-05-13,Delivered,Italy,Consumer,2023-07-21,71.0,45.0,1.0,Clothing,39.66,1201.0,Card,Success,39.66,True
10,329,2024-05-13,Delivered,Italy,Consumer,2023-07-21,4320.0,65.0,2.0,Home,455.62,1201.0,Card,Success,911.24,True
11,68,2024-07-29,Delivered,France,Corporate,2024-01-21,167.0,30.0,4.0,Sports,288.35,1827.0,PayPal,Success,1153.4,True
11,68,2024-07-29,Delivered,France,Corporate,2024-01-21,2119.0,15.0,2.0,Home,213.77,1827.0,PayPal,Success,427.54,True
12,398,2024-02-29,Delivered,Germany,Corporate,2023-02-24,622.0,4.0,1.0,Sports,336.61,1703.0,PayPal,Success,336.61,True
12,398,2024-02-29,Delivered,Germany,Corporate,2023-02-24,1156.0,100.0,2.0,Electronics,498.19,1703.0,PayPal,Success,996.38,True
12,398,2024-02-29,Delivered,Germany,Corporate,2023-02-24,1608.0,70.0,3.0,Home,478.43,1703.0,PayPal,Success,1435.29,True
12,398,2024-02-29,Delivered,Germany,Corporate,2023-02-24,2656.0,66.0,1.0,Clothing,27.32,1703.0,PayPal,Success,27.32,True
12,398,2024-02-29,Delivered,Germany,Corporate,2023-02-24,3702.0,17.0,2.0,Sports,373.81,1703.0,PayPal,Success,747.62,True
13,357,2024-12-29,Delivered,Germany,Consumer,2024-10-27,88.0,32.0,1.0,Sports,271.51,781.0,PayPal,Success,271.51,True
13,357,2024-12-29,Delivered,Germany,Consumer,2024-10-27,256.0,64.0,4.0,Sports,142.25,781.0,PayPal,Success,569.0,True
13,357,2024-12-29,Delivered,Germany,Consumer,2024-10-27,1870.0,24.0,1.0,Clothing,282.54,781.0,PayPal,Success,282.54,True
13,357,2024-12-29,Delivered,Germany,Consumer,2024-10-27,2844.0,64.0,1.0,Sports,142.25,781.0,PayPal,Success,142.25,True
14,98,2024-12-29,Delivered,Unknown,Consumer,2024-01-29,134.0,34.0,4.0,Home,370.24,3.0,Bank Transfer,Success,1480.96,True
15,267,2024-07-31,Delivered,Italy,Corporate,2023-08-16,3570.0,90.0,3.0,Electronics,413.97,1983.0,Card,Success,1241.91,True
16,105,2024-08-03,Delivered,Germany,Corporate,2023-04-21,2413.0,96.0,1.0,Clothing,264.89,1877.0,Bank Transfer,Success,264.89,True
16,105,2024-08-03,Delivered,Germany,Corporate,2023-04-21,2564.0,27.0,1.0,Sports,267.48,1877.0,Bank Transfer,Success,267.48,True
16,105,2024-08-03,Delivered,Germany,Corporate,2023-04-21,2618.0,66.0,2.0,Clothing,27.32,1877.0,Bank Transfer,Success,54.64,True
16,105,2024-08-03,Delivered,Germany,Corporate,2023-04-21,3439.0,89.0,2.0,Home,478.85,1877.0,Bank Transfer,Success,957.7,True
16,105,2024-08-03,Delivered,Germany,Corporate,2023-04-21,3530.0,50.0,1.0,Electronics,242.49,1877.0,Bank Transfer,Success,242.49,True
16,105,2024-08-03,Delivered,Germany,Corporate,2023-04-21,4797.0,12.0,2.0,Sports,366.86,1877.0,Bank Transfer,Success,733.72,True
17,440,2024-08-13,Cancelled,Spain,Small Business,2024-01-16,448.0,83.0,2.0,Sports,119.13,880.0,Bank Transfer,Success,238.26,False
17,440,2024-08-13,Cancelled,Spain,Small Business,2024-01-16,4051.0,71.0,3.0,Electronics,400.0,880.0,Bank Transfer,Success,1200.0,False
17,440,2024-08-13,Cancelled,Spain,Small Business,2024-01-16,4654.0,59.0,2.0,Home,236.32,880.0,Bank Transfer,Success,472.64,False
18,323,2024-05-10,Delivered,Italy,Consumer,2024-07-20,916.0,88.0,1.0,Sports,23.18,1866.0,Bank Transfer,Success,23.18,True
18,323,2024-05-10,Delivered,Italy,Consumer,2024-07-20,4531.0,62.0,3.0,Electronics,359.2,1866.0,Bank Transfer,Success,1077.6,True
19,123,2024-03-16,Delivered,Germany,Corporate,2024-10-23,817.0,82.0,2.0,Home,419.72,1358.0,Card,Success,839.44,True
19,123,2024-03-16,Delivered,Germany,Corporate,2024-10-23,1248.0,72.0,1.0,Sports,133.2,1358.0,Card,Success,133.2,True
19,123,2024-03-16,Delivered,Germany,Corporate,2024-10-23,1302.0,69.0,2.0,Sports,66.6,1358.0,Card,Success,133.2,True
20,476,2024-10-12,Delivered,Unknown,Corporate,2024-05-08,,,,,,157.0,PayPal,Success,,True
21,29,2024-10-03,Delivered,Italy,Corporate,2024-04-10,2832.0,12.0,1.0,Sports,366.86,404.0,Bank Transfer,Success,366.86,True
21,29,2024-10-03,Delivered,Italy,Corporate,2024-04-10,3203.0,40.0,2.0,Electronics,495.22,404.0,Bank Transfer,Success,990.44,True
21,29,2024-10-03,Delivered,Italy,Corporate,2024-04-10,4305.0,88.0,1.0,Sports,23.18,404.0,Bank Transfer,Success,23.18,True
21,29,2024-10-03,Delivered,Italy,Corporate,2024-04-10,4936.0,40.0,2.0,Electronics,495.22,404.0,Bank Transfer,Success,990.44,True
22,137,2024-06-04,Delivered,France,Small Business,2023-02-09,,,,,,1462.0,Card,Success,,True
23,195,2024-09-04,Delivered,Spain,Consumer,2023-08-24,507.0,6.0,3.0,Clothing,296.19,1320.0,PayPal,Success,888.5699999999999,True
23,195,2024-09-04,Delivered,Spain,Consumer,2023-08-24,3287.0,50.0,4.0,Electronics,242.49,1320.0,PayPal,Success,969.96,True
23,195,2024-09-04,Delivered,Spain,Consumer,2023-08-24,3853.0,36.0,2.0,Home,216.27,1320.0,PayPal,Success,432.54,True
23,195,2024-09-04,Delivered,Spain,Consumer,2023-08-24,4268.0,77.0,1.0,Electronics,452.34,1320.0,PayPal,Success,452.34,True
24,409,2024-08-05,Delivered,Italy,Consumer,2023-01-08,837.0,97.0,1.0,Sports,133.82,1467.0,Card,Success,133.82,True
24,409,2024-08-05,Delivered,Italy,Consumer,2023-01-08,1617.0,52.0,1.0,Electronics,139.49,1467.0,Card,Success,139.49,True
24,409,2024-08-05,Delivered,Italy,Consumer,2023-01-08,4730.0,94.0,2.0,Clothing,261.54,1467.0,Card,Success,523.08,True
25,226,2024-07-08,Cancelled,Germany,Corporate,2024-09-28,945.0,61.0,3.0,Clothing,427.15,1870.0,PayPal,Success,1281.4499999999998,False
25,226,2024-07-08,Cancelled,Germany,Corporate,2024-09-28,2504.0,98.0,2.0,Electronics,260.05,1870.0,PayPal,Success,520.1,False
25,226,2024-07-08,Cancelled,Germany,Corporate,2024-09-28,2572.0,15.0,1.0,Home,213.77,1870.0,PayPal,Success,213.77,False
26,332,2024-06-11,Delivered,France,Consumer,2023-04-27,1160.0,79.0,1.0,Electronics,372.96,790.0,Card,Success,372.96,True
26,332,2024-06-11,Delivered,France,Consumer,2023-04-27,1808.0,79.0,2.0,Electronics,372.96,790.0,Card,Success,745.92,True
26,332,2024-06-11,Delivered,France,Consumer,2023-04-27,2166.0,14.0,1.0,Electronics,62.06,790.0,Card,Success,62.06,True
27,170,2024-06-28,Delivered,Germany,Consumer,2023-11-16,1689.0,34.0,1.0,Home,370.24,268.0,Card,Success,370.24,True
27,170,2024-06-28,Delivered,Germany,Consumer,2023-11-16,1973.0,79.0,4.0,Electronics,372.96,268.0,Card,Success,1491.84,True
27,170,2024-06-28,Delivered,Germany,Consumer,2023-11-16,2745.0,84.0,3.0,Clothing,416.17,268.0,Card,Success,1248.51,True
27,170,2024-06-28,Delivered,Germany,Consumer,2023-11-16,3696.0,63.0,1.0,Sports,296.61,268.0,Card,Success,296.61,True
28,9,2024-02-03,Cancelled,Spain,Corporate,2023-02-12,3340.0,100.0,3.0,Electronics,498.19,1010.0,PayPal,Success,1494.57,False
28,9,2024-02-03,Cancelled,Spain,Corporate,2023-02-12,3475.0,5.0,3.0,Home,26.86,1010.0,PayPal,Success,80.58,False
29,463,2024-02-10,Returned,Germany,Consumer,2023-02-28,3175.0,31.0,4.0,Home,402.97,284.0,PayPal,Success,1611.88,False
30,40,2024-11-02,Cancelled,Spain,Small Business,2024-06-29,212.0,90.0,2.0,Electronics,413.97,955.0,Card,Success,827.94,False
30,40,2024-11-02,Cancelled,Spain,Small Business,2024-06-29,2614.0,28.0,3.0,Electronics,223.31,955.0,Card,Success,669.9300000000001,False
30,40,2024-11-02,Cancelled,Spain,Small Business,2024-06-29,4325.0,38.0,3.0,Clothing,211.67,955.0,Card,Success,635.01,False
30,40,2024-11-02,Cancelled,Spain,Small Business,2024-06-29,4795.0,20.0,2.0,Clothing,263.61,955.0,Card,Success,527.22,False
31,25,2024-12-03,Delivered,Italy,Consumer,2024-09-25,925.0,48.0,2.0,Electronics,48.83,970.0,Bank Transfer,Success,97.66,True
31,25,2024-12-03,Delivered,Italy,Consumer,2024-09-25,4107.0,66.0,1.0,Clothing,27.32,970.0,Bank Transfer,Success,27.32,True
31,25,2024-12-03,Delivered,Italy,Consumer,2024-09-25,4392.0,80.0,3.0,Home,37.17,970.0,Bank Transfer,Success,111.51,True
31,25,2024-12-03,Delivered,Italy,Consumer,2024-09-25,4513.0,78.0,3.0,Clothing,494.65,970.0,Bank Transfer,Success,1483.9499999999998,True
31,25,2024-12-03,Delivered,Italy,Consumer,2024-09-25,4710.0,54.0,4.0,Home,50.39,970.0,Bank Transfer,Success,201.56,True
32,261,2024-11-09,Delivered,France,Consumer,2024-08-20,3082.0,40.0,2.0,Electronics,495.22,126.0,PayPal,Success,990.44,True
32,261,2024-11-09,Delivered,France,Consumer,2024-08-20,3779.0,82.0,3.0,Home,419.72,126.0,PayPal,Success,1259.16,True
32,261,2024-11-09,Delivered,France,Consumer,2024-08-20,4486.0,90.0,3.0,Electronics,413.97,126.0,PayPal,Success,1241.91,True
32,261,2024-11-09,Delivered,France,Consumer,2024-08-20,4836.0,86.0,2.0,Sports,28.24,126.0,PayPal,Success,56.48,True
33,395,2024-03-15,Delivered,Spain,Consumer,2024-11-08,56.0,17.0,1.0,Sports,373.81,1301.0,Card,Success,373.81,True
34,443,2024-10-05,Delivered,France,Corporate,2024-11-30,2188.0,90.0,3.0,Electronics,413.97,660.0,Card,Success,1241.91,True
34,443,2024-10-05,Delivered,France,Corporate,2024-11-30,3129.0,34.0,2.0,Home,370.24,660.0,Card,Success,740.48,True
35,226,2024-06-24,Delivered,Germany,Corporate,2024-09-28,2809.0,51.0,2.0,Electronics,292.47,1300.0,Bank Transfer,Success,584.94,True
35,226,2024-06-24,Delivered,Germany,Corporate,2024-09-28,3156.0,51.0,3.0,Electronics,292.47,1300.0,Bank Transfer,Success,877.4100000000001,True
36,472,2024-05-29,Delivered,Italy,Corporate,2023-12-25,2421.0,77.0,4.0,Electronics,452.34,1677.0,Bank Transfer,Success,1809.36,True
36,472,2024-05-29,Delivered,Italy,Corporate,2023-12-25,3884.0,88.0,3.0,Sports,23.18,1677.0,Bank Transfer,Success,69.53999999999999,True
37,124,2024-09-29,Cancelled,Spain,Consumer,2023-10-04,1435.0,90.0,2.0,Electronics,413.97,615.0,PayPal,Success,827.94,False
37,124,2024-09-29,Cancelled,Spain,Consumer,2023-10-04,4747.0,61.0,2.0,Clothing,427.15,615.0,PayPal,Success,854.3,False
38,463,2024-11-20,Delivered,Germany,Consumer,2023-02-28,382.0,3.0,1.0,Electronics,30.54,129.0,Bank Transfer,Success,30.54,True
38,463,2024-11-20,Delivered,Germany,Consumer,2023-02-28,3201.0,69.0,3.0,Sports,66.6,129.0,Bank Transfer,Success,199.79999999999998,True
38,463,2024-11-20,Delivered,Germany,Consumer,2023-02-28,4439.0,30.0,2.0,Sports,288.35,129.0,Bank Transfer,Success,576.7,True
38,463,2024-11-20,Delivered,Germany,Consumer,2023-02-28,4563.0,25.0,4.0,Clothing,243.13,129.0,Bank Transfer,Success,972.52,True
39,38,2024-04-17,Cancelled,France,Consumer,2023-12-12,4463.0,70.0,4.0,Home,478.43,1828.0,Card,Success,1913.72,False
39,38,2024-04-17,Cancelled,France,Consumer,2023-12-12,4637.0,82.0,3.0,Home,419.72,1828.0,Card,Success,1259.16,False
39,38,2024-04-17,Cancelled,France,Consumer,2023-12-12,4768.0,40.0,2.0,Electronics,495.22,1828.0,Card,Success,990.44,False
40,328,2024-05-18,Delivered,Spain,Corporate,2023-05-17,1467.0,69.0,1.0,Sports,66.6,777.0,Bank Transfer,Success,66.6,True
40,328,2024-05-18,Delivered,Spain,Corporate,2023-05-17,2080.0,21.0,2.0,Home,324.05,777.0,Bank Transfer,Success,648.1,True
40,328,2024-05-18,Delivered,Spain,Corporate,2023-05-17,3588.0,64.0,3.0,Sports,142.25,777.0,Bank Transfer,Success,426.75,True
41,251,2024-12-15,Delivered,Germany,Consumer,2023-08-19,86.0,89.0,3.0,Home,478.85,536.0,PayPal,Failed,1436.5500000000002,False
41,251,2024-12-15,Delivered,Germany,Consumer,2023-08-19,560.0,8.0,3.0,Electronics,280.12,536.0,PayPal,Failed,840.36,False
41,251,2024-12-15,Delivered,Germany,Consumer,2023-08-19,983.0,33.0,1.0,Home,332.52,536.0,PayPal,Failed,332.52,False
42,389,2024-09-27,Delivered,France,Corporate,2023-06-24,3174.0,100.0,3.0,Electronics,498.19,1403.0,Card,Success,1494.57,True
42,389,2024-09-27,Delivered,France,Corporate,2023-06-24,4759.0,54.0,1.0,Home,50.39,1403.0,Card,Success,50.39,True
43,176,2024-12-12,Delivered,Germany,Corporate,2024-11-20,24.0,91.0,1.0,Electronics,401.38,1567.0,PayPal,Success,401.38,True
43,176,2024-12-12,Delivered,Germany,Corporate,2024-11-20,3780.0,28.0,2.0,Electronics,223.31,1567.0,PayPal,Success,446.62,True
44,90,2024-10-15,Delivered,Germany,Small Business,2024-04-18,917.0,56.0,4.0,Clothing,263.65,1795.0,Card,Success,1054.6,True
44,90,2024-10-15,Delivered,Germany,Small Business,2024-04-18,1856.0,57.0,4.0,Electronics,367.47,1795.0,Card,Success,1469.88,True
44,90,2024-10-15,Delivered,Germany,Small Business,2024-04-18,2825.0,59.0,2.0,Home,236.32,1795.0,Card,Success,472.64,True
45,402,2024-07-30,Delivered,Italy,Consumer,2024-01-15,,,,,,806.0,Card,Success,,True
46,454,2024-09-28,Returned,Germany,Small Business,2023-08-14,415.0,73.0,3.0,Home,296.33,613.0,PayPal,Success,888.99,False
46,454,2024-09-28,Returned,Germany,Small Business,2023-08-14,2866.0,47.0,2.0,Electronics,31.08,613.0,PayPal,Success,62.16,False
46,454,2024-09-28,Returned,Germany,Small Business,2023-08-14,3025.0,46.0,3.0,Electronics,9.7,613.0,PayPal,Success,29.099999999999998,False
46,454,2024-09-28,Returned,Germany,Small Business,2023-08-14,3749.0,49.0,3.0,Sports,23.61,613.0,PayPal,Success,70.83,False
46,454,2024-09-28,Returned,Germany,Small Business,2023-08-14,4578.0,96.0,2.0,Clothing,264.89,613.0,PayPal,Success,529.78,False
47,37,2024-03-06,Delivered,Italy,Consumer,2024-06-07,498.0,50.0,3.0,Electronics,242.49,264.0,Bank Transfer,Success,727.47,True
47,37,2024-03-06,Delivered,Italy,Consumer,2024-06-07,4335.0,18.0,2.0,Home,32.17,264.0,Bank Transfer,Success,64.34,True
48,316,2024-09-04,Delivered,Italy,Small Business,2024-09-04,,,,,,991.0,PayPal,Success,,True
49,176,2024-06-04,Delivered,Germany,Corporate,2024-11-20,72.0,52.0,3.0,Electronics,139.49,1529.0,Bank Transfer,Success,418.47,True
49,176,2024-06-04,Delivered,Germany,Corporate,2024-11-20,2521.0,2.0,4.0,Home,348.12,1529.0,Bank Transfer,Success,1392.48,True
49,176,2024-06-04,Delivered,Germany,Corporate,2024-11-20,3501.0,34.0,3.0,Home,370.24,1529.0,Bank Transfer,Success,1110.72,True
50,461,2024-02-16,Delivered,Germany,Corporate,2023-06-07,2954.0,29.0,2.0,Clothing,205.22,849.0,Card,Success,410.44,True
50,461,2024-02-16,Delivered,Germany,Corporate,2023-06-07,4476.0,80.0,1.0,Home,37.17,849.0,Card,Success,37.17,True
51,284,2024-07-19,Delivered,Spain,Consumer,2023-03-10,,,,,,353.0,Bank Transfer,Success,,True
52,453,2024-05-27,Delivered,Germany,Corporate,2023-09-13,522.0,22.0,3.0,Home,326.83,863.0,Card,Success,980.49,True
52,453,2024-05-27,Delivered,Germany,Corporate,2023-09-13,1693.0,98.0,1.0,Electronics,260.05,863.0,Card,Success,260.05,True
52,453,2024-05-27,Delivered,Germany,Corporate,2023-09-13,1925.0,71.0,4.0,Electronics,400.0,863.0,Card,Success,1600.0,True
52,453,2024-05-27,Delivered,Germany,Corporate,2023-09-13,3338.0,64.0,2.0,Sports,142.25,863.0,Card,Success,284.5,True
53,461,2024-05-03,Delivered,Germany,Corporate,2023-06-07,4248.0,44.0,3.0,Clothing,466.63,747.0,Card,Success,1399.8899999999999,True
54,81,2024-01-01,Delivered,Spain,Consumer,2023-01-15,1307.0,96.0,3.0,Clothing,264.89,741.0,Bank Transfer,Success,794.67,True
55,114,2024-09-03,Delivered,Germany,Small Business,2024-06-01,573.0,14.0,4.0,Electronics,62.06,56.0,Card,Success,248.24,True
55,114,2024-09-03,Delivered,Germany,Small Business,2024-06-01,1088.0,62.0,4.0,Electronics,359.2,56.0,Card,Success,1436.8,True
55,114,2024-09-03,Delivered,Germany,Small Business,2024-06-01,1815.0,53.0,3.0,Electronics,202.15,56.0,Card,Success,606.45,True
55,114,2024-09-03,Delivered,Germany,Small Business,2024-06-01,4732.0,75.0,2.0,Electronics,442.68,56.0,Card,Success,885.36,True
56,40,2024-12-08,Delivered,Spain,Small Business,2024-06-29,391.0,40.0,3.0,Electronics,495.22,1372.0,Card,Success,1485.66,True
57,301,2024-05-07,Delivered,France,Corporate,2024-11-13,2158.0,54.0,2.0,Home,50.39,1494.0,Card,Success,100.78,True
57,301,2024-05-07,Delivered,France,Corporate,2024-11-13,2489.0,9.0,3.0,Home,239.24,1494.0,Card,Success,717.72,True
58,224,2024-07-09,Delivered,Italy,Consumer,2024-06-09,,,,,,1821.0,Card,Success,,True
59,318,2024-03-07,Delivered,France,Small Business,2023-12-12,1373.0,2.0,2.0,Home,348.12,954.0,PayPal,Success,696.24,True
59,318,2024-03-07,Delivered,France,Small Business,2023-12-12,3153.0,28.0,4.0,Electronics,223.31,954.0,PayPal,Success,893.24,True
59,318,2024-03-07,Delivered,France,Small Business,2023-12-12,3973.0,56.0,1.0,Clothing,263.65,954.0,PayPal,Success,263.65,True
59,318,2024-03-07,Delivered,France,Small Business,2023-12-12,4011.0,95.0,2.0,Sports,300.65,954.0,PayPal,Success,601.3,True
59,318,2024-03-07,Delivered,France,Small Business,2023-12-12,4521.0,72.0,2.0,Sports,133.2,954.0,PayPal,Success,266.4,True
60,349,2024-01-04,Delivered,Italy,Small Business,2023-01-25,1754.0,47.0,1.0,Electronics,31.08,686.0,Bank Transfer,Success,31.08,True
61,115,2024-10-29,Delivered,Spain,Consumer,2024-11-22,60.0,63.0,4.0,Sports,296.61,981.0,Bank Transfer,Success,1186.44,True
61,115,2024-10-29,Delivered,Spain,Consumer,2024-11-22,1145.0,30.0,4.0,Sports,288.35,981.0,Bank Transfer,Success,1153.4,True
62,186,2024-10-20,Cancelled,France,Corporate,2023-11-15,1163.0,45.0,3.0,Clothing,39.66,608.0,PayPal,Success,118.97999999999999,False
62,186,2024-10-20,Cancelled,France,Corporate,2023-11-15,2772.0,67.0,3.0,Clothing,59.19,608.0,PayPal,Success,177.57,False
62,186,2024-10-20,Cancelled,France,Corporate,2023-11-15,3400.0,63.0,1.0,Sports,296.61,608.0,PayPal,Success,296.61,False
62,186,2024-10-20,Cancelled,France,Corporate,2023-11-15,4193.0,97.0,4.0,Sports,133.82,608.0,PayPal,Success,535.28,False
63,323,2024-05-22,Delivered,Italy,Consumer,2024-07-20,2964.0,98.0,4.0,Electronics,260.05,782.0,Bank Transfer,Success,1040.2,True
63,323,2024-05-22,Delivered,Italy,Consumer,2024-07-20,3062.0,1.0,1.0,Electronics,325.1,782.0,Bank Transfer,Success,325.1,True
63,323,2024-05-22,Delivered,Italy,Consumer,2024-07-20,4781.0,55.0,3.0,Sports,171.5,782.0,Bank Transfer,Success,514.5,True
64,56,2024-07-09,Returned,Italy,Corporate,2023-01-08,2789.0,75.0,4.0,Electronics,442.68,411.0,Card,Success,1770.72,False
65,40,2024-01-21,Returned,Spain,Small Business,2024-06-29,3377.0,23.0,4.0,Sports,185.53,88.0,Card,Success,742.12,False
66,354,2024-08-14,Delivered,Italy,Corporate,2023-10-12,1249.0,51.0,3.0,Electronics,292.47,1099.0,Bank Transfer,Success,877.4100000000001,True
66,354,2024-08-14,Delivered,Italy,Corporate,2023-10-12,2792.0,38.0,2.0,Clothing,211.67,1099.0,Bank Transfer,Success,423.34,True
66,354,2024-08-14,Delivered,Italy,Corporate,2023-10-12,3535.0,7.0,3.0,Electronics,499.68,1099.0,Bank Transfer,Success,1499.04,True
67,40,2024-11-08,Delivered,Spain,Small Business,2024-06-29,596.0,1.0,4.0,Electronics,325.1,1844.0,Bank Transfer,Success,1300.4,True
67,40,2024-11-08,Delivered,Spain,Small Business,2024-06-29,2434.0,75.0,1.0,Electronics,442.68,1844.0,Bank Transfer,Success,442.68,True
67,40,2024-11-08,Delivered,Spain,Small Business,2024-06-29,2527.0,13.0,4.0,Sports,100.34,1844.0,Bank Transfer,Success,401.36,True
68,347,2024-04-26,Delivered,Spain,Consumer,2023-07-01,3537.0,45.0,3.0,Clothing,39.66,852.0,Bank Transfer,Success,118.97999999999999,True
69,461,2024-10-28,Delivered,Germany,Corporate,2023-06-07,1646.0,92.0,2.0,Home,316.74,928.0,PayPal,Success,633.48,True
69,461,2024-10-28,Delivered,Germany,Corporate,2023-06-07,3663.0,99.0,1.0,Clothing,248.14,928.0,PayPal,Success,248.14,True
70,237,2024-05-21,Delivered,Unknown,Small Business,2023-02-08,357.0,67.0,4.0,Clothing,59.19,1562.0,Bank Transfer,Success,236.76,True
70,237,2024-05-21,Delivered,Unknown,Small Business,2023-02-08,904.0,90.0,3.0,Electronics,413.97,1562.0,Bank Transfer,Success,1241.91,True
71,289,2024-02-08,Delivered,France,Consumer,2023-05-14,2525.0,51.0,3.0,Electronics,292.47,969.0,Bank Transfer,Success,877.4100000000001,True
71,289,2024-02-08,Delivered,France,Consumer,2023-05-14,4987.0,91.0,1.0,Electronics,401.38,969.0,Bank Transfer,Success,401.38,True
72,262,2024-12-20,Delivered,Germany,Small Business,2024-06-05,145.0,21.0,3.0,Home,324.05,266.0,Card,Failed,972.1500000000001,False
72,262,2024-12-20,Delivered,Germany,Small Business,2024-06-05,477.0,8.0,2.0,Electronics,280.12,266.0,Card,Failed,560.24,False
72,262,2024-12-20,Delivered,Germany,Small Business,2024-06-05,1460.0,19.0,3.0,Clothing,230.3,266.0,Card,Failed,690.9000000000001,False
72,262,2024-12-20,Delivered,Germany,Small Business,2024-06-05,3250.0,86.0,4.0,Sports,28.24,266.0,Card,Failed,112.96,False
72,262,2024-12-20,Delivered,Germany,Small Business,2024-06-05,3339.0,89.0,1.0,Home,478.85,266.0,Card,Failed,478.85,False
72,262,2024-12-20,Delivered,Germany,Small Business,2024-06-05,3532.0,50.0,2.0,Electronics,242.49,266.0,Card,Failed,484.98,False
72,262,2024-12-20,Delivered,Germany,Small Business,2024-06-05,4750.0,59.0,2.0,Home,236.32,266.0,Card,Failed,472.64,False
73,216,2024-09-08,Cancelled,France,Consumer,2023-05-12,,,,,,635.0,Card,Success,,False
74,147,2024-11-28,Delivered,Spain,Corporate,2023-04-28,1214.0,14.0,1.0,Electronics,62.06,443.0,PayPal,Success,62.06,True
74,147,2024-11-28,Delivered,Spain,Corporate,2023-04-28,1225.0,45.0,4.0,Clothing,39.66,443.0,PayPal,Success,158.64,True
74,147,2024-11-28,Delivered,Spain,Corporate,2023-04-28,2750.0,26.0,1.0,Electronics,443.07,443.0,PayPal,Success,443.07,True
75,336,2024-07-25,Delivered,Italy,Consumer,2024-06-20,2690.0,73.0,1.0,Home,296.33,1734.0,Card,Success,296.33,True
76,168,2024-07-28,Delivered,Unknown,Small Business,2023-03-31,82.0,62.0,2.0,Electronics,359.2,1448.0,PayPal,Success,718.4,True
77,92,2024-04-24,Delivered,Italy,Consumer,2024-06-20,5.0,35.0,4.0,Sports,262.48,1265.0,PayPal,Success,1049.92,True
77,92,2024-04-24,Delivered,Italy,Consumer,2024-06-20,1616.0,44.0,2.0,Clothing,466.63,1265.0,PayPal,Success,933.26,True
78,353,2024-08-12,Delivered,France,Corporate,2023-06-26,2051.0,48.0,4.0,Electronics,48.83,767.0,Bank Transfer,Success,195.32,True
78,353,2024-08-12,Delivered,France,Corporate,2023-06-26,3093.0,27.0,2.0,Sports,267.48,767.0,Bank Transfer,Success,534.96,True
78,353,2024-08-12,Delivered,France,Corporate,2023-06-26,3295.0,25.0,1.0,Clothing,243.13,767.0,Bank Transfer,Success,243.13,True
79,59,2024-05-13,Cancelled,Spain,Consumer,2024-11-22,3351.0,69.0,4.0,Sports,66.6,1908.0,Card,Success,266.4,False
79,59,2024-05-13,Cancelled,Spain,Consumer,2024-11-22,4044.0,86.0,4.0,Sports,28.24,1908.0,Card,Success,112.96,False
79,59,2024-05-13,Cancelled,Spain,Consumer,2024-11-22,4553.0,63.0,1.0,Sports,296.61,1908.0,Card,Success,296.61,False
79,59,2024-05-13,Cancelled,Spain,Consumer,2024-11-22,4851.0,79.0,1.0,Electronics,372.96,1908.0,Card,Success,372.96,False
80,59,2024-09-07,Delivered,Spain,Consumer,2024-11-22,579.0,16.0,1.0,Home,398.69,,,,398.69,False
80,59,2024-09-07,Delivered,Spain,Consumer,2024-11-22,3070.0,16.0,3.0,Home,398.69,,,,1196.07,False
80,59,2024-09-07,Delivered,Spain,Consumer,2024-11-22,3115.0,1.0,1.0,Electronics,325.1,,,,325.1,False
81,304,2024-08-06,Delivered,Germany,Corporate,2023-11-20,463.0,25.0,4.0,Clothing,243.13,1308.0,Bank Transfer,Success,972.52,True
81,304,2024-08-06,Delivered,Germany,Corporate,2023-11-20,1036.0,5.0,4.0,Home,26.86,1308.0,Bank Transfer,Success,107.44,True
81,304,2024-08-06,Delivered,Germany,Corporate,2023-11-20,2195.0,84.0,1.0,Clothing,416.17,1308.0,Bank Transfer,Success,416.17,True
81,304,2024-08-06,Delivered,Germany,Corporate,2023-11-20,3227.0,69.0,4.0,Sports,66.6,1308.0,Bank Transfer,Success,266.4,True
82,169,2024-03-31,Delivered,Spain,Consumer,2024-10-15,264.0,74.0,1.0,Home,491.25,416.0,Card,Success,491.25,True
82,169,2024-03-31,Delivered,Spain,Consumer,2024-10-15,1153.0,80.0,2.0,Home,37.17,416.0,Card,Success,74.34,True
82,169,2024-03-31,Delivered,Spain,Consumer,2024-10-15,1588.0,36.0,3.0,Home,216.27,416.0,Card,Success,648.8100000000001,True
82,169,2024-03-31,Delivered,Spain,Consumer,2024-10-15,2665.0,36.0,4.0,Home,216.27,416.0,Card,Success,865.08,True
82,169,2024-03-31,Delivered,Spain,Consumer,2024-10-15,3904.0,67.0,1.0,Clothing,59.19,416.0,Card,Success,59.19,True
82,169,2024-03-31,Delivered,Spain,Consumer,2024-10-15,4580.0,82.0,4.0,Home,419.72,416.0,Card,Success,1678.88,True
83,269,2024-12-19,Cancelled,Spain,Consumer,2024-11-26,,,,,,789.0,PayPal,Success,,False
84,363,2024-02-15,Delivered,Unknown,Corporate,2024-11-19,2378.0,35.0,1.0,Sports,262.48,1822.0,Card,Success,262.48,True
84,363,2024-02-15,Delivered,Unknown,Corporate,2024-11-19,3320.0,96.0,2.0,Clothing,264.89,1822.0,Card,Success,529.78,True
84,363,2024-02-15,Delivered,Unknown,Corporate,2024-11-19,3972.0,83.0,1.0,Sports,119.13,1822.0,Card,Success,119.13,True
85,45,2024-02-07,Delivered,Italy,Corporate,2023-05-01,643.0,31.0,1.0,Home,402.97,1183.0,Bank Transfer,Success,402.97,True
85,45,2024-02-07,Delivered,Italy,Corporate,2023-05-01,3698.0,63.0,4.0,Sports,296.61,1183.0,Bank Transfer,Success,1186.44,True
85,45,2024-02-07,Delivered,Italy,Corporate,2023-05-01,4617.0,13.0,2.0,Sports,100.34,1183.0,Bank Transfer,Success,200.68,True
86,345,2024-05-21,Delivered,Spain,Small Business,2024-10-01,1182.0,73.0,2.0,Home,296.33,375.0,PayPal,Success,592.66,True
86,345,2024-05-21,Delivered,Spain,Small Business,2024-10-01,1376.0,70.0,3.0,Home,478.43,375.0,PayPal,Success,1435.29,True
86,345,2024-05-21,Delivered,Spain,Small Business,2024-10-01,4345.0,96.0,2.0,Clothing,264.89,375.0,PayPal,Success,529.78,True
86,345,2024-05-21,Delivered,Spain,Small Business,2024-10-01,4368.0,84.0,2.0,Clothing,416.17,375.0,PayPal,Success,832.34,True
87,181,2024-04-09,Delivered,France,Small Business,2023-01-13,872.0,42.0,1.0,Clothing,96.81,1141.0,Card,Success,96.81,True
88,170,2024-11-23,Delivered,Germany,Consumer,2023-11-16,425.0,82.0,4.0,Home,419.72,540.0,PayPal,Success,1678.88,True
88,170,2024-11-23,Delivered,Germany,Consumer,2023-11-16,1593.0,49.0,4.0,Sports,23.61,540.0,PayPal,Success,94.44,True
89,356,2024-07-08,Delivered,Spain,Small Business,2024-10-23,655.0,90.0,1.0,Electronics,413.97,1784.0,Card,Success,413.97,True
89,356,2024-07-08,Delivered,Spain,Small Business,2024-10-23,754.0,71.0,1.0,Electronics,400.0,1784.0,Card,Success,400.0,True
90,191,2024-02-04,Delivered,Spain,Small Business,2024-08-28,790.0,47.0,1.0,Electronics,31.08,758.0,Card,Success,31.08,True
90,191,2024-02-04,Delivered,Spain,Small Business,2024-08-28,1773.0,89.0,1.0,Home,478.85,758.0,Card,Success,478.85,True
90,191,2024-02-04,Delivered,Spain,Small Business,2024-08-28,2984.0,2.0,1.0,Home,348.12,758.0,Card,Success,348.12,True
91,155,2024-05-26,Delivered,France,Consumer,2024-03-10,339.0,45.0,3.0,Clothing,39.66,535.0,PayPal,Success,118.97999999999999,True
92,422,2024-01-30,Returned,Germany,Small Business,2023-04-06,197.0,47.0,1.0,Electronics,31.08,1661.0,PayPal,Success,31.08,False
92,422,2024-01-30,Returned,Germany,Small Business,2023-04-06,1433.0,29.0,3.0,Clothing,205.22,1661.0,PayPal,Success,615.66,False
92,422,2024-01-30,Returned,Germany,Small Business,2023-04-06,1526.0,38.0,3.0,Clothing,211.67,1661.0,PayPal,Success,635.01,False
92,422,2024-01-30,Returned,Germany,Small Business,2023-04-06,3791.0,61.0,1.0,Clothing,427.15,1661.0,PayPal,Success,427.15,False
92,422,2024-01-30,Returned,Germany,Small Business,2023-04-06,3857.0,7.0,1.0,Electronics,499.68,1661.0,PayPal,Success,499.68,False
92,422,2024-01-30,Returned,Germany,Small Business,2023-04-06,4135.0,65.0,3.0,Home,455.62,1661.0,PayPal,Success,1366.8600000000001,False
93,188,2024-11-29,Delivered,Spain,Corporate,2023-11-25,1272.0,20.0,3.0,Clothing,263.61,407.0,Bank Transfer,Failed,790.83,False
93,188,2024-11-29,Delivered,Spain,Corporate,2023-11-25,1691.0,4.0,4.0,Sports,336.61,407.0,Bank Transfer,Failed,1346.44,False
93,188,2024-11-29,Delivered,Spain,Corporate,2023-11-25,2308.0,74.0,2.0,Home,491.25,407.0,Bank Transfer,Failed,982.5,False
93,188,2024-11-29,Delivered,Spain,Corporate,2023-11-25,4116.0,31.0,1.0,Home,402.97,407.0,Bank Transfer,Failed,402.97,False
94,7,2024-03-24,Delivered,France,Corporate,2023-07-24,,,,,,1251.0,PayPal,Success,,True
95,133,2024-10-07,Delivered,France,Consumer,2024-10-25,1073.0,2.0,2.0,Home,348.12,524.0,Card,Success,696.24,True
95,133,2024-10-07,Delivered,France,Consumer,2024-10-25,1073.0,2.0,2.0,Home,348.12,912.0,Bank Transfer,Success,696.24,True
95,133,2024-10-07,Delivered,France,Consumer,2024-10-25,4592.0,51.0,1.0,Electronics,292.47,524.0,Card,Success,292.47,True
95,133,2024-10-07,Delivered,France,Consumer,2024-10-25,4592.0,51.0,1.0,Electronics,292.47,912.0,Bank Transfer,Success,292.47,True
96,235,2024-12-09,Delivered,Italy,Small Business,2024-09-07,1760.0,62.0,3.0,Electronics,359.2,143.0,Bank Transfer,Success,1077.6,True
96,235,2024-12-09,Delivered,Italy,Small Business,2024-09-07,2442.0,84.0,2.0,Clothing,416.17,143.0,Bank Transfer,Success,832.34,True
96,235,2024-12-09,Delivered,Italy,Small Business,2024-09-07,2511.0,97.0,1.0,Sports,133.82,143.0,Bank Transfer,Success,133.82,True
97,45,2024-09-26,Returned,Italy,Corporate,2023-05-01,680.0,100.0,3.0,Electronics,498.19,1512.0,PayPal,Success,1494.57,False
97,45,2024-09-26,Returned,Italy,Corporate,2023-05-01,1212.0,38.0,3.0,Clothing,211.67,1512.0,PayPal,Success,635.01,False
97,45,2024-09-26,Returned,Italy,Corporate,2023-05-01,2275.0,50.0,2.0,Electronics,242.49,1512.0,PayPal,Success,484.98,False
98,314,2024-06-02,Delivered,Spain,Corporate,2023-10-24,1779.0,64.0,3.0,Sports,142.25,1279.0,Bank Transfer,Success,426.75,True
99,249,2024-04-11,Delivered,France,Consumer,2023-10-16,1516.0,7.0,2.0,Electronics,499.68,1905.0,PayPal,Success,999.36,True
99,249,2024-04-11,Delivered,France,Consumer,2023-10-16,3559.0,20.0,2.0,Clothing,263.61,1905.0,PayPal,Success,527.22,True
100,499,2024-08-02,Delivered,France,Corporate,2023-10-14,,,,,,1515.0,Card,Success,,True
101,31,2024-05-29,Delivered,France,Consumer,2024-11-12,194.0,49.0,3.0,Sports,23.61,1038.0,PayPal,Success,70.83,True
101,31,2024-05-29,Delivered,France,Consumer,2024-11-12,1828.0,49.0,3.0,Sports,23.61,1038.0,PayPal,Success,70.83,True
101,31,2024-05-29,Delivered,France,Consumer,2024-11-12,3814.0,36.0,4.0,Home,216.27,1038.0,PayPal,Success,865.08,True
102,23,2024-03-23,Delivered,Germany,Corporate,2024-11-02,,,,,,1874.0,Card,Success,,True
103,426,2024-04-19,Delivered,France,Consumer,2023-04-30,,,,,,1221.0,Bank Transfer,Success,,True
104,394,2024-10-01,Delivered,Unknown,Small Business,2023-08-10,2061.0,99.0,4.0,Clothing,248.14,532.0,Card,Failed,992.56,False
105,160,2024-07-19,Returned,Italy,Corporate,2024-02-14,185.0,87.0,3.0,Home,195.12,1370.0,Bank Transfer,Success,585.36,False
105,160,2024-07-19,Returned,Italy,Corporate,2024-02-14,1742.0,73.0,2.0,Home,296.33,1370.0,Bank Transfer,Success,592.66,False
105,160,2024-07-19,Returned,Italy,Corporate,2024-02-14,3445.0,67.0,2.0,Clothing,59.19,1370.0,Bank Transfer,Success,118.38,False
105,160,2024-07-19,Returned,Italy,Corporate,2024-02-14,3818.0,54.0,3.0,Home,50.39,1370.0,Bank Transfer,Success,151.17000000000002,False
105,160,2024-07-19,Returned,Italy,Corporate,2024-02-14,4226.0,7.0,2.0,Electronics,499.68,1370.0,Bank Transfer,Success,999.36,False
105,160,2024-07-19,Returned,Italy,Corporate,2024-02-14,4753.0,64.0,4.0,Sports,142.25,1370.0,Bank Transfer,Success,569.0,False
106,363,2024-10-10,Delivered,Unknown,Corporate,2024-11-19,8.0,46.0,3.0,Electronics,9.7,463.0,Bank Transfer,Success,29.099999999999998,True
106,363,2024-10-10,Delivered,Unknown,Corporate,2024-11-19,3408.0,95.0,4.0,Sports,300.65,463.0,Bank Transfer,Success,1202.6,True
106,363,2024-10-10,Delivered,Unknown,Corporate,2024-11-19,4990.0,76.0,3.0,Electronics,302.4,463.0,Bank Transfer,Success,907.1999999999999,True
107,437,2024-06-21,Delivered,Italy,Consumer,2023-03-26,238.0,3.0,4.0,Electronics,30.54,1037.0,Bank Transfer,Success,122.16,True
107,437,2024-06-21,Delivered,Italy,Consumer,2023-03-26,3041.0,23.0,4.0,Sports,185.53,1037.0,Bank Transfer,Success,742.12,True
107,437,2024-06-21,Delivered,Italy,Consumer,2023-03-26,3423.0,8.0,1.0,Electronics,280.12,1037.0,Bank Transfer,Success,280.12,True
107,437,2024-06-21,Delivered,Italy,Consumer,2023-03-26,4799.0,25.0,2.0,Clothing,243.13,1037.0,Bank Transfer,Success,486.26,True
108,158,2024-11-22,Cancelled,Germany,Consumer,2024-10-06,1486.0,95.0,1.0,Sports,300.65,1824.0,Bank Transfer,Success,300.65,False
108,158,2024-11-22,Cancelled,Germany,Consumer,2024-10-06,1844.0,34.0,1.0,Home,370.24,1824.0,Bank Transfer,Success,370.24,False
108,158,2024-11-22,Cancelled,Germany,Consumer,2024-10-06,3094.0,50.0,4.0,Electronics,242.49,1824.0,Bank Transfer,Success,969.96,False
109,39,2024-07-24,Delivered,France,Corporate,2023-02-15,199.0,55.0,3.0,Sports,171.5,859.0,Bank Transfer,Success,514.5,True
109,39,2024-07-24,Delivered,France,Corporate,2023-02-15,3628.0,66.0,4.0,Clothing,27.32,859.0,Bank Transfer,Success,109.28,True
110,415,2024-03-03,Delivered,Spain,Small Business,2023-08-17,2151.0,62.0,1.0,Electronics,359.2,1218.0,Card,Success,359.2,True
111,82,2024-03-13,Delivered,Italy,Corporate,2023-07-11,1772.0,17.0,1.0,Sports,373.81,474.0,Card,Success,373.81,True
111,82,2024-03-13,Delivered,Italy,Corporate,2023-07-11,2394.0,56.0,1.0,Clothing,263.65,474.0,Card,Success,263.65,True
111,82,2024-03-13,Delivered,Italy,Corporate,2023-07-11,3517.0,8.0,4.0,Electronics,280.12,474.0,Card,Success,1120.48,True
111,82,2024-03-13,Delivered,Italy,Corporate,2023-07-11,4798.0,97.0,3.0,Sports,133.82,474.0,Card,Success,401.46,True
112,356,2024-09-07,Delivered,Spain,Small Business,2024-10-23,444.0,24.0,4.0,Clothing,282.54,714.0,PayPal,Success,1130.16,True
112,356,2024-09-07,Delivered,Spain,Small Business,2024-10-23,2162.0,92.0,4.0,Home,316.74,714.0,PayPal,Success,1266.96,True
112,356,2024-09-07,Delivered,Spain,Small Business,2024-10-23,2472.0,59.0,1.0,Home,236.32,714.0,PayPal,Success,236.32,True
112,356,2024-09-07,Delivered,Spain,Small Business,2024-10-23,3389.0,15.0,3.0,Home,213.77,714.0,PayPal,Success,641.3100000000001,True
112,356,2024-09-07,Delivered,Spain,Small Business,2024-10-23,4681.0,97.0,2.0,Sports,133.82,714.0,PayPal,Success,267.64,True
113,258,2024-05-03,Delivered,Germany,Corporate,2023-10-16,4899.0,16.0,3.0,Home,398.69,557.0,PayPal,Success,1196.07,True
114,206,2024-04-30,Delivered,France,Consumer,2023-12-15,2423.0,59.0,2.0,Home,236.32,682.0,Bank Transfer,Success,472.64,True
114,206,2024-04-30,Delivered,France,Consumer,2023-12-15,4846.0,33.0,2.0,Home,332.52,682.0,Bank Transfer,Success,665.04,True
115,77,2024-10-01,Returned,Italy,Corporate,2023-12-29,1603.0,44.0,3.0,Clothing,466.63,808.0,Card,Success,1399.8899999999999,False
115,77,2024-10-01,Returned,Italy,Corporate,2023-12-29,2468.0,64.0,2.0,Sports,142.25,808.0,Card,Success,284.5,False
115,77,2024-10-01,Returned,Italy,Corporate,2023-12-29,2522.0,69.0,3.0,Sports,66.6,808.0,Card,Success,199.79999999999998,False
116,477,2024-04-29,Delivered,France,Corporate,2023-01-04,,,,,,1278.0,PayPal,Success,,True
117,12,2024-11-12,Delivered,Spain,Corporate,2023-07-02,452.0,53.0,3.0,Electronics,202.15,1952.0,PayPal,Success,606.45,True
117,12,2024-11-12,Delivered,Spain,Corporate,2023-07-02,1852.0,23.0,3.0,Sports,185.53,1952.0,PayPal,Success,556.59,True
117,12,2024-11-12,Delivered,Spain,Corporate,2023-07-02,4655.0,9.0,4.0,Home,239.24,1952.0,PayPal,Success,956.96,True
117,12,2024-11-12,Delivered,Spain,Corporate,2023-07-02,4670.0,58.0,2.0,Home,6.66,1952.0,PayPal,Success,13.32,True
118,295,2024-06-12,Delivered,Germany,Consumer,2023-08-06,235.0,35.0,2.0,Sports,262.48,706.0,PayPal,Success,524.96,True
118,295,2024-06-12,Delivered,Germany,Consumer,2023-08-06,2229.0,12.0,1.0,Sports,366.86,706.0,PayPal,Success,366.86,True
118,295,2024-06-12,Delivered,Germany,Consumer,2023-08-06,4813.0,52.0,4.0,Electronics,139.49,706.0,PayPal,Success,557.96,True
119,450,2024-10-12,Delivered,Germany,Corporate,2024-01-31,1654.0,94.0,1.0,Clothing,261.54,366.0,PayPal,Success,261.54,True
120,224,2024-09-21,Delivered,Italy,Consumer,2024-06-09,266.0,66.0,1.0,Clothing,27.32,399.0,PayPal,Success,27.32,True
120,224,2024-09-21,Delivered,Italy,Consumer,2024-06-09,266.0,66.0,1.0,Clothing,27.32,1396.0,PayPal,Success,27.32,True
120,224,2024-09-21,Delivered,Italy,Consumer,2024-06-09,2243.0,40.0,3.0,Electronics,495.22,399.0,PayPal,Success,1485.66,True
120,224,2024-09-21,Delivered,Italy,Consumer,2024-06-09,2243.0,40.0,3.0,Electronics,495.22,1396.0,PayPal,Success,1485.66,True
120,224,2024-09-21,Delivered,Italy,Consumer,2024-06-09,3547.0,53.0,3.0,Electronics,202.15,399.0,PayPal,Success,606.45,True
120,224,2024-09-21,Delivered,Italy,Consumer,2024-06-09,3547.0,53.0,3.0,Electronics,202.15,1396.0,PayPal,Success,606.45,True
120,224,2024-09-21,Delivered,Italy,Consumer,2024-06-09,4493.0,78.0,3.0,Clothing,494.65,399.0,PayPal,Success,1483.9499999999998,True
120,224,2024-09-21,Delivered,Italy,Consumer,2024-06-09,4493.0,78.0,3.0,Clothing,494.65,1396.0,PayPal,Success,1483.9499999999998,True
120,224,2024-09-21,Delivered,Italy,Consumer,2024-06-09,4825.0,12.0,3.0,Sports,366.86,399.0,PayPal,Success,1100.58,True
120,224,2024-09-21,Delivered,Italy,Consumer,2024-06-09,4825.0,12.0,3.0,Sports,366.86,1396.0,PayPal,Success,1100.58,True
121,13,2024-11-15,Delivered,Spain,Small Business,2023-04-05,1383.0,71.0,4.0,Electronics,400.0,89.0,PayPal,Failed,1600.0,False
121,13,2024-11-15,Delivered,Spain,Small Business,2023-04-05,3173.0,55.0,1.0,Sports,171.5,89.0,PayPal,Failed,171.5,False
122,46,2024-06-09,Cancelled,Unknown,Small Business,2023-08-02,462.0,69.0,4.0,Sports,66.6,93.0,PayPal,Success,266.4,False
122,46,2024-06-09,Cancelled,Unknown,Small Business,2023-08-02,3080.0,31.0,2.0,Home,402.97,93.0,PayPal,Success,805.94,False
122,46,2024-06-09,Cancelled,Unknown,Small Business,2023-08-02,4008.0,47.0,1.0,Electronics,31.08,93.0,PayPal,Success,31.08,False
123,155,2024-11-03,Delivered,France,Consumer,2024-03-10,271.0,51.0,2.0,Electronics,292.47,1392.0,Bank Transfer,Success,584.94,True
123,155,2024-11-03,Delivered,France,Consumer,2024-03-10,502.0,91.0,1.0,Electronics,401.38,1392.0,Bank Transfer,Success,401.38,True
123,155,2024-11-03,Delivered,France,Consumer,2024-03-10,743.0,22.0,4.0,Home,326.83,1392.0,Bank Transfer,Success,1307.32,True
124,113,2024-03-29,Delivered,Italy,Small Business,2024-09-04,326.0,77.0,1.0,Electronics,452.34,843.0,PayPal,Success,452.34,True
125,233,2024-05-21,Delivered,Italy,Consumer,2023-08-13,1982.0,88.0,2.0,Sports,23.18,236.0,Card,Success,46.36,True
125,233,2024-05-21,Delivered,Italy,Consumer,2023-08-13,4244.0,85.0,2.0,Sports,64.57,236.0,Card,Success,129.14,True
126,17,2024-07-21,Delivered,Italy,Corporate,2024-11-26,116.0,98.0,3.0,Electronics,260.05,1531.0,PayPal,Success,780.1500000000001,True
126,17,2024-07-21,Delivered,Italy,Corporate,2024-11-26,2906.0,58.0,2.0,Home,6.66,1531.0,PayPal,Success,13.32,True
127,360,2024-11-04,Delivered,Spain,Corporate,2023-02-18,1049.0,84.0,3.0,Clothing,416.17,346.0,Bank Transfer,Failed,1248.51,False
128,223,2024-08-14,Delivered,Germany,Corporate,2024-09-07,1134.0,78.0,4.0,Clothing,494.65,695.0,Card,Success,1978.6,True
129,354,2024-11-29,Delivered,Italy,Corporate,2023-10-12,,,,,,1577.0,Bank Transfer,Success,,True
130,188,2024-08-09,Delivered,Spain,Corporate,2023-11-25,,,,,,809.0,Bank Transfer,Success,,True
131,448,2024-02-10,Delivered,Germany,Small Business,2024-04-15,,,,,,182.0,Bank Transfer,Success,,True
132,344,2024-07-14,Delivered,Germany,Corporate,2024-06-12,604.0,49.0,1.0,Sports,23.61,1922.0,PayPal,Success,23.61,True
132,344,2024-07-14,Delivered,Germany,Corporate,2024-06-12,1791.0,47.0,4.0,Electronics,31.08,1922.0,PayPal,Success,124.32,True
132,344,2024-07-14,Delivered,Germany,Corporate,2024-06-12,2608.0,31.0,4.0,Home,402.97,1922.0,PayPal,Success,1611.88,True
132,344,2024-07-14,Delivered,Germany,Corporate,2024-06-12,3257.0,8.0,2.0,Electronics,280.12,1922.0,PayPal,Success,560.24,True
132,344,2024-07-14,Delivered,Germany,Corporate,2024-06-12,4373.0,17.0,4.0,Sports,373.81,1922.0,PayPal,Success,1495.24,True
133,365,2024-03-08,Delivered,Spain,Corporate,2024-09-21,78.0,14.0,1.0,Electronics,62.06,,,,62.06,False
133,365,2024-03-08,Delivered,Spain,Corporate,2024-09-21,1087.0,84.0,2.0,Clothing,416.17,,,,832.34,False
133,365,2024-03-08,Delivered,Spain,Corporate,2024-09-21,1181.0,60.0,1.0,Home,152.02,,,,152.02,False
133,365,2024-03-08,Delivered,Spain,Corporate,2024-09-21,1269.0,17.0,3.0,Sports,373.81,,,,1121.43,False
133,365,2024-03-08,Delivered,Spain,Corporate,2024-09-21,2271.0,54.0,1.0,Home,50.39,,,,50.39,False
133,365,2024-03-08,Delivered,Spain,Corporate,2024-09-21,2717.0,1.0,2.0,Electronics,325.1,,,,650.2,False
133,365,2024-03-08,Delivered,Spain,Corporate,2024-09-21,4737.0,3.0,3.0,Electronics,30.54,,,,91.62,False
134,163,2024-09-20,Cancelled,Italy,Consumer,2024-06-15,2382.0,99.0,4.0,Clothing,248.14,1957.0,PayPal,Failed,992.56,False
135,496,2024-01-02,Delivered,Spain,Consumer,2024-09-20,981.0,59.0,2.0,Home,236.32,1894.0,PayPal,Failed,472.64,False
136,326,2024-12-26,Delivered,Germany,Consumer,2024-03-06,2323.0,13.0,3.0,Sports,100.34,1078.0,PayPal,Success,301.02,True
136,326,2024-12-26,Delivered,Germany,Consumer,2024-03-06,3324.0,37.0,4.0,Electronics,438.95,1078.0,PayPal,Success,1755.8,True
136,326,2024-12-26,Delivered,Germany,Consumer,2024-03-06,4824.0,16.0,2.0,Home,398.69,1078.0,PayPal,Success,797.38,True
137,467,2024-05-04,Delivered,Italy,Small Business,2024-06-09,1440.0,69.0,1.0,Sports,66.6,634.0,PayPal,Failed,66.6,False
138,414,2024-04-19,Delivered,France,Small Business,2023-08-27,883.0,90.0,3.0,Electronics,413.97,230.0,Card,Success,1241.91,True
138,414,2024-04-19,Delivered,France,Small Business,2023-08-27,2549.0,85.0,3.0,Sports,64.57,230.0,Card,Success,193.70999999999998,True
139,455,2024-03-26,Delivered,Unknown,Small Business,2023-02-22,356.0,86.0,1.0,Sports,28.24,756.0,Bank Transfer,Success,28.24,True
139,455,2024-03-26,Delivered,Unknown,Small Business,2023-02-22,1428.0,79.0,2.0,Electronics,372.96,756.0,Bank Transfer,Success,745.92,True
140,74,2024-04-29,Delivered,Germany,Small Business,2023-01-07,,,,,,697.0,Card,Success,,True
141,233,2024-05-06,Delivered,Italy,Consumer,2023-08-13,355.0,75.0,1.0,Electronics,442.68,,,,442.68,False
142,224,2024-09-11,Returned,Italy,Consumer,2024-06-09,15.0,77.0,3.0,Electronics,452.34,617.0,Bank Transfer,Failed,1357.02,False
142,224,2024-09-11,Returned,Italy,Consumer,2024-06-09,2864.0,95.0,3.0,Sports,300.65,617.0,Bank Transfer,Failed,901.9499999999999,False
142,224,2024-09-11,Returned,Italy,Consumer,2024-06-09,3268.0,93.0,2.0,Electronics,112.08,617.0,Bank Transfer,Failed,224.16,False
142,224,2024-09-11,Returned,Italy,Consumer,2024-06-09,3639.0,90.0,4.0,Electronics,413.97,617.0,Bank Transfer,Failed,1655.88,False
143,482,2024-07-01,Delivered,Germany,Corporate,2024-09-01,786.0,91.0,2.0,Electronics,401.38,667.0,Card,Success,802.76,True
143,482,2024-07-01,Delivered,Germany,Corporate,2024-09-01,2349.0,68.0,4.0,Clothing,198.86,667.0,Card,Success,795.44,True
143,482,2024-07-01,Delivered,Germany,Corporate,2024-09-01,3963.0,38.0,1.0,Clothing,211.67,667.0,Card,Success,211.67,True
144,319,2024-01-16,Delivered,Spain,Consumer,2024-09-13,569.0,10.0,4.0,Sports,159.86,513.0,Bank Transfer,Success,639.44,True
144,319,2024-01-16,Delivered,Spain,Consumer,2024-09-13,2492.0,50.0,3.0,Electronics,242.49,513.0,Bank Transfer,Success,727.47,True
144,319,2024-01-16,Delivered,Spain,Consumer,2024-09-13,4464.0,74.0,3.0,Home,491.25,513.0,Bank Transfer,Success,1473.75,True
145,412,2024-03-02,Delivered,Italy,Corporate,2023-11-24,1190.0,11.0,4.0,Home,64.66,1617.0,Card,Success,258.64,True
146,60,2024-06-06,Cancelled,France,Corporate,2023-10-30,1448.0,17.0,1.0,Sports,373.81,1144.0,Card,Success,373.81,False
147,335,2024-09-24,Delivered,Germany,Small Business,2023-09-01,129.0,33.0,1.0,Home,332.52,1556.0,Bank Transfer,Success,332.52,True
147,335,2024-09-24,Delivered,Germany,Small Business,2023-09-01,461.0,19.0,4.0,Clothing,230.3,1556.0,Bank Transfer,Success,921.2,True
147,335,2024-09-24,Delivered,Germany,Small Business,2023-09-01,3165.0,16.0,2.0,Home,398.69,1556.0,Bank Transfer,Success,797.38,True
148,222,2024-02-04,Delivered,Spain,Consumer,2023-10-22,102.0,90.0,4.0,Electronics,413.97,1943.0,PayPal,Success,1655.88,True
148,222,2024-02-04,Delivered,Spain,Consumer,2023-10-22,4316.0,35.0,4.0,Sports,262.48,1943.0,PayPal,Success,1049.92,True
149,37,2024-09-23,Delivered,Italy,Consumer,2024-06-07,260.0,95.0,4.0,Sports,300.65,1949.0,Card,Success,1202.6,True
149,37,2024-09-23,Delivered,Italy,Consumer,2024-06-07,1381.0,48.0,2.0,Electronics,48.83,1949.0,Card,Success,97.66,True
149,37,2024-09-23,Delivered,Italy,Consumer,2024-06-07,2440.0,50.0,4.0,Electronics,242.49,1949.0,Card,Success,969.96,True
149,37,2024-09-23,Delivered,Italy,Consumer,2024-06-07,4249.0,86.0,3.0,Sports,28.24,1949.0,Card,Success,84.72,True
149,37,2024-09-23,Delivered,Italy,Consumer,2024-06-07,4332.0,13.0,3.0,Sports,100.34,1949.0,Card,Success,301.02,True
150,477,2024-03-04,Delivered,France,Corporate,2023-01-04,4594.0,30.0,2.0,Sports,288.35,116.0,PayPal,Success,576.7,True
151,278,2024-02-19,Delivered,Germany,Corporate,2023-05-10,4203.0,9.0,3.0,Home,239.24,986.0,Bank Transfer,Success,717.72,True
151,278,2024-02-19,Delivered,Germany,Corporate,2023-05-10,4678.0,18.0,1.0,Home,32.17,986.0,Bank Transfer,Success,32.17,True
152,196,2024-09-11,Returned,Germany,Corporate,2023-11-30,2966.0,31.0,2.0,Home,402.97,1910.0,Bank Transfer,Success,805.94,False
152,196,2024-09-11,Returned,Germany,Corporate,2023-11-30,3579.0,88.0,4.0,Sports,23.18,1910.0,Bank Transfer,Success,92.72,False
153,404,2024-05-28,Delivered,France,Small Business,2023-02-24,4133.0,49.0,1.0,Sports,23.61,59.0,Bank Transfer,Success,23.61,True
154,352,2024-11-20,Returned,France,Consumer,2023-06-10,765.0,39.0,1.0,Home,233.66,1140.0,PayPal,Success,233.66,False
154,352,2024-11-20,Returned,France,Consumer,2023-06-10,3955.0,91.0,4.0,Electronics,401.38,1140.0,PayPal,Success,1605.52,False
155,484,2024-10-30,Delivered,Germany,Small Business,2023-05-26,918.0,49.0,3.0,Sports,23.61,721.0,Card,Success,70.83,True
155,484,2024-10-30,Delivered,Germany,Small Business,2023-05-26,1601.0,41.0,3.0,Home,5.12,721.0,Card,Success,15.36,True
155,484,2024-10-30,Delivered,Germany,Small Business,2023-05-26,1625.0,60.0,3.0,Home,152.02,721.0,Card,Success,456.06000000000006,True
155,484,2024-10-30,Delivered,Germany,Small Business,2023-05-26,3427.0,3.0,4.0,Electronics,30.54,721.0,Card,Success,122.16,True
156,242,2024-10-02,Delivered,Spain,Small Business,2023-06-28,2681.0,28.0,3.0,Electronics,223.31,654.0,Bank Transfer,Success,669.9300000000001,True
156,242,2024-10-02,Delivered,Spain,Small Business,2023-06-28,4664.0,21.0,2.0,Home,324.05,654.0,Bank Transfer,Success,648.1,True
156,242,2024-10-02,Delivered,Spain,Small Business,2023-06-28,4776.0,80.0,2.0,Home,37.17,654.0,Bank Transfer,Success,74.34,True
157,324,2024-12-22,Delivered,Germany,Small Business,2024-01-06,1497.0,14.0,3.0,Electronics,62.06,1405.0,Card,Failed,186.18,False
157,324,2024-12-22,Delivered,Germany,Small Business,2024-01-06,2015.0,77.0,3.0,Electronics,452.34,1405.0,Card,Failed,1357.02,False
158,219,2024-06-20,Delivered,Unknown,Small Business,2023-03-30,1057.0,18.0,4.0,Home,32.17,1026.0,PayPal,Success,128.68,True
158,219,2024-06-20,Delivered,Unknown,Small Business,2023-03-30,1518.0,98.0,4.0,Electronics,260.05,1026.0,PayPal,Success,1040.2,True
158,219,2024-06-20,Delivered,Unknown,Small Business,2023-03-30,3056.0,88.0,1.0,Sports,23.18,1026.0,PayPal,Success,23.18,True
158,219,2024-06-20,Delivered,Unknown,Small Business,2023-03-30,4081.0,29.0,2.0,Clothing,205.22,1026.0,PayPal,Success,410.44,True
159,192,2024-07-19,Cancelled,Spain,Consumer,2023-04-05,2390.0,17.0,1.0,Sports,373.81,49.0,Bank Transfer,Success,373.81,False
160,17,2024-11-19,Returned,Italy,Corporate,2024-11-26,946.0,81.0,4.0,Electronics,203.78,1974.0,Card,Success,815.12,False
160,17,2024-11-19,Returned,Italy,Corporate,2024-11-26,2264.0,7.0,3.0,Electronics,499.68,1974.0,Card,Success,1499.04,False
160,17,2024-11-19,Returned,Italy,Corporate,2024-11-26,2594.0,21.0,3.0,Home,324.05,1974.0,Card,Success,972.1500000000001,False
161,12,2024-02-04,Cancelled,Spain,Corporate,2023-07-02,3106.0,54.0,4.0,Home,50.39,792.0,PayPal,Success,201.56,False
161,12,2024-02-04,Cancelled,Spain,Corporate,2023-07-02,4687.0,86.0,4.0,Sports,28.24,792.0,PayPal,Success,112.96,False
162,406,2024-08-03,Delivered,Italy,Corporate,2023-06-27,3157.0,18.0,3.0,Home,32.17,1453.0,Card,Success,96.51,True
162,406,2024-08-03,Delivered,Italy,Corporate,2023-06-27,4711.0,49.0,3.0,Sports,23.61,1453.0,Card,Success,70.83,True
162,406,2024-08-03,Delivered,Italy,Corporate,2023-06-27,4930.0,50.0,3.0,Electronics,242.49,1453.0,Card,Success,727.47,True
163,401,2024-03-05,Delivered,Unknown,Small Business,2023-06-11,1002.0,6.0,2.0,Clothing,296.19,1855.0,PayPal,Success,592.38,True
164,394,2024-01-08,Delivered,Unknown,Small Business,2023-08-10,,,,,,114.0,PayPal,Success,,True
165,374,2024-10-27,Returned,Italy,Consumer,2024-03-10,2981.0,23.0,1.0,Sports,185.53,1813.0,PayPal,Success,185.53,False
166,193,2024-12-08,Delivered,France,Small Business,2024-08-03,675.0,62.0,2.0,Electronics,359.2,1345.0,Bank Transfer,Success,718.4,True
166,193,2024-12-08,Delivered,France,Small Business,2024-08-03,991.0,71.0,1.0,Electronics,400.0,1345.0,Bank Transfer,Success,400.0,True
166,193,2024-12-08,Delivered,France,Small Business,2024-08-03,1509.0,96.0,3.0,Clothing,264.89,1345.0,Bank Transfer,Success,794.67,True
167,22,2024-11-27,Delivered,France,Corporate,2023-04-03,644.0,7.0,2.0,Electronics,499.68,1085.0,PayPal,Success,999.36,True
167,22,2024-11-27,Delivered,France,Corporate,2023-04-03,1250.0,42.0,4.0,Clothing,96.81,1085.0,PayPal,Success,387.24,True
167,22,2024-11-27,Delivered,France,Corporate,2023-04-03,1413.0,18.0,4.0,Home,32.17,1085.0,PayPal,Success,128.68,True
167,22,2024-11-27,Delivered,France,Corporate,2023-04-03,3801.0,41.0,2.0,Home,5.12,1085.0,PayPal,Success,10.24,True
168,474,2024-03-16,Delivered,Italy,Small Business,2023-10-05,2512.0,85.0,3.0,Sports,64.57,1142.0,Card,Success,193.70999999999998,True
168,474,2024-03-16,Delivered,Italy,Small Business,2023-10-05,4344.0,51.0,1.0,Electronics,292.47,1142.0,Card,Success,292.47,True
169,120,2024-06-22,Delivered,France,Corporate,2024-01-12,3576.0,97.0,4.0,Sports,133.82,1126.0,Bank Transfer,Success,535.28,True
169,120,2024-06-22,Delivered,France,Corporate,2024-01-12,4088.0,22.0,2.0,Home,326.83,1126.0,Bank Transfer,Success,653.66,True
169,120,2024-06-22,Delivered,France,Corporate,2024-01-12,4605.0,23.0,3.0,Sports,185.53,1126.0,Bank Transfer,Success,556.59,True
170,210,2024-02-16,Returned,France,Corporate,2023-06-14,,,,,,422.0,PayPal,Success,,False
171,306,2024-01-15,Delivered,France,Small Business,2023-05-07,2741.0,83.0,1.0,Sports,119.13,902.0,Card,Success,119.13,True
171,306,2024-01-15,Delivered,France,Small Business,2023-05-07,4964.0,54.0,3.0,Home,50.39,902.0,Card,Success,151.17000000000002,True
172,270,2024-12-26,Delivered,Spain,Corporate,2023-01-15,1058.0,41.0,1.0,Home,5.12,60.0,PayPal,Success,5.12,True
172,270,2024-12-26,Delivered,Spain,Corporate,2023-01-15,1620.0,67.0,4.0,Clothing,59.19,60.0,PayPal,Success,236.76,True
172,270,2024-12-26,Delivered,Spain,Corporate,2023-01-15,2180.0,67.0,3.0,Clothing,59.19,60.0,PayPal,Success,177.57,True
172,270,2024-12-26,Delivered,Spain,Corporate,2023-01-15,4074.0,39.0,2.0,Home,233.66,60.0,PayPal,Success,467.32,True
172,270,2024-12-26,Delivered,Spain,Corporate,2023-01-15,4334.0,18.0,3.0,Home,32.17,60.0,PayPal,Success,96.51,True
173,192,2024-05-26,Delivered,Spain,Consumer,2023-04-05,665.0,65.0,1.0,Home,455.62,788.0,PayPal,Success,455.62,True
173,192,2024-05-26,Delivered,Spain,Consumer,2023-04-05,2786.0,34.0,4.0,Home,370.24,788.0,PayPal,Success,1480.96,True
174,175,2024-01-26,Delivered,Italy,Small Business,2024-11-03,3012.0,100.0,3.0,Electronics,498.19,7.0,Bank Transfer,Success,1494.57,True
175,285,2024-11-03,Delivered,Germany,Consumer,2024-10-21,1186.0,79.0,4.0,Electronics,372.96,,,,1491.84,False
175,285,2024-11-03,Delivered,Germany,Consumer,2024-10-21,1809.0,56.0,3.0,Clothing,263.65,,,,790.9499999999999,False
175,285,2024-11-03,Delivered,Germany,Consumer,2024-10-21,2847.0,26.0,1.0,Electronics,443.07,,,,443.07,False
175,285,2024-11-03,Delivered,Germany,Consumer,2024-10-21,3589.0,8.0,3.0,Electronics,280.12,,,,840.36,False
175,285,2024-11-03,Delivered,Germany,Consumer,2024-10-21,4958.0,38.0,4.0,Clothing,211.67,,,,846.68,False
176,204,2024-04-02,Delivered,France,Corporate,2023-11-16,2543.0,22.0,2.0,Home,326.83,736.0,Bank Transfer,Success,653.66,True
176,204,2024-04-02,Delivered,France,Corporate,2023-11-16,4408.0,49.0,1.0,Sports,23.61,736.0,Bank Transfer,Success,23.61,True
177,164,2024-08-19,Cancelled,Italy,Consumer,2023-04-23,3685.0,24.0,1.0,Clothing,282.54,1707.0,Bank Transfer,Success,282.54,False
177,164,2024-08-19,Cancelled,Italy,Consumer,2023-04-23,4423.0,14.0,3.0,Electronics,62.06,1707.0,Bank Transfer,Success,186.18,False
178,251,2024-01-21,Returned,Germany,Consumer,2023-08-19,3898.0,1.0,1.0,Electronics,325.1,419.0,Card,Failed,325.1,False
178,251,2024-01-21,Returned,Germany,Consumer,2023-08-19,4748.0,16.0,4.0,Home,398.69,419.0,Card,Failed,1594.76,False
179,227,2024-11-02,Delivered,France,Consumer,2024-02-26,843.0,97.0,4.0,Sports,133.82,1944.0,PayPal,Success,535.28,True
179,227,2024-11-02,Delivered,France,Consumer,2024-02-26,1532.0,23.0,4.0,Sports,185.53,1944.0,PayPal,Success,742.12,True
180,436,2024-02-07,Delivered,Italy,Corporate,2023-05-31,223.0,20.0,1.0,Clothing,263.61,1461.0,Card,Success,263.61,True
180,436,2024-02-07,Delivered,Italy,Corporate,2023-05-31,1941.0,76.0,4.0,Electronics,302.4,1461.0,Card,Success,1209.6,True
180,436,2024-02-07,Delivered,Italy,Corporate,2023-05-31,3709.0,57.0,1.0,Electronics,367.47,1461.0,Card,Success,367.47,True
181,381,2024-10-02,Returned,Italy,Corporate,2024-04-21,1301.0,1.0,3.0,Electronics,325.1,1618.0,PayPal,Success,975.3000000000001,False
181,381,2024-10-02,Returned,Italy,Corporate,2024-04-21,1496.0,52.0,4.0,Electronics,139.49,1618.0,PayPal,Success,557.96,False
181,381,2024-10-02,Returned,Italy,Corporate,2024-04-21,1696.0,28.0,2.0,Electronics,223.31,1618.0,PayPal,Success,446.62,False
182,460,2024-06-05,Delivered,Spain,Corporate,2024-08-15,2916.0,42.0,3.0,Clothing,96.81,1643.0,PayPal,Success,290.43,True
183,7,2024-06-27,Delivered,France,Corporate,2023-07-24,3248.0,58.0,1.0,Home,6.66,112.0,Bank Transfer,Success,6.66,True
184,29,2024-05-11,Delivered,Italy,Corporate,2024-04-10,4166.0,35.0,1.0,Sports,262.48,560.0,Bank Transfer,Success,262.48,True
185,395,2024-11-06,Delivered,Spain,Consumer,2024-11-08,2475.0,60.0,2.0,Home,152.02,15.0,PayPal,Success,304.04,True
185,395,2024-11-06,Delivered,Spain,Consumer,2024-11-08,3081.0,69.0,4.0,Sports,66.6,15.0,PayPal,Success,266.4,True
185,395,2024-11-06,Delivered,Spain,Consumer,2024-11-08,3652.0,72.0,4.0,Sports,133.2,15.0,PayPal,Success,532.8,True
185,395,2024-11-06,Delivered,Spain,Consumer,2024-11-08,3793.0,35.0,1.0,Sports,262.48,15.0,PayPal,Success,262.48,True
185,395,2024-11-06,Delivered,Spain,Consumer,2024-11-08,4872.0,78.0,4.0,Clothing,494.65,15.0,PayPal,Success,1978.6,True
186,33,2024-12-13,Delivered,Italy,Small Business,2024-02-09,1934.0,75.0,2.0,Electronics,442.68,701.0,Bank Transfer,Success,885.36,True
186,33,2024-12-13,Delivered,Italy,Small Business,2024-02-09,4697.0,39.0,2.0,Home,233.66,701.0,Bank Transfer,Success,467.32,True
187,134,2024-01-28,Returned,France,Corporate,2023-05-17,350.0,3.0,3.0,Electronics,30.54,519.0,Bank Transfer,Success,91.62,False
187,134,2024-01-28,Returned,France,Corporate,2023-05-17,1636.0,1.0,2.0,Electronics,325.1,519.0,Bank Transfer,Success,650.2,False
187,134,2024-01-28,Returned,France,Corporate,2023-05-17,1798.0,34.0,4.0,Home,370.24,519.0,Bank Transfer,Success,1480.96,False
188,367,2024-09-16,Delivered,Germany,Consumer,2024-04-20,865.0,12.0,4.0,Sports,366.86,558.0,PayPal,Success,1467.44,True
188,367,2024-09-16,Delivered,Germany,Consumer,2024-04-20,2704.0,42.0,4.0,Clothing,96.81,558.0,PayPal,Success,387.24,True
189,79,2024-03-16,Delivered,Spain,Small Business,2023-10-01,547.0,69.0,2.0,Sports,66.6,1663.0,Card,Success,133.2,True
189,79,2024-03-16,Delivered,Spain,Small Business,2023-10-01,4080.0,41.0,1.0,Home,5.12,1663.0,Card,Success,5.12,True
190,416,2024-03-07,Delivered,France,Consumer,2024-08-01,1077.0,67.0,2.0,Clothing,59.19,1212.0,PayPal,Success,118.38,True
191,435,2024-12-07,Delivered,Italy,Consumer,2024-11-03,3636.0,23.0,1.0,Sports,185.53,596.0,PayPal,Success,185.53,True
191,435,2024-12-07,Delivered,Italy,Consumer,2024-11-03,4187.0,52.0,1.0,Electronics,139.49,596.0,PayPal,Success,139.49,True
191,435,2024-12-07,Delivered,Italy,Consumer,2024-11-03,4315.0,12.0,1.0,Sports,366.86,596.0,PayPal,Success,366.86,True
191,435,2024-12-07,Delivered,Italy,Consumer,2024-11-03,4838.0,1.0,2.0,Electronics,325.1,596.0,PayPal,Success,650.2,True
192,459,2024-07-12,Delivered,Spain,Consumer,2023-10-07,237.0,34.0,3.0,Home,370.24,281.0,Bank Transfer,Success,1110.72,True
192,459,2024-07-12,Delivered,Spain,Consumer,2023-10-07,3948.0,94.0,3.0,Clothing,261.54,281.0,Bank Transfer,Success,784.6200000000001,True
192,459,2024-07-12,Delivered,Spain,Consumer,2023-10-07,4004.0,73.0,4.0,Home,296.33,281.0,Bank Transfer,Success,1185.32,True
193,58,2024-06-10,Delivered,France,Corporate,2023-09-10,3507.0,54.0,2.0,Home,50.39,62.0,PayPal,Success,100.78,True
193,58,2024-06-10,Delivered,France,Corporate,2023-09-10,3910.0,57.0,2.0,Electronics,367.47,62.0,PayPal,Success,734.94,True
193,58,2024-06-10,Delivered,France,Corporate,2023-09-10,4210.0,100.0,4.0,Electronics,498.19,62.0,PayPal,Success,1992.76,True
194,471,2024-12-12,Delivered,France,Corporate,2023-10-08,3055.0,13.0,4.0,Sports,100.34,1333.0,Card,Success,401.36,True
194,471,2024-12-12,Delivered,France,Corporate,2023-10-08,4140.0,95.0,1.0,Sports,300.65,1333.0,Card,Success,300.65,True
195,26,2024-12-26,Delivered,Germany,Consumer,2023-02-20,1016.0,56.0,1.0,Clothing,263.65,1683.0,Bank Transfer,Success,263.65,True
196,482,2024-09-13,Returned,Germany,Corporate,2024-09-01,2928.0,7.0,4.0,Electronics,499.68,1678.0,Card,Success,1998.72,False
196,482,2024-09-13,Returned,Germany,Corporate,2024-09-01,2970.0,31.0,4.0,Home,402.97,1678.0,Card,Success,1611.88,False
197,430,2024-03-12,Cancelled,Italy,Consumer,2023-06-14,1103.0,76.0,4.0,Electronics,302.4,212.0,Card,Success,1209.6,False
198,226,2024-03-27,Delivered,Germany,Corporate,2024-09-28,4212.0,16.0,2.0,Home,398.69,1423.0,Card,Success,797.38,True
199,285,2024-09-18,Delivered,Germany,Consumer,2024-10-21,4101.0,61.0,4.0,Clothing,427.15,935.0,Card,Success,1708.6,True
200,4,2024-08-01,Delivered,Spain,Small Business,2024-06-29,1872.0,36.0,3.0,Home,216.27,651.0,Bank Transfer,Failed,648.8100000000001,False
200,4,2024-08-01,Delivered,Spain,Small Business,2024-06-29,3234.0,58.0,3.0,Home,6.66,651.0,Bank Transfer,Failed,19.98,False
201,465,2024-06-01,Delivered,Italy,Small Business,2023-04-25,,,,,,425.0,Card,Success,,True
202,99,2024-07-28,Delivered,Germany,Consumer,2023-03-08,979.0,93.0,4.0,Electronics,112.08,1536.0,Bank Transfer,Success,448.32,True
202,99,2024-07-28,Delivered,Germany,Consumer,2023-03-08,1344.0,95.0,4.0,Sports,300.65,1536.0,Bank Transfer,Success,1202.6,True
202,99,2024-07-28,Delivered,Germany,Consumer,2023-03-08,3142.0,42.0,3.0,Clothing,96.81,1536.0,Bank Transfer,Success,290.43,True
202,99,2024-07-28,Delivered,Germany,Consumer,2023-03-08,3931.0,96.0,3.0,Clothing,264.89,1536.0,Bank Transfer,Success,794.67,True
203,397,2024-03-01,Delivered,Italy,Consumer,2023-09-21,311.0,22.0,1.0,Home,326.83,627.0,Card,Success,326.83,True
203,397,2024-03-01,Delivered,Italy,Consumer,2023-09-21,3980.0,34.0,1.0,Home,370.24,627.0,Card,Success,370.24,True
204,489,2024-09-24,Delivered,France,Corporate,2023-02-03,177.0,59.0,2.0,Home,236.32,958.0,Card,Success,472.64,True
204,489,2024-09-24,Delivered,France,Corporate,2023-02-03,692.0,66.0,2.0,Clothing,27.32,958.0,Card,Success,54.64,True
204,489,2024-09-24,Delivered,France,Corporate,2023-02-03,4048.0,32.0,4.0,Sports,271.51,958.0,Card,Success,1086.04,True
205,39,2024-09-18,Cancelled,France,Corporate,2023-02-15,3.0,29.0,3.0,Clothing,205.22,779.0,PayPal,Success,615.66,False
205,39,2024-09-18,Cancelled,France,Corporate,2023-02-15,360.0,88.0,4.0,Sports,23.18,779.0,PayPal,Success,92.72,False
205,39,2024-09-18,Cancelled,France,Corporate,2023-02-15,2265.0,8.0,3.0,Electronics,280.12,779.0,PayPal,Success,840.36,False
206,271,2024-08-05,Cancelled,Germany,Corporate,2023-06-06,2305.0,3.0,3.0,Electronics,30.54,97.0,Bank Transfer,Success,91.62,False
207,375,2024-10-09,Returned,France,Consumer,2023-11-14,340.0,2.0,3.0,Home,348.12,1310.0,Bank Transfer,Success,1044.3600000000001,False
207,375,2024-10-09,Returned,France,Consumer,2023-11-14,1577.0,29.0,1.0,Clothing,205.22,1310.0,Bank Transfer,Success,205.22,False
207,375,2024-10-09,Returned,France,Consumer,2023-11-14,2471.0,17.0,4.0,Sports,373.81,1310.0,Bank Transfer,Success,1495.24,False
207,375,2024-10-09,Returned,France,Consumer,2023-11-14,4469.0,83.0,4.0,Sports,119.13,1310.0,Bank Transfer,Success,476.52,False
208,285,2024-05-15,Delivered,Germany,Consumer,2024-10-21,686.0,68.0,3.0,Clothing,198.86,1981.0,Bank Transfer,Success,596.58,True
208,285,2024-05-15,Delivered,Germany,Consumer,2024-10-21,1072.0,80.0,2.0,Home,37.17,1981.0,Bank Transfer,Success,74.34,True
208,285,2024-05-15,Delivered,Germany,Consumer,2024-10-21,1219.0,19.0,2.0,Clothing,230.3,1981.0,Bank Transfer,Success,460.6,True
208,285,2024-05-15,Delivered,Germany,Consumer,2024-10-21,4736.0,66.0,1.0,Clothing,27.32,1981.0,Bank Transfer,Success,27.32,True
209,157,2024-12-27,Delivered,Spain,Corporate,2023-10-27,2213.0,16.0,3.0,Home,398.69,1969.0,Bank Transfer,Success,1196.07,True
209,157,2024-12-27,Delivered,Spain,Corporate,2023-10-27,2330.0,3.0,2.0,Electronics,30.54,1969.0,Bank Transfer,Success,61.08,True
209,157,2024-12-27,Delivered,Spain,Corporate,2023-10-27,4765.0,95.0,3.0,Sports,300.65,1969.0,Bank Transfer,Success,901.9499999999999,True
210,75,2024-04-02,Delivered,France,Corporate,2023-01-03,762.0,35.0,3.0,Sports,262.48,197.0,PayPal,Success,787.44,True
210,75,2024-04-02,Delivered,France,Corporate,2023-01-03,1806.0,7.0,1.0,Electronics,499.68,197.0,PayPal,Success,499.68,True
210,75,2024-04-02,Delivered,France,Corporate,2023-01-03,4054.0,35.0,2.0,Sports,262.48,197.0,PayPal,Success,524.96,True
211,372,2024-04-18,Delivered,Italy,Consumer,2023-05-21,1411.0,33.0,3.0,Home,332.52,104.0,PayPal,Success,997.56,True
211,372,2024-04-18,Delivered,Italy,Consumer,2023-05-21,4181.0,96.0,2.0,Clothing,264.89,104.0,PayPal,Success,529.78,True
212,288,2024-08-28,Delivered,France,Small Business,2024-07-03,4540.0,11.0,2.0,Home,64.66,585.0,Card,Success,129.32,True
213,130,2024-12-20,Delivered,Unknown,Corporate,2024-03-21,559.0,27.0,3.0,Sports,267.48,1903.0,Bank Transfer,Success,802.44,True
213,130,2024-12-20,Delivered,Unknown,Corporate,2024-03-21,756.0,73.0,4.0,Home,296.33,1903.0,Bank Transfer,Success,1185.32,True
213,130,2024-12-20,Delivered,Unknown,Corporate,2024-03-21,3945.0,29.0,1.0,Clothing,205.22,1903.0,Bank Transfer,Success,205.22,True
214,175,2024-05-21,Delivered,Italy,Small Business,2024-11-03,433.0,12.0,4.0,Sports,366.86,853.0,PayPal,Success,1467.44,True
214,175,2024-05-21,Delivered,Italy,Small Business,2024-11-03,4431.0,10.0,3.0,Sports,159.86,853.0,PayPal,Success,479.58000000000004,True
215,462,2024-10-17,Cancelled,France,Small Business,2024-09-23,1594.0,6.0,1.0,Clothing,296.19,1514.0,Card,Success,296.19,False
215,462,2024-10-17,Cancelled,France,Small Business,2024-09-23,2982.0,40.0,1.0,Electronics,495.22,1514.0,Card,Success,495.22,False
215,462,2024-10-17,Cancelled,France,Small Business,2024-09-23,3049.0,7.0,2.0,Electronics,499.68,1514.0,Card,Success,999.36,False
216,84,2024-08-24,Delivered,Italy,Corporate,2024-04-29,515.0,62.0,1.0,Electronics,359.2,1413.0,PayPal,Success,359.2,True
216,84,2024-08-24,Delivered,Italy,Corporate,2024-04-29,4995.0,28.0,1.0,Electronics,223.31,1413.0,PayPal,Success,223.31,True
217,22,2024-12-05,Delivered,France,Corporate,2023-04-03,924.0,20.0,4.0,Clothing,263.61,1766.0,Bank Transfer,Failed,1054.44,False
217,22,2024-12-05,Delivered,France,Corporate,2023-04-03,2116.0,6.0,1.0,Clothing,296.19,1766.0,Bank Transfer,Failed,296.19,False
217,22,2024-12-05,Delivered,France,Corporate,2023-04-03,2912.0,49.0,3.0,Sports,23.61,1766.0,Bank Transfer,Failed,70.83,False
217,22,2024-12-05,Delivered,France,Corporate,2023-04-03,2969.0,5.0,3.0,Home,26.86,1766.0,Bank Transfer,Failed,80.58,False
217,22,2024-12-05,Delivered,France,Corporate,2023-04-03,4450.0,78.0,3.0,Clothing,494.65,1766.0,Bank Transfer,Failed,1483.9499999999998,False
217,22,2024-12-05,Delivered,France,Corporate,2023-04-03,4631.0,2.0,2.0,Home,348.12,1766.0,Bank Transfer,Failed,696.24,False
218,459,2024-11-07,Delivered,Spain,Consumer,2023-10-07,2485.0,33.0,2.0,Home,332.52,690.0,Card,Failed,665.04,False
219,27,2024-06-25,Delivered,Germany,Consumer,2024-02-07,3216.0,97.0,1.0,Sports,133.82,1061.0,Card,Failed,133.82,False
219,27,2024-06-25,Delivered,Germany,Consumer,2024-02-07,4252.0,61.0,3.0,Clothing,427.15,1061.0,Card,Failed,1281.4499999999998,False
220,195,2024-05-20,Delivered,Spain,Consumer,2023-08-24,1756.0,5.0,1.0,Home,26.86,297.0,PayPal,Success,26.86,True
220,195,2024-05-20,Delivered,Spain,Consumer,2023-08-24,3476.0,61.0,3.0,Clothing,427.15,297.0,PayPal,Success,1281.4499999999998,True
220,195,2024-05-20,Delivered,Spain,Consumer,2023-08-24,4668.0,16.0,1.0,Home,398.69,297.0,PayPal,Success,398.69,True
221,337,2024-07-07,Delivered,France,Corporate,2024-08-24,2478.0,64.0,1.0,Sports,142.25,929.0,Bank Transfer,Success,142.25,True
221,337,2024-07-07,Delivered,France,Corporate,2024-08-24,2699.0,13.0,3.0,Sports,100.34,929.0,Bank Transfer,Success,301.02,True
221,337,2024-07-07,Delivered,France,Corporate,2024-08-24,2812.0,1.0,2.0,Electronics,325.1,929.0,Bank Transfer,Success,650.2,True
221,337,2024-07-07,Delivered,France,Corporate,2024-08-24,4755.0,85.0,3.0,Sports,64.57,929.0,Bank Transfer,Success,193.70999999999998,True
222,382,2024-02-18,Delivered,Germany,Corporate,2023-10-13,1905.0,37.0,2.0,Electronics,438.95,1909.0,PayPal,Success,877.9,True
222,382,2024-02-18,Delivered,Germany,Corporate,2023-10-13,4674.0,6.0,1.0,Clothing,296.19,1909.0,PayPal,Success,296.19,True
223,236,2024-10-28,Delivered,Italy,Consumer,2023-04-14,803.0,7.0,4.0,Electronics,499.68,769.0,PayPal,Success,1998.72,True
223,236,2024-10-28,Delivered,Italy,Consumer,2023-04-14,842.0,44.0,4.0,Clothing,466.63,769.0,PayPal,Success,1866.52,True
223,236,2024-10-28,Delivered,Italy,Consumer,2023-04-14,4857.0,84.0,1.0,Clothing,416.17,769.0,PayPal,Success,416.17,True
224,440,2024-07-08,Delivered,Spain,Small Business,2024-01-16,1939.0,8.0,2.0,Electronics,280.12,699.0,PayPal,Success,560.24,True
225,92,2024-05-15,Delivered,Italy,Consumer,2024-06-20,923.0,100.0,1.0,Electronics,498.19,1335.0,Bank Transfer,Success,498.19,True
226,477,2024-02-12,Delivered,France,Corporate,2023-01-04,374.0,7.0,3.0,Electronics,499.68,64.0,PayPal,Success,1499.04,True
227,21,2024-12-18,Returned,Germany,Small Business,2024-10-28,3100.0,51.0,1.0,Electronics,292.47,362.0,PayPal,Success,292.47,False
228,303,2024-03-30,Delivered,Spain,Small Business,2023-12-22,886.0,20.0,2.0,Clothing,263.61,465.0,Card,Success,527.22,True
228,303,2024-03-30,Delivered,Spain,Small Business,2023-12-22,1239.0,96.0,3.0,Clothing,264.89,465.0,Card,Success,794.67,True
229,464,2024-10-21,Delivered,France,Consumer,2023-05-08,109.0,25.0,3.0,Clothing,243.13,1249.0,Bank Transfer,Success,729.39,True
229,464,2024-10-21,Delivered,France,Consumer,2023-05-08,1164.0,55.0,4.0,Sports,171.5,1249.0,Bank Transfer,Success,686.0,True
230,357,2024-12-06,Delivered,Germany,Consumer,2024-10-27,420.0,3.0,1.0,Electronics,30.54,704.0,Bank Transfer,Success,30.54,True
230,357,2024-12-06,Delivered,Germany,Consumer,2024-10-27,3897.0,26.0,4.0,Electronics,443.07,704.0,Bank Transfer,Success,1772.28,True
231,443,2024-09-01,Returned,France,Corporate,2024-11-30,1600.0,44.0,2.0,Clothing,466.63,161.0,Card,Success,933.26,False
232,84,2024-07-10,Cancelled,Italy,Corporate,2024-04-29,1923.0,9.0,4.0,Home,239.24,1704.0,PayPal,Success,956.96,False
233,262,2024-11-13,Delivered,Germany,Small Business,2024-06-05,964.0,63.0,2.0,Sports,296.61,39.0,Card,Success,593.22,True
233,262,2024-11-13,Delivered,Germany,Small Business,2024-06-05,4517.0,7.0,4.0,Electronics,499.68,39.0,Card,Success,1998.72,True
234,147,2024-04-15,Delivered,Spain,Corporate,2023-04-28,968.0,43.0,4.0,Electronics,195.06,293.0,Bank Transfer,Success,780.24,True
234,147,2024-04-15,Delivered,Spain,Corporate,2023-04-28,1687.0,17.0,3.0,Sports,373.81,293.0,Bank Transfer,Success,1121.43,True
234,147,2024-04-15,Delivered,Spain,Corporate,2023-04-28,1766.0,88.0,1.0,Sports,23.18,293.0,Bank Transfer,Success,23.18,True
234,147,2024-04-15,Delivered,Spain,Corporate,2023-04-28,3841.0,25.0,1.0,Clothing,243.13,293.0,Bank Transfer,Success,243.13,True
234,147,2024-04-15,Delivered,Spain,Corporate,2023-04-28,4558.0,25.0,4.0,Clothing,243.13,293.0,Bank Transfer,Success,972.52,True
235,441,2024-12-28,Cancelled,France,Consumer,2024-07-01,1015.0,12.0,4.0,Sports,366.86,938.0,Card,Success,1467.44,False
235,441,2024-12-28,Cancelled,France,Consumer,2024-07-01,1027.0,59.0,2.0,Home,236.32,938.0,Card,Success,472.64,False
235,441,2024-12-28,Cancelled,France,Consumer,2024-07-01,1321.0,73.0,1.0,Home,296.33,938.0,Card,Success,296.33,False
235,441,2024-12-28,Cancelled,France,Consumer,2024-07-01,2451.0,2.0,3.0,Home,348.12,938.0,Card,Success,1044.3600000000001,False
236,453,2024-11-05,Delivered,Germany,Corporate,2023-09-13,3691.0,63.0,1.0,Sports,296.61,71.0,Card,Success,296.61,True
237,387,2024-08-20,Delivered,Spain,Corporate,2024-08-12,438.0,40.0,3.0,Electronics,495.22,926.0,PayPal,Success,1485.66,True
237,387,2024-08-20,Delivered,Spain,Corporate,2024-08-12,2755.0,7.0,2.0,Electronics,499.68,926.0,PayPal,Success,999.36,True
238,257,2024-09-21,Delivered,Spain,Small Business,2024-02-15,,,,,,1431.0,Bank Transfer,Success,,True
239,58,2024-12-09,Cancelled,France,Corporate,2023-09-10,4360.0,59.0,2.0,Home,236.32,760.0,Card,Success,472.64,False
240,380,2024-02-06,Cancelled,France,Consumer,2024-03-04,354.0,95.0,4.0,Sports,300.65,1670.0,PayPal,Success,1202.6,False
240,380,2024-02-06,Cancelled,France,Consumer,2024-03-04,1961.0,21.0,1.0,Home,324.05,1670.0,PayPal,Success,324.05,False
240,380,2024-02-06,Cancelled,France,Consumer,2024-03-04,3117.0,59.0,4.0,Home,236.32,1670.0,PayPal,Success,945.28,False
241,422,2024-10-31,Delivered,Germany,Small Business,2023-04-06,4269.0,65.0,2.0,Home,455.62,1994.0,PayPal,Success,911.24,True
241,422,2024-10-31,Delivered,Germany,Small Business,2023-04-06,4568.0,34.0,3.0,Home,370.24,1994.0,PayPal,Success,1110.72,True
242,15,2024-02-10,Delivered,Italy,Corporate,2024-06-03,1709.0,74.0,1.0,Home,491.25,944.0,Bank Transfer,Success,491.25,True
243,162,2024-01-17,Delivered,France,Consumer,2023-08-13,1011.0,41.0,3.0,Home,5.12,1356.0,PayPal,Success,15.36,True
244,445,2024-12-09,Delivered,Italy,Consumer,2024-05-28,241.0,10.0,2.0,Sports,159.86,753.0,Card,Failed,319.72,False
244,445,2024-12-09,Delivered,Italy,Consumer,2024-05-28,990.0,88.0,1.0,Sports,23.18,753.0,Card,Failed,23.18,False
245,163,2024-10-03,Returned,Italy,Consumer,2024-06-15,11.0,52.0,1.0,Electronics,139.49,740.0,Card,Success,139.49,False
245,163,2024-10-03,Returned,Italy,Consumer,2024-06-15,1979.0,29.0,2.0,Clothing,205.22,740.0,Card,Success,410.44,False
245,163,2024-10-03,Returned,Italy,Consumer,2024-06-15,3202.0,58.0,4.0,Home,6.66,740.0,Card,Success,26.64,False
245,163,2024-10-03,Returned,Italy,Consumer,2024-06-15,3876.0,68.0,4.0,Clothing,198.86,740.0,Card,Success,795.44,False
245,163,2024-10-03,Returned,Italy,Consumer,2024-06-15,4447.0,44.0,2.0,Clothing,466.63,740.0,Card,Success,933.26,False
246,320,2024-11-02,Delivered,Germany,Small Business,2024-02-24,1634.0,48.0,2.0,Electronics,48.83,910.0,Bank Transfer,Success,97.66,True
246,320,2024-11-02,Delivered,Germany,Small Business,2024-02-24,1765.0,19.0,1.0,Clothing,230.3,910.0,Bank Transfer,Success,230.3,True
246,320,2024-11-02,Delivered,Germany,Small Business,2024-02-24,2491.0,17.0,1.0,Sports,373.81,910.0,Bank Transfer,Success,373.81,True
246,320,2024-11-02,Delivered,Germany,Small Business,2024-02-24,2990.0,30.0,2.0,Sports,288.35,910.0,Bank Transfer,Success,576.7,True
246,320,2024-11-02,Delivered,Germany,Small Business,2024-02-24,4083.0,85.0,4.0,Sports,64.57,910.0,Bank Transfer,Success,258.28,True
246,320,2024-11-02,Delivered,Germany,Small Business,2024-02-24,4875.0,61.0,1.0,Clothing,427.15,910.0,Bank Transfer,Success,427.15,True
247,497,2024-02-28,Delivered,Spain,Consumer,2023-12-08,419.0,12.0,1.0,Sports,366.86,224.0,Bank Transfer,Success,366.86,True
247,497,2024-02-28,Delivered,Spain,Consumer,2023-12-08,419.0,12.0,1.0,Sports,366.86,1180.0,PayPal,Success,366.86,True
247,497,2024-02-28,Delivered,Spain,Consumer,2023-12-08,1481.0,71.0,3.0,Electronics,400.0,224.0,Bank Transfer,Success,1200.0,True
247,497,2024-02-28,Delivered,Spain,Consumer,2023-12-08,1481.0,71.0,3.0,Electronics,400.0,1180.0,PayPal,Success,1200.0,True
247,497,2024-02-28,Delivered,Spain,Consumer,2023-12-08,2253.0,61.0,3.0,Clothing,427.15,224.0,Bank Transfer,Success,1281.4499999999998,True
247,497,2024-02-28,Delivered,Spain,Consumer,2023-12-08,2253.0,61.0,3.0,Clothing,427.15,1180.0,PayPal,Success,1281.4499999999998,True
247,497,2024-02-28,Delivered,Spain,Consumer,2023-12-08,2573.0,26.0,2.0,Electronics,443.07,224.0,Bank Transfer,Success,886.14,True
247,497,2024-02-28,Delivered,Spain,Consumer,2023-12-08,2573.0,26.0,2.0,Electronics,443.07,1180.0,PayPal,Success,886.14,True
247,497,2024-02-28,Delivered,Spain,Consumer,2023-12-08,3097.0,72.0,3.0,Sports,133.2,224.0,Bank Transfer,Success,399.59999999999997,True
247,497,2024-02-28,Delivered,Spain,Consumer,2023-12-08,3097.0,72.0,3.0,Sports,133.2,1180.0,PayPal,Success,399.59999999999997,True
247,497,2024-02-28,Delivered,Spain,Consumer,2023-12-08,3394.0,69.0,2.0,Sports,66.6,224.0,Bank Transfer,Success,133.2,True
247,497,2024-02-28,Delivered,Spain,Consumer,2023-12-08,3394.0,69.0,2.0,Sports,66.6,1180.0,PayPal,Success,133.2,True
247,497,2024-02-28,Delivered,Spain,Consumer,2023-12-08,4466.0,80.0,3.0,Home,37.17,224.0,Bank Transfer,Success,111.51,True
247,497,2024-02-28,Delivered,Spain,Consumer,2023-12-08,4466.0,80.0,3.0,Home,37.17,1180.0,PayPal,Success,111.51,True
248,281,2024-07-01,Delivered,Italy,Small Business,2024-09-18,2344.0,86.0,2.0,Sports,28.24,1158.0,Card,Failed,56.48,False
249,280,2024-02-10,Delivered,Germany,Corporate,2023-04-05,2538.0,90.0,1.0,Electronics,413.97,1008.0,Card,Failed,413.97,False
249,280,2024-02-10,Delivered,Germany,Corporate,2023-04-05,3132.0,54.0,2.0,Home,50.39,1008.0,Card,Failed,100.78,False
250,12,2024-02-08,Delivered,Spain,Corporate,2023-07-02,,,,,,1426.0,PayPal,Success,,True
251,274,2024-07-10,Delivered,Italy,Corporate,2023-06-06,,,,,,1551.0,Bank Transfer,Failed,,False
252,271,2024-09-23,Delivered,Germany,Corporate,2023-06-06,787.0,48.0,2.0,Electronics,48.83,117.0,Card,Success,97.66,True
252,271,2024-09-23,Delivered,Germany,Corporate,2023-06-06,787.0,48.0,2.0,Electronics,48.83,844.0,Bank Transfer,Success,97.66,True
252,271,2024-09-23,Delivered,Germany,Corporate,2023-06-06,1316.0,25.0,3.0,Clothing,243.13,117.0,Card,Success,729.39,True
252,271,2024-09-23,Delivered,Germany,Corporate,2023-06-06,1316.0,25.0,3.0,Clothing,243.13,844.0,Bank Transfer,Success,729.39,True
252,271,2024-09-23,Delivered,Germany,Corporate,2023-06-06,2622.0,48.0,2.0,Electronics,48.83,117.0,Card,Success,97.66,True
252,271,2024-09-23,Delivered,Germany,Corporate,2023-06-06,2622.0,48.0,2.0,Electronics,48.83,844.0,Bank Transfer,Success,97.66,True
253,492,2024-05-26,Delivered,France,Corporate,2023-06-02,186.0,53.0,4.0,Electronics,202.15,1722.0,Card,Failed,808.6,False
253,492,2024-05-26,Delivered,France,Corporate,2023-06-02,1790.0,57.0,4.0,Electronics,367.47,1722.0,Card,Failed,1469.88,False
253,492,2024-05-26,Delivered,France,Corporate,2023-06-02,2260.0,54.0,1.0,Home,50.39,1722.0,Card,Failed,50.39,False
253,492,2024-05-26,Delivered,France,Corporate,2023-06-02,2601.0,4.0,1.0,Sports,336.61,1722.0,Card,Failed,336.61,False
253,492,2024-05-26,Delivered,France,Corporate,2023-06-02,3393.0,69.0,1.0,Sports,66.6,1722.0,Card,Failed,66.6,False
253,492,2024-05-26,Delivered,France,Corporate,2023-06-02,4438.0,80.0,3.0,Home,37.17,1722.0,Card,Failed,111.51,False
254,208,2024-11-28,Delivered,Italy,Consumer,2023-09-27,751.0,6.0,4.0,Clothing,296.19,881.0,PayPal,Failed,1184.76,False
254,208,2024-11-28,Delivered,Italy,Consumer,2023-09-27,1227.0,27.0,3.0,Sports,267.48,881.0,PayPal,Failed,802.44,False
254,208,2024-11-28,Delivered,Italy,Consumer,2023-09-27,1989.0,34.0,1.0,Home,370.24,881.0,PayPal,Failed,370.24,False
254,208,2024-11-28,Delivered,Italy,Consumer,2023-09-27,4611.0,91.0,2.0,Electronics,401.38,881.0,PayPal,Failed,802.76,False
255,27,2024-05-06,Delivered,Germany,Consumer,2024-02-07,1071.0,18.0,4.0,Home,32.17,1845.0,Bank Transfer,Success,128.68,True
256,72,2024-02-15,Delivered,Germany,Consumer,2024-11-29,1493.0,100.0,1.0,Electronics,498.19,982.0,PayPal,Success,498.19,True
256,72,2024-02-15,Delivered,Germany,Consumer,2024-11-29,1713.0,50.0,1.0,Electronics,242.49,982.0,PayPal,Success,242.49,True
257,60,2024-02-14,Returned,France,Corporate,2023-10-30,135.0,91.0,4.0,Electronics,401.38,1386.0,Bank Transfer,Success,1605.52,False
257,60,2024-02-14,Returned,France,Corporate,2023-10-30,279.0,29.0,2.0,Clothing,205.22,1386.0,Bank Transfer,Success,410.44,False
257,60,2024-02-14,Returned,France,Corporate,2023-10-30,380.0,43.0,2.0,Electronics,195.06,1386.0,Bank Transfer,Success,390.12,False
257,60,2024-02-14,Returned,France,Corporate,2023-10-30,396.0,52.0,4.0,Electronics,139.49,1386.0,Bank Transfer,Success,557.96,False
257,60,2024-02-14,Returned,France,Corporate,2023-10-30,1626.0,74.0,2.0,Home,491.25,1386.0,Bank Transfer,Success,982.5,False
257,60,2024-02-14,Returned,France,Corporate,2023-10-30,4871.0,87.0,3.0,Home,195.12,1386.0,Bank Transfer,Success,585.36,False
258,430,2024-01-01,Cancelled,Italy,Consumer,2023-06-14,3261.0,38.0,1.0,Clothing,211.67,616.0,Card,Failed,211.67,False
258,430,2024-01-01,Cancelled,Italy,Consumer,2023-06-14,4318.0,89.0,3.0,Home,478.85,616.0,Card,Failed,1436.5500000000002,False
259,473,2024-06-16,Returned,Spain,Small Business,2023-07-20,785.0,24.0,3.0,Clothing,282.54,1694.0,Card,Failed,847.6200000000001,False
259,473,2024-06-16,Returned,Spain,Small Business,2023-07-20,1095.0,25.0,3.0,Clothing,243.13,1694.0,Card,Failed,729.39,False
259,473,2024-06-16,Returned,Spain,Small Business,2023-07-20,1631.0,68.0,2.0,Clothing,198.86,1694.0,Card,Failed,397.72,False
259,473,2024-06-16,Returned,Spain,Small Business,2023-07-20,1720.0,37.0,4.0,Electronics,438.95,1694.0,Card,Failed,1755.8,False
260,145,2024-04-17,Delivered,Italy,Corporate,2023-01-04,901.0,48.0,1.0,Electronics,48.83,1479.0,PayPal,Success,48.83,True
260,145,2024-04-17,Delivered,Italy,Corporate,2023-01-04,4937.0,41.0,4.0,Home,5.12,1479.0,PayPal,Success,20.48,True
260,145,2024-04-17,Delivered,Italy,Corporate,2023-01-04,4997.0,16.0,2.0,Home,398.69,1479.0,PayPal,Success,797.38,True
261,93,2024-01-19,Returned,Germany,Corporate,2023-05-25,1935.0,52.0,4.0,Electronics,139.49,1884.0,Bank Transfer,Success,557.96,False
261,93,2024-01-19,Returned,Germany,Corporate,2023-05-25,2299.0,32.0,1.0,Sports,271.51,1884.0,Bank Transfer,Success,271.51,False
262,309,2024-11-27,Delivered,Unknown,Small Business,2024-01-13,4621.0,52.0,2.0,Electronics,139.49,1135.0,Bank Transfer,Success,278.98,True
263,8,2024-03-12,Delivered,France,Consumer,2023-05-06,1614.0,83.0,4.0,Sports,119.13,263.0,Bank Transfer,Success,476.52,True
263,8,2024-03-12,Delivered,France,Consumer,2023-05-06,1614.0,83.0,4.0,Sports,119.13,1563.0,Card,Failed,476.52,False
264,79,2024-04-18,Delivered,Spain,Small Business,2023-10-01,1800.0,8.0,2.0,Electronics,280.12,960.0,PayPal,Success,560.24,True
264,79,2024-04-18,Delivered,Spain,Small Business,2023-10-01,3802.0,22.0,1.0,Home,326.83,960.0,PayPal,Success,326.83,True
265,27,2024-09-24,Delivered,Germany,Consumer,2024-02-07,1271.0,97.0,1.0,Sports,133.82,801.0,Card,Success,133.82,True
265,27,2024-09-24,Delivered,Germany,Consumer,2024-02-07,2181.0,37.0,2.0,Electronics,438.95,801.0,Card,Success,877.9,True
266,174,2024-08-27,Delivered,Italy,Consumer,2023-09-16,757.0,75.0,4.0,Electronics,442.68,1771.0,PayPal,Success,1770.72,True
266,174,2024-08-27,Delivered,Italy,Consumer,2023-09-16,1279.0,88.0,4.0,Sports,23.18,1771.0,PayPal,Success,92.72,True
267,50,2024-10-27,Delivered,Germany,Corporate,2023-04-17,3466.0,11.0,1.0,Home,64.66,1244.0,Bank Transfer,Success,64.66,True
267,50,2024-10-27,Delivered,Germany,Corporate,2023-04-17,4357.0,79.0,2.0,Electronics,372.96,1244.0,Bank Transfer,Success,745.92,True
268,500,2024-03-30,Delivered,Italy,Consumer,2024-10-07,111.0,59.0,2.0,Home,236.32,1605.0,Bank Transfer,Success,472.64,True
268,500,2024-03-30,Delivered,Italy,Consumer,2024-10-07,719.0,22.0,3.0,Home,326.83,1605.0,Bank Transfer,Success,980.49,True
268,500,2024-03-30,Delivered,Italy,Consumer,2024-10-07,1363.0,43.0,3.0,Electronics,195.06,1605.0,Bank Transfer,Success,585.1800000000001,True
269,199,2024-04-12,Delivered,France,Consumer,2023-05-17,2146.0,77.0,3.0,Electronics,452.34,1518.0,Bank Transfer,Success,1357.02,True
269,199,2024-04-12,Delivered,France,Consumer,2023-05-17,4801.0,4.0,3.0,Sports,336.61,1518.0,Bank Transfer,Success,1009.83,True
270,387,2024-09-06,Delivered,Spain,Corporate,2024-08-12,142.0,55.0,3.0,Sports,171.5,1649.0,Card,Success,514.5,True
270,387,2024-09-06,Delivered,Spain,Corporate,2024-08-12,3533.0,60.0,3.0,Home,152.02,1649.0,Card,Success,456.06000000000006,True
270,387,2024-09-06,Delivered,Spain,Corporate,2024-08-12,4648.0,77.0,4.0,Electronics,452.34,1649.0,Card,Success,1809.36,True
271,349,2024-01-08,Delivered,Italy,Small Business,2023-01-25,80.0,75.0,1.0,Electronics,442.68,405.0,Card,Success,442.68,True
271,349,2024-01-08,Delivered,Italy,Small Business,2023-01-25,284.0,95.0,4.0,Sports,300.65,405.0,Card,Success,1202.6,True
271,349,2024-01-08,Delivered,Italy,Small Business,2023-01-25,1370.0,38.0,1.0,Clothing,211.67,405.0,Card,Success,211.67,True
271,349,2024-01-08,Delivered,Italy,Small Business,2023-01-25,1752.0,15.0,1.0,Home,213.77,405.0,Card,Success,213.77,True
271,349,2024-01-08,Delivered,Italy,Small Business,2023-01-25,3266.0,14.0,1.0,Electronics,62.06,405.0,Card,Success,62.06,True
271,349,2024-01-08,Delivered,Italy,Small Business,2023-01-25,4351.0,4.0,1.0,Sports,336.61,405.0,Card,Success,336.61,True
272,448,2024-06-01,Delivered,Germany,Small Business,2024-04-15,62.0,84.0,3.0,Clothing,416.17,178.0,Bank Transfer,Success,1248.51,True
272,448,2024-06-01,Delivered,Germany,Small Business,2024-04-15,2461.0,93.0,4.0,Electronics,112.08,178.0,Bank Transfer,Success,448.32,True
272,448,2024-06-01,Delivered,Germany,Small Business,2024-04-15,2991.0,16.0,2.0,Home,398.69,178.0,Bank Transfer,Success,797.38,True
272,448,2024-06-01,Delivered,Germany,Small Business,2024-04-15,3964.0,33.0,4.0,Home,332.52,178.0,Bank Transfer,Success,1330.08,True
273,428,2024-12-12,Cancelled,Italy,Consumer,2024-03-27,684.0,11.0,4.0,Home,64.66,10.0,PayPal,Success,258.64,False
273,428,2024-12-12,Cancelled,Italy,Consumer,2024-03-27,1120.0,53.0,2.0,Electronics,202.15,10.0,PayPal,Success,404.3,False
274,181,2024-06-22,Cancelled,France,Small Business,2023-01-13,323.0,98.0,3.0,Electronics,260.05,1063.0,Card,Success,780.1500000000001,False
274,181,2024-06-22,Cancelled,France,Small Business,2023-01-13,3270.0,91.0,3.0,Electronics,401.38,1063.0,Card,Success,1204.1399999999999,False
275,24,2024-12-08,Delivered,Italy,Corporate,2023-03-02,651.0,10.0,2.0,Sports,159.86,650.0,PayPal,Failed,319.72,False
275,24,2024-12-08,Delivered,Italy,Corporate,2023-03-02,2304.0,26.0,3.0,Electronics,443.07,650.0,PayPal,Failed,1329.21,False
275,24,2024-12-08,Delivered,Italy,Corporate,2023-03-02,4455.0,15.0,4.0,Home,213.77,650.0,PayPal,Failed,855.08,False
276,316,2024-06-06,Delivered,Italy,Small Business,2024-09-04,1125.0,80.0,2.0,Home,37.17,110.0,Bank Transfer,Success,74.34,True
276,316,2024-06-06,Delivered,Italy,Small Business,2024-09-04,2842.0,39.0,3.0,Home,233.66,110.0,Bank Transfer,Success,700.98,True
276,316,2024-06-06,Delivered,Italy,Small Business,2024-09-04,3241.0,77.0,3.0,Electronics,452.34,110.0,Bank Transfer,Success,1357.02,True
277,378,2024-08-02,Delivered,France,Corporate,2023-10-12,2386.0,79.0,1.0,Electronics,372.96,687.0,PayPal,Success,372.96,True
278,387,2024-06-25,Cancelled,Spain,Corporate,2024-08-12,207.0,7.0,4.0,Electronics,499.68,128.0,Bank Transfer,Success,1998.72,False
278,387,2024-06-25,Cancelled,Spain,Corporate,2024-08-12,1247.0,29.0,2.0,Clothing,205.22,128.0,Bank Transfer,Success,410.44,False
278,387,2024-06-25,Cancelled,Spain,Corporate,2024-08-12,4689.0,88.0,3.0,Sports,23.18,128.0,Bank Transfer,Success,69.53999999999999,False
279,404,2024-06-23,Delivered,France,Small Business,2023-02-24,1123.0,78.0,4.0,Clothing,494.65,273.0,Bank Transfer,Success,1978.6,True
279,404,2024-06-23,Delivered,France,Small Business,2023-02-24,2393.0,77.0,3.0,Electronics,452.34,273.0,Bank Transfer,Success,1357.02,True
279,404,2024-06-23,Delivered,France,Small Business,2023-02-24,3671.0,75.0,1.0,Electronics,442.68,273.0,Bank Transfer,Success,442.68,True
280,46,2024-12-05,Delivered,Unknown,Small Business,2023-08-02,1533.0,85.0,2.0,Sports,64.57,1937.0,PayPal,Success,129.14,True
280,46,2024-12-05,Delivered,Unknown,Small Business,2023-08-02,2802.0,20.0,3.0,Clothing,263.61,1937.0,PayPal,Success,790.83,True
280,46,2024-12-05,Delivered,Unknown,Small Business,2023-08-02,2815.0,83.0,3.0,Sports,119.13,1937.0,PayPal,Success,357.39,True
281,15,2024-12-03,Delivered,Italy,Corporate,2024-06-03,123.0,77.0,4.0,Electronics,452.34,1242.0,PayPal,Success,1809.36,True
281,15,2024-12-03,Delivered,Italy,Corporate,2024-06-03,3997.0,50.0,2.0,Electronics,242.49,1242.0,PayPal,Success,484.98,True
282,153,2024-05-25,Delivered,France,Consumer,2024-01-27,1311.0,43.0,1.0,Electronics,195.06,54.0,Bank Transfer,Success,195.06,True
282,153,2024-05-25,Delivered,France,Consumer,2024-01-27,2056.0,14.0,3.0,Electronics,62.06,54.0,Bank Transfer,Success,186.18,True
282,153,2024-05-25,Delivered,France,Consumer,2024-01-27,2443.0,68.0,1.0,Clothing,198.86,54.0,Bank Transfer,Success,198.86,True
283,222,2024-11-19,Delivered,Spain,Consumer,2023-10-22,4504.0,51.0,3.0,Electronics,292.47,231.0,Bank Transfer,Success,877.4100000000001,True
283,222,2024-11-19,Delivered,Spain,Consumer,2023-10-22,4800.0,25.0,4.0,Clothing,243.13,231.0,Bank Transfer,Success,972.52,True
284,206,2024-06-09,Cancelled,France,Consumer,2023-12-15,2999.0,8.0,1.0,Electronics,280.12,582.0,PayPal,Success,280.12,False
285,455,2024-05-06,Delivered,Unknown,Small Business,2023-02-22,4706.0,60.0,2.0,Home,152.02,1489.0,Bank Transfer,Success,304.04,True
285,455,2024-05-06,Delivered,Unknown,Small Business,2023-02-22,4856.0,34.0,2.0,Home,370.24,1489.0,Bank Transfer,Success,740.48,True
286,273,2024-03-22,Delivered,Italy,Consumer,2023-09-18,3768.0,12.0,2.0,Sports,366.86,871.0,Bank Transfer,Failed,733.72,False
286,273,2024-03-22,Delivered,Italy,Consumer,2023-09-18,4387.0,52.0,2.0,Electronics,139.49,871.0,Bank Transfer,Failed,278.98,False
287,382,2024-05-26,Cancelled,Germany,Corporate,2023-10-13,300.0,11.0,2.0,Home,64.66,1750.0,PayPal,Success,129.32,False
287,382,2024-05-26,Cancelled,Germany,Corporate,2023-10-13,3534.0,83.0,2.0,Sports,119.13,1750.0,PayPal,Success,238.26,False
288,236,2024-08-26,Cancelled,Italy,Consumer,2023-04-14,3045.0,13.0,2.0,Sports,100.34,610.0,Card,Success,200.68,False
288,236,2024-08-26,Cancelled,Italy,Consumer,2023-04-14,3274.0,98.0,1.0,Electronics,260.05,610.0,Card,Success,260.05,False
288,236,2024-08-26,Cancelled,Italy,Consumer,2023-04-14,4473.0,28.0,2.0,Electronics,223.31,610.0,Card,Success,446.62,False
288,236,2024-08-26,Cancelled,Italy,Consumer,2023-04-14,4820.0,97.0,3.0,Sports,133.82,610.0,Card,Success,401.46,False
289,340,2024-03-24,Delivered,Italy,Consumer,2023-07-29,132.0,4.0,1.0,Sports,336.61,1660.0,PayPal,Success,336.61,True
289,340,2024-03-24,Delivered,Italy,Consumer,2023-07-29,612.0,41.0,2.0,Home,5.12,1660.0,PayPal,Success,10.24,True
289,340,2024-03-24,Delivered,Italy,Consumer,2023-07-29,1956.0,26.0,1.0,Electronics,443.07,1660.0,PayPal,Success,443.07,True
289,340,2024-03-24,Delivered,Italy,Consumer,2023-07-29,3912.0,18.0,3.0,Home,32.17,1660.0,PayPal,Success,96.51,True
290,228,2024-04-22,Delivered,Germany,Corporate,2023-01-23,3211.0,75.0,2.0,Electronics,442.68,920.0,Bank Transfer,Success,885.36,True
290,228,2024-04-22,Delivered,Germany,Corporate,2023-01-23,4255.0,92.0,1.0,Home,316.74,920.0,Bank Transfer,Success,316.74,True
290,228,2024-04-22,Delivered,Germany,Corporate,2023-01-23,4909.0,33.0,1.0,Home,332.52,920.0,Bank Transfer,Success,332.52,True
291,9,2024-08-12,Delivered,Spain,Corporate,2023-02-12,,,,,,1079.0,PayPal,Failed,,False
292,166,2024-11-27,Returned,France,Small Business,2024-07-12,1208.0,58.0,3.0,Home,6.66,299.0,Bank Transfer,Success,19.98,False
293,432,2024-08-30,Delivered,Germany,Corporate,2024-04-13,1669.0,43.0,3.0,Electronics,195.06,1802.0,Bank Transfer,Failed,585.1800000000001,False
293,432,2024-08-30,Delivered,Germany,Corporate,2024-04-13,1781.0,86.0,1.0,Sports,28.24,1802.0,Bank Transfer,Failed,28.24,False
293,432,2024-08-30,Delivered,Germany,Corporate,2024-04-13,3416.0,34.0,4.0,Home,370.24,1802.0,Bank Transfer,Failed,1480.96,False
294,444,2024-05-22,Returned,Italy,Consumer,2023-03-23,4071.0,82.0,1.0,Home,419.72,927.0,Card,Success,419.72,False
295,319,2024-02-10,Delivered,Spain,Consumer,2024-09-13,187.0,25.0,4.0,Clothing,243.13,92.0,Card,Success,972.52,True
295,319,2024-02-10,Delivered,Spain,Consumer,2024-09-13,3184.0,42.0,4.0,Clothing,96.81,92.0,Card,Success,387.24,True
295,319,2024-02-10,Delivered,Spain,Consumer,2024-09-13,4601.0,70.0,4.0,Home,478.43,92.0,Card,Success,1913.72,True
296,214,2024-09-14,Delivered,Spain,Corporate,2024-02-14,307.0,56.0,1.0,Clothing,263.65,427.0,Bank Transfer,Success,263.65,True
297,117,2024-10-11,Delivered,France,Consumer,2023-11-16,1101.0,43.0,2.0,Electronics,195.06,1264.0,Bank Transfer,Success,390.12,True
297,117,2024-10-11,Delivered,France,Consumer,2023-11-16,3524.0,5.0,4.0,Home,26.86,1264.0,Bank Transfer,Success,107.44,True
298,386,2024-04-14,Delivered,Italy,Consumer,2023-01-18,,,,,,571.0,Card,Success,,True
299,344,2024-07-20,Delivered,Germany,Corporate,2024-06-12,191.0,94.0,3.0,Clothing,261.54,144.0,Card,Success,784.6200000000001,True
299,344,2024-07-20,Delivered,Germany,Corporate,2024-06-12,1097.0,25.0,1.0,Clothing,243.13,144.0,Card,Success,243.13,True
299,344,2024-07-20,Delivered,Germany,Corporate,2024-06-12,4758.0,22.0,2.0,Home,326.83,144.0,Card,Success,653.66,True
300,72,2024-11-02,Delivered,Germany,Consumer,2024-11-29,2257.0,17.0,1.0,Sports,373.81,828.0,Bank Transfer,Success,373.81,True
300,72,2024-11-02,Delivered,Germany,Consumer,2024-11-29,3861.0,17.0,3.0,Sports,373.81,828.0,Bank Transfer,Success,1121.43,True
301,395,2024-11-26,Delivered,Spain,Consumer,2024-11-08,,,,,,797.0,Card,Success,,True
302,64,2024-09-22,Returned,Unknown,Consumer,2024-04-18,893.0,97.0,3.0,Sports,133.82,,,,401.46,False
302,64,2024-09-22,Returned,Unknown,Consumer,2024-04-18,3233.0,5.0,1.0,Home,26.86,,,,26.86,False
302,64,2024-09-22,Returned,Unknown,Consumer,2024-04-18,3651.0,17.0,3.0,Sports,373.81,,,,1121.43,False
302,64,2024-09-22,Returned,Unknown,Consumer,2024-04-18,4522.0,76.0,3.0,Electronics,302.4,,,,907.1999999999999,False
303,205,2024-07-28,Delivered,Italy,Consumer,2024-07-25,871.0,57.0,4.0,Electronics,367.47,1588.0,PayPal,Success,1469.88,True
303,205,2024-07-28,Delivered,Italy,Consumer,2024-07-25,1014.0,1.0,4.0,Electronics,325.1,1588.0,PayPal,Success,1300.4,True
303,205,2024-07-28,Delivered,Italy,Consumer,2024-07-25,2592.0,99.0,2.0,Clothing,248.14,1588.0,PayPal,Success,496.28,True
303,205,2024-07-28,Delivered,Italy,Consumer,2024-07-25,4695.0,60.0,3.0,Home,152.02,1588.0,PayPal,Success,456.06000000000006,True
304,209,2024-02-20,Delivered,Germany,Small Business,2023-10-18,1539.0,68.0,1.0,Clothing,198.86,389.0,Bank Transfer,Success,198.86,True
304,209,2024-02-20,Delivered,Germany,Small Business,2023-10-18,2435.0,96.0,4.0,Clothing,264.89,389.0,Bank Transfer,Success,1059.56,True
304,209,2024-02-20,Delivered,Germany,Small Business,2023-10-18,2585.0,32.0,4.0,Sports,271.51,389.0,Bank Transfer,Success,1086.04,True
304,209,2024-02-20,Delivered,Germany,Small Business,2023-10-18,3064.0,42.0,2.0,Clothing,96.81,389.0,Bank Transfer,Success,193.62,True
304,209,2024-02-20,Delivered,Germany,Small Business,2023-10-18,4950.0,8.0,4.0,Electronics,280.12,389.0,Bank Transfer,Success,1120.48,True
305,72,2024-04-27,Delivered,Germany,Consumer,2024-11-29,4445.0,22.0,2.0,Home,326.83,597.0,PayPal,Success,653.66,True
305,72,2024-04-27,Delivered,Germany,Consumer,2024-11-29,4952.0,90.0,1.0,Electronics,413.97,597.0,PayPal,Success,413.97,True
306,277,2024-07-19,Delivered,France,Consumer,2024-11-15,4415.0,13.0,2.0,Sports,100.34,845.0,Bank Transfer,Success,200.68,True
306,277,2024-07-19,Delivered,France,Consumer,2024-11-15,4415.0,13.0,2.0,Sports,100.34,1102.0,Card,Success,200.68,True
307,274,2024-02-08,Delivered,Italy,Corporate,2023-06-06,1008.0,81.0,1.0,Electronics,203.78,304.0,PayPal,Success,203.78,True
307,274,2024-02-08,Delivered,Italy,Corporate,2023-06-06,1632.0,15.0,3.0,Home,213.77,304.0,PayPal,Success,641.3100000000001,True
307,274,2024-02-08,Delivered,Italy,Corporate,2023-06-06,2322.0,48.0,2.0,Electronics,48.83,304.0,PayPal,Success,97.66,True
307,274,2024-02-08,Delivered,Italy,Corporate,2023-06-06,2878.0,79.0,2.0,Electronics,372.96,304.0,PayPal,Success,745.92,True
307,274,2024-02-08,Delivered,Italy,Corporate,2023-06-06,3236.0,76.0,1.0,Electronics,302.4,304.0,PayPal,Success,302.4,True
307,274,2024-02-08,Delivered,Italy,Corporate,2023-06-06,4006.0,36.0,3.0,Home,216.27,304.0,PayPal,Success,648.8100000000001,True
307,274,2024-02-08,Delivered,Italy,Corporate,2023-06-06,4428.0,34.0,4.0,Home,370.24,304.0,PayPal,Success,1480.96,True
308,478,2024-01-28,Delivered,Italy,Corporate,2024-10-27,1144.0,47.0,1.0,Electronics,31.08,1727.0,Bank Transfer,Success,31.08,True
308,478,2024-01-28,Delivered,Italy,Corporate,2024-10-27,1515.0,1.0,1.0,Electronics,325.1,1727.0,Bank Transfer,Success,325.1,True
308,478,2024-01-28,Delivered,Italy,Corporate,2024-10-27,4620.0,66.0,3.0,Clothing,27.32,1727.0,Bank Transfer,Success,81.96000000000001,True
308,478,2024-01-28,Delivered,Italy,Corporate,2024-10-27,4673.0,69.0,2.0,Sports,66.6,1727.0,Bank Transfer,Success,133.2,True
309,320,2024-09-15,Returned,Germany,Small Business,2024-02-24,1599.0,84.0,2.0,Clothing,416.17,468.0,Bank Transfer,Success,832.34,False
309,320,2024-09-15,Returned,Germany,Small Business,2024-02-24,1692.0,72.0,2.0,Sports,133.2,468.0,Bank Transfer,Success,266.4,False
310,338,2024-03-24,Delivered,Spain,Consumer,2023-03-16,67.0,63.0,1.0,Sports,296.61,1018.0,Card,Success,296.61,True
310,338,2024-03-24,Delivered,Spain,Consumer,2023-03-16,2557.0,62.0,3.0,Electronics,359.2,1018.0,Card,Success,1077.6,True
310,338,2024-03-24,Delivered,Spain,Consumer,2023-03-16,3256.0,31.0,1.0,Home,402.97,1018.0,Card,Success,402.97,True
310,338,2024-03-24,Delivered,Spain,Consumer,2023-03-16,4400.0,76.0,4.0,Electronics,302.4,1018.0,Card,Success,1209.6,True
311,366,2024-06-03,Delivered,Spain,Consumer,2023-12-08,519.0,56.0,1.0,Clothing,263.65,959.0,PayPal,Success,263.65,True
311,366,2024-06-03,Delivered,Spain,Consumer,2023-12-08,1605.0,86.0,3.0,Sports,28.24,959.0,PayPal,Success,84.72,True
312,495,2024-04-26,Delivered,France,Small Business,2024-08-21,3127.0,14.0,3.0,Electronics,62.06,1466.0,Card,Success,186.18,True
312,495,2024-04-26,Delivered,France,Small Business,2024-08-21,3925.0,76.0,4.0,Electronics,302.4,1466.0,Card,Success,1209.6,True
313,95,2024-01-02,Delivered,Germany,Corporate,2023-07-31,1237.0,54.0,2.0,Home,50.39,823.0,Bank Transfer,Success,100.78,True
314,166,2024-04-02,Delivered,France,Small Business,2024-07-12,2718.0,57.0,4.0,Electronics,367.47,1042.0,PayPal,Success,1469.88,True
315,32,2024-06-14,Cancelled,France,Corporate,2024-06-17,,,,,,1138.0,PayPal,Success,,False
316,11,2024-12-15,Cancelled,Spain,Corporate,2024-10-24,400.0,46.0,3.0,Electronics,9.7,1230.0,PayPal,Success,29.099999999999998,False
316,11,2024-12-15,Cancelled,Spain,Corporate,2024-10-24,2574.0,53.0,4.0,Electronics,202.15,1230.0,PayPal,Success,808.6,False
317,301,2024-10-22,Delivered,France,Corporate,2024-11-13,200.0,88.0,2.0,Sports,23.18,211.0,Card,Success,46.36,True
317,301,2024-10-22,Delivered,France,Corporate,2024-11-13,739.0,47.0,2.0,Electronics,31.08,211.0,Card,Success,62.16,True
317,301,2024-10-22,Delivered,France,Corporate,2024-11-13,943.0,34.0,1.0,Home,370.24,211.0,Card,Success,370.24,True
317,301,2024-10-22,Delivered,France,Corporate,2024-11-13,1672.0,31.0,3.0,Home,402.97,211.0,Card,Success,1208.91,True
317,301,2024-10-22,Delivered,France,Corporate,2024-11-13,3486.0,92.0,4.0,Home,316.74,211.0,Card,Success,1266.96,True
317,301,2024-10-22,Delivered,France,Corporate,2024-11-13,4525.0,73.0,3.0,Home,296.33,211.0,Card,Success,888.99,True
318,217,2024-09-14,Delivered,Italy,Small Business,2024-08-23,3982.0,61.0,4.0,Clothing,427.15,1437.0,PayPal,Failed,1708.6,False
319,289,2024-03-21,Delivered,France,Consumer,2023-05-14,1198.0,61.0,2.0,Clothing,427.15,1168.0,Bank Transfer,Success,854.3,True
319,289,2024-03-21,Delivered,France,Consumer,2023-05-14,1351.0,10.0,2.0,Sports,159.86,1168.0,Bank Transfer,Success,319.72,True
319,289,2024-03-21,Delivered,France,Consumer,2023-05-14,1694.0,89.0,2.0,Home,478.85,1168.0,Bank Transfer,Success,957.7,True
319,289,2024-03-21,Delivered,France,Consumer,2023-05-14,4634.0,52.0,2.0,Electronics,139.49,1168.0,Bank Transfer,Success,278.98,True
320,102,2024-09-24,Delivered,Germany,Corporate,2023-05-26,1106.0,2.0,1.0,Home,348.12,1160.0,PayPal,Success,348.12,True
320,102,2024-09-24,Delivered,Germany,Corporate,2023-05-26,1739.0,9.0,2.0,Home,239.24,1160.0,PayPal,Success,478.48,True
320,102,2024-09-24,Delivered,Germany,Corporate,2023-05-26,3009.0,45.0,1.0,Clothing,39.66,1160.0,PayPal,Success,39.66,True
320,102,2024-09-24,Delivered,Germany,Corporate,2023-05-26,4981.0,28.0,4.0,Electronics,223.31,1160.0,PayPal,Success,893.24,True
321,425,2024-08-22,Delivered,Italy,Small Business,2023-10-15,4230.0,11.0,3.0,Home,64.66,1765.0,Bank Transfer,Success,193.98,True
322,392,2024-11-16,Delivered,Spain,Consumer,2023-04-23,1812.0,23.0,1.0,Sports,185.53,1671.0,PayPal,Success,185.53,True
323,267,2024-11-06,Delivered,Italy,Corporate,2023-08-16,1449.0,60.0,3.0,Home,152.02,909.0,Bank Transfer,Success,456.06000000000006,True
324,214,2024-10-27,Delivered,Spain,Corporate,2024-02-14,154.0,75.0,3.0,Electronics,442.68,952.0,Card,Success,1328.04,True
324,214,2024-10-27,Delivered,Spain,Corporate,2024-02-14,1256.0,57.0,1.0,Electronics,367.47,952.0,Card,Success,367.47,True
325,179,2024-12-22,Delivered,France,Small Business,2024-10-11,312.0,25.0,2.0,Clothing,243.13,33.0,Card,Success,486.26,True
325,179,2024-12-22,Delivered,France,Small Business,2024-10-11,312.0,25.0,2.0,Clothing,243.13,1299.0,PayPal,Success,486.26,True
325,179,2024-12-22,Delivered,France,Small Business,2024-10-11,371.0,96.0,1.0,Clothing,264.89,33.0,Card,Success,264.89,True
325,179,2024-12-22,Delivered,France,Small Business,2024-10-11,371.0,96.0,1.0,Clothing,264.89,1299.0,PayPal,Success,264.89,True
325,179,2024-12-22,Delivered,France,Small Business,2024-10-11,1348.0,51.0,1.0,Electronics,292.47,33.0,Card,Success,292.47,True
325,179,2024-12-22,Delivered,France,Small Business,2024-10-11,1348.0,51.0,1.0,Electronics,292.47,1299.0,PayPal,Success,292.47,True
325,179,2024-12-22,Delivered,France,Small Business,2024-10-11,1890.0,15.0,4.0,Home,213.77,33.0,Card,Success,855.08,True
325,179,2024-12-22,Delivered,France,Small Business,2024-10-11,1890.0,15.0,4.0,Home,213.77,1299.0,PayPal,Success,855.08,True
325,179,2024-12-22,Delivered,France,Small Business,2024-10-11,1893.0,67.0,1.0,Clothing,59.19,33.0,Card,Success,59.19,True
325,179,2024-12-22,Delivered,France,Small Business,2024-10-11,1893.0,67.0,1.0,Clothing,59.19,1299.0,PayPal,Success,59.19,True
325,179,2024-12-22,Delivered,France,Small Business,2024-10-11,2406.0,8.0,1.0,Electronics,280.12,33.0,Card,Success,280.12,True
325,179,2024-12-22,Delivered,France,Small Business,2024-10-11,2406.0,8.0,1.0,Electronics,280.12,1299.0,PayPal,Success,280.12,True
325,179,2024-12-22,Delivered,France,Small Business,2024-10-11,3178.0,60.0,1.0,Home,152.02,33.0,Card,Success,152.02,True
325,179,2024-12-22,Delivered,France,Small Business,2024-10-11,3178.0,60.0,1.0,Home,152.02,1299.0,PayPal,Success,152.02,True
326,88,2024-07-31,Delivered,France,Small Business,2023-08-19,2432.0,18.0,3.0,Home,32.17,727.0,Bank Transfer,Success,96.51,True
326,88,2024-07-31,Delivered,France,Small Business,2023-08-19,4796.0,74.0,3.0,Home,491.25,727.0,Bank Transfer,Success,1473.75,True
327,41,2024-03-02,Delivered,Spain,Consumer,2023-03-19,313.0,28.0,1.0,Electronics,223.31,1017.0,PayPal,Success,223.31,True
327,41,2024-03-02,Delivered,Spain,Consumer,2023-03-19,2942.0,2.0,2.0,Home,348.12,1017.0,PayPal,Success,696.24,True
328,401,2024-02-18,Delivered,Unknown,Small Business,2023-06-11,,,,,,1432.0,Card,Success,,True
329,76,2024-05-06,Cancelled,Germany,Consumer,2024-09-14,85.0,1.0,1.0,Electronics,325.1,1067.0,PayPal,Success,325.1,False
329,76,2024-05-06,Cancelled,Germany,Consumer,2024-09-14,2631.0,63.0,3.0,Sports,296.61,1067.0,PayPal,Success,889.83,False
329,76,2024-05-06,Cancelled,Germany,Consumer,2024-09-14,2693.0,100.0,1.0,Electronics,498.19,1067.0,PayPal,Success,498.19,False
329,76,2024-05-06,Cancelled,Germany,Consumer,2024-09-14,2904.0,60.0,2.0,Home,152.02,1067.0,PayPal,Success,304.04,False
330,377,2024-08-10,Delivered,Italy,Consumer,2024-10-31,782.0,76.0,3.0,Electronics,302.4,1263.0,PayPal,Success,907.1999999999999,True
330,377,2024-08-10,Delivered,Italy,Consumer,2024-10-31,1420.0,28.0,2.0,Electronics,223.31,1263.0,PayPal,Success,446.62,True
330,377,2024-08-10,Delivered,Italy,Consumer,2024-10-31,1744.0,90.0,4.0,Electronics,413.97,1263.0,PayPal,Success,1655.88,True
330,377,2024-08-10,Delivered,Italy,Consumer,2024-10-31,2882.0,84.0,4.0,Clothing,416.17,1263.0,PayPal,Success,1664.68,True
330,377,2024-08-10,Delivered,Italy,Consumer,2024-10-31,4151.0,98.0,1.0,Electronics,260.05,1263.0,PayPal,Success,260.05,True
331,46,2024-10-05,Delivered,Unknown,Small Business,2023-08-02,1728.0,39.0,3.0,Home,233.66,1373.0,Bank Transfer,Success,700.98,True
331,46,2024-10-05,Delivered,Unknown,Small Business,2023-08-02,4136.0,70.0,4.0,Home,478.43,1373.0,Bank Transfer,Success,1913.72,True
332,160,2024-10-20,Delivered,Italy,Corporate,2024-02-14,1230.0,53.0,2.0,Electronics,202.15,507.0,PayPal,Success,404.3,True
332,160,2024-10-20,Delivered,Italy,Corporate,2024-02-14,2921.0,26.0,4.0,Electronics,443.07,507.0,PayPal,Success,1772.28,True
332,160,2024-10-20,Delivered,Italy,Corporate,2024-02-14,4536.0,67.0,3.0,Clothing,59.19,507.0,PayPal,Success,177.57,True
333,463,2024-10-10,Cancelled,Germany,Consumer,2023-02-28,570.0,33.0,3.0,Home,332.52,317.0,Bank Transfer,Success,997.56,False
333,463,2024-10-10,Cancelled,Germany,Consumer,2023-02-28,1010.0,16.0,2.0,Home,398.69,317.0,Bank Transfer,Success,797.38,False
333,463,2024-10-10,Cancelled,Germany,Consumer,2023-02-28,1820.0,20.0,1.0,Clothing,263.61,317.0,Bank Transfer,Success,263.61,False
333,463,2024-10-10,Cancelled,Germany,Consumer,2023-02-28,4216.0,21.0,3.0,Home,324.05,317.0,Bank Transfer,Success,972.1500000000001,False
334,80,2024-10-03,Delivered,Italy,Small Business,2024-05-20,2027.0,67.0,1.0,Clothing,59.19,432.0,PayPal,Success,59.19,True
334,80,2024-10-03,Delivered,Italy,Small Business,2024-05-20,2917.0,74.0,4.0,Home,491.25,432.0,PayPal,Success,1965.0,True
334,80,2024-10-03,Delivered,Italy,Small Business,2024-05-20,3067.0,60.0,3.0,Home,152.02,432.0,PayPal,Success,456.06000000000006,True
335,310,2024-04-16,Delivered,Unknown,Consumer,2023-02-20,3126.0,13.0,4.0,Sports,100.34,914.0,PayPal,Success,401.36,True
335,310,2024-04-16,Delivered,Unknown,Consumer,2023-02-20,4189.0,99.0,3.0,Clothing,248.14,914.0,PayPal,Success,744.42,True
336,86,2024-05-25,Delivered,Spain,Consumer,2023-02-08,460.0,53.0,3.0,Electronics,202.15,1495.0,Bank Transfer,Success,606.45,True
336,86,2024-05-25,Delivered,Spain,Consumer,2023-02-08,1702.0,9.0,4.0,Home,239.24,1495.0,Bank Transfer,Success,956.96,True
336,86,2024-05-25,Delivered,Spain,Consumer,2023-02-08,3011.0,100.0,2.0,Electronics,498.19,1495.0,Bank Transfer,Success,996.38,True
336,86,2024-05-25,Delivered,Spain,Consumer,2023-02-08,3503.0,25.0,1.0,Clothing,243.13,1495.0,Bank Transfer,Success,243.13,True
336,86,2024-05-25,Delivered,Spain,Consumer,2023-02-08,3607.0,10.0,4.0,Sports,159.86,1495.0,Bank Transfer,Success,639.44,True
337,92,2024-04-08,Delivered,Italy,Consumer,2024-06-20,2839.0,60.0,4.0,Home,152.02,1508.0,Card,Success,608.08,True
338,148,2024-03-13,Returned,Spain,Small Business,2024-08-28,70.0,32.0,1.0,Sports,271.51,1772.0,PayPal,Success,271.51,False
338,148,2024-03-13,Returned,Spain,Small Business,2024-08-28,3146.0,66.0,2.0,Clothing,27.32,1772.0,PayPal,Success,54.64,False
339,161,2024-05-01,Delivered,Spain,Small Business,2023-04-28,3722.0,15.0,4.0,Home,213.77,1606.0,Card,Success,855.08,True
339,161,2024-05-01,Delivered,Spain,Small Business,2023-04-28,3927.0,73.0,4.0,Home,296.33,1606.0,Card,Success,1185.32,True
339,161,2024-05-01,Delivered,Spain,Small Business,2023-04-28,4256.0,11.0,4.0,Home,64.66,1606.0,Card,Success,258.64,True
339,161,2024-05-01,Delivered,Spain,Small Business,2023-04-28,4849.0,84.0,1.0,Clothing,416.17,1606.0,Card,Success,416.17,True
340,202,2024-01-30,Cancelled,Italy,Consumer,2024-05-27,4384.0,98.0,1.0,Electronics,260.05,1991.0,PayPal,Success,260.05,False
341,424,2024-07-06,Returned,Spain,Corporate,2023-03-19,1318.0,88.0,4.0,Sports,23.18,313.0,PayPal,Success,92.72,False
341,424,2024-07-06,Returned,Spain,Corporate,2023-03-19,1642.0,48.0,1.0,Electronics,48.83,313.0,PayPal,Success,48.83,False
342,416,2024-12-29,Returned,France,Consumer,2024-08-01,1268.0,51.0,2.0,Electronics,292.47,462.0,PayPal,Success,584.94,False
343,242,2024-12-19,Delivered,Spain,Small Business,2023-06-28,1447.0,50.0,4.0,Electronics,242.49,258.0,Bank Transfer,Success,969.96,True
343,242,2024-12-19,Delivered,Spain,Small Business,2023-06-28,2087.0,69.0,3.0,Sports,66.6,258.0,Bank Transfer,Success,199.79999999999998,True
344,353,2024-10-14,Delivered,France,Corporate,2023-06-26,3054.0,64.0,3.0,Sports,142.25,1585.0,Card,Success,426.75,True
344,353,2024-10-14,Delivered,France,Corporate,2023-06-26,4353.0,74.0,2.0,Home,491.25,1585.0,Card,Success,982.5,True
345,2,2024-07-13,Delivered,Italy,Consumer,2024-05-22,3798.0,83.0,3.0,Sports,119.13,,,,357.39,False
346,225,2024-06-04,Delivered,Germany,Consumer,2024-11-21,3230.0,10.0,2.0,Sports,159.86,47.0,Card,Success,319.72,True
347,289,2024-06-20,Delivered,France,Consumer,2023-05-14,1456.0,87.0,2.0,Home,195.12,1501.0,Card,Success,390.24,True
348,233,2024-11-30,Delivered,Italy,Consumer,2023-08-13,1508.0,53.0,4.0,Electronics,202.15,146.0,PayPal,Success,808.6,True
348,233,2024-11-30,Delivered,Italy,Consumer,2023-08-13,1511.0,88.0,2.0,Sports,23.18,146.0,PayPal,Success,46.36,True
348,233,2024-11-30,Delivered,Italy,Consumer,2023-08-13,1907.0,74.0,4.0,Home,491.25,146.0,PayPal,Success,1965.0,True
348,233,2024-11-30,Delivered,Italy,Consumer,2023-08-13,3161.0,36.0,1.0,Home,216.27,146.0,PayPal,Success,216.27,True
348,233,2024-11-30,Delivered,Italy,Consumer,2023-08-13,3458.0,21.0,1.0,Home,324.05,146.0,PayPal,Success,324.05,True
348,233,2024-11-30,Delivered,Italy,Consumer,2023-08-13,4242.0,40.0,4.0,Electronics,495.22,146.0,PayPal,Success,1980.88,True
349,461,2024-02-10,Delivered,Germany,Corporate,2023-06-07,2989.0,47.0,4.0,Electronics,31.08,1276.0,Bank Transfer,Success,124.32,True
350,414,2024-03-03,Delivered,France,Small Business,2023-08-27,,,,,,1129.0,Card,Success,,True
351,417,2024-01-23,Cancelled,France,Consumer,2023-02-20,222.0,52.0,2.0,Electronics,139.49,1958.0,Bank Transfer,Success,278.98,False
351,417,2024-01-23,Cancelled,France,Consumer,2023-02-20,3489.0,69.0,1.0,Sports,66.6,1958.0,Bank Transfer,Success,66.6,False
351,417,2024-01-23,Cancelled,France,Consumer,2023-02-20,3584.0,51.0,1.0,Electronics,292.47,1958.0,Bank Transfer,Success,292.47,False
352,77,2024-12-25,Delivered,Italy,Corporate,2023-12-29,,,,,,90.0,Card,Success,,True
353,116,2024-03-15,Cancelled,Italy,Corporate,2023-10-09,230.0,82.0,1.0,Home,419.72,1164.0,Bank Transfer,Success,419.72,False
353,116,2024-03-15,Cancelled,Italy,Corporate,2023-10-09,1831.0,93.0,4.0,Electronics,112.08,1164.0,Bank Transfer,Success,448.32,False
354,154,2024-02-17,Delivered,Spain,Consumer,2023-01-26,3621.0,83.0,4.0,Sports,119.13,728.0,Bank Transfer,Success,476.52,True
355,406,2024-06-08,Cancelled,Italy,Corporate,2023-06-27,2361.0,65.0,4.0,Home,455.62,819.0,Bank Transfer,Success,1822.48,False
355,406,2024-06-08,Cancelled,Italy,Corporate,2023-06-27,2938.0,28.0,2.0,Electronics,223.31,819.0,Bank Transfer,Success,446.62,False
356,103,2024-11-08,Delivered,Germany,Consumer,2023-04-21,,,,,,623.0,Card,Success,,True
357,194,2024-04-27,Delivered,Spain,Corporate,2023-11-14,2419.0,30.0,3.0,Sports,288.35,1151.0,Card,Success,865.0500000000001,True
357,194,2024-04-27,Delivered,Spain,Corporate,2023-11-14,4093.0,15.0,2.0,Home,213.77,1151.0,Card,Success,427.54,True
358,166,2024-04-09,Returned,France,Small Business,2024-07-12,4883.0,29.0,4.0,Clothing,205.22,836.0,Card,Success,820.88,False
359,359,2024-06-15,Delivered,France,Corporate,2024-04-13,289.0,61.0,3.0,Clothing,427.15,1507.0,PayPal,Success,1281.4499999999998,True
359,359,2024-06-15,Delivered,France,Corporate,2024-04-13,775.0,67.0,1.0,Clothing,59.19,1507.0,PayPal,Success,59.19,True
359,359,2024-06-15,Delivered,France,Corporate,2024-04-13,3506.0,25.0,1.0,Clothing,243.13,1507.0,PayPal,Success,243.13,True
359,359,2024-06-15,Delivered,France,Corporate,2024-04-13,3928.0,48.0,2.0,Electronics,48.83,1507.0,PayPal,Success,97.66,True
360,90,2024-10-16,Cancelled,Germany,Small Business,2024-04-18,2397.0,42.0,2.0,Clothing,96.81,1768.0,Card,Success,193.62,False
360,90,2024-10-16,Cancelled,Germany,Small Business,2024-04-18,4025.0,20.0,3.0,Clothing,263.61,1768.0,Card,Success,790.83,False
360,90,2024-10-16,Cancelled,Germany,Small Business,2024-04-18,4535.0,44.0,4.0,Clothing,466.63,1768.0,Card,Success,1866.52,False
361,174,2024-06-04,Delivered,Italy,Consumer,2023-09-16,3214.0,55.0,2.0,Sports,171.5,522.0,Bank Transfer,Success,343.0,True
361,174,2024-06-04,Delivered,Italy,Consumer,2023-09-16,4505.0,19.0,1.0,Clothing,230.3,522.0,Bank Transfer,Success,230.3,True
362,122,2024-01-07,Delivered,Unknown,Consumer,2024-03-12,152.0,7.0,1.0,Electronics,499.68,1540.0,Bank Transfer,Success,499.68,True
362,122,2024-01-07,Delivered,Unknown,Consumer,2024-03-12,2029.0,66.0,2.0,Clothing,27.32,1540.0,Bank Transfer,Success,54.64,True
363,498,2024-07-14,Delivered,Italy,Consumer,2023-01-27,1686.0,76.0,2.0,Electronics,302.4,621.0,Bank Transfer,Success,604.8,True
363,498,2024-07-14,Delivered,Italy,Consumer,2023-01-27,3305.0,49.0,3.0,Sports,23.61,621.0,Bank Transfer,Success,70.83,True
363,498,2024-07-14,Delivered,Italy,Consumer,2023-01-27,4615.0,39.0,1.0,Home,233.66,621.0,Bank Transfer,Success,233.66,True
364,143,2024-02-25,Delivered,Italy,Corporate,2024-04-12,3369.0,33.0,3.0,Home,332.52,1044.0,PayPal,Success,997.56,True
365,482,2024-11-16,Delivered,Germany,Corporate,2024-09-01,215.0,74.0,2.0,Home,491.25,1979.0,PayPal,Failed,982.5,False
365,482,2024-11-16,Delivered,Germany,Corporate,2024-09-01,229.0,86.0,2.0,Sports,28.24,1979.0,PayPal,Failed,56.48,False
365,482,2024-11-16,Delivered,Germany,Corporate,2024-09-01,319.0,15.0,4.0,Home,213.77,1979.0,PayPal,Failed,855.08,False
365,482,2024-11-16,Delivered,Germany,Corporate,2024-09-01,1368.0,53.0,4.0,Electronics,202.15,1979.0,PayPal,Failed,808.6,False
365,482,2024-11-16,Delivered,Germany,Corporate,2024-09-01,2311.0,13.0,2.0,Sports,100.34,1979.0,PayPal,Failed,200.68,False
365,482,2024-11-16,Delivered,Germany,Corporate,2024-09-01,4406.0,59.0,2.0,Home,236.32,1979.0,PayPal,Failed,472.64,False
366,106,2024-07-11,Delivered,Germany,Corporate,2024-04-14,,,,,,493.0,Bank Transfer,Success,,True
367,375,2024-02-16,Delivered,France,Consumer,2023-11-14,1067.0,15.0,1.0,Home,213.77,1148.0,PayPal,Success,213.77,True
367,375,2024-02-16,Delivered,France,Consumer,2023-11-14,4366.0,99.0,4.0,Clothing,248.14,1148.0,PayPal,Success,992.56,True
368,428,2024-05-27,Delivered,Italy,Consumer,2024-03-27,1485.0,79.0,3.0,Electronics,372.96,1152.0,PayPal,Success,1118.8799999999999,True
368,428,2024-05-27,Delivered,Italy,Consumer,2024-03-27,2493.0,39.0,2.0,Home,233.66,1152.0,PayPal,Success,467.32,True
368,428,2024-05-27,Delivered,Italy,Consumer,2024-03-27,3376.0,42.0,4.0,Clothing,96.81,1152.0,PayPal,Success,387.24,True
369,305,2024-10-01,Returned,Germany,Corporate,2023-05-13,3413.0,72.0,2.0,Sports,133.2,388.0,PayPal,Success,266.4,False
369,305,2024-10-01,Returned,Germany,Corporate,2023-05-13,4742.0,7.0,2.0,Electronics,499.68,388.0,PayPal,Success,999.36,False
370,360,2024-06-05,Returned,Spain,Corporate,2023-02-18,2353.0,93.0,4.0,Electronics,112.08,472.0,Bank Transfer,Success,448.32,False
370,360,2024-06-05,Returned,Spain,Corporate,2023-02-18,3096.0,17.0,1.0,Sports,373.81,472.0,Bank Transfer,Success,373.81,False
371,459,2024-07-20,Delivered,Spain,Consumer,2023-10-07,1536.0,21.0,3.0,Home,324.05,539.0,Bank Transfer,Success,972.1500000000001,True
371,459,2024-07-20,Delivered,Spain,Consumer,2023-10-07,2691.0,39.0,2.0,Home,233.66,539.0,Bank Transfer,Success,467.32,True
371,459,2024-07-20,Delivered,Spain,Consumer,2023-10-07,4111.0,39.0,3.0,Home,233.66,539.0,Bank Transfer,Success,700.98,True
372,317,2024-05-05,Delivered,Spain,Consumer,2024-02-09,4207.0,26.0,4.0,Electronics,443.07,12.0,PayPal,Success,1772.28,True
372,317,2024-05-05,Delivered,Spain,Consumer,2024-02-09,4662.0,43.0,4.0,Electronics,195.06,12.0,PayPal,Success,780.24,True
373,451,2024-10-31,Delivered,Germany,Corporate,2024-06-15,151.0,92.0,1.0,Home,316.74,569.0,Bank Transfer,Success,316.74,True
373,451,2024-10-31,Delivered,Germany,Corporate,2024-06-15,1977.0,28.0,1.0,Electronics,223.31,569.0,Bank Transfer,Success,223.31,True
373,451,2024-10-31,Delivered,Germany,Corporate,2024-06-15,4264.0,63.0,1.0,Sports,296.61,569.0,Bank Transfer,Success,296.61,True
374,123,2024-10-20,Delivered,Germany,Corporate,2024-10-23,3370.0,41.0,3.0,Home,5.12,334.0,Bank Transfer,Success,15.36,True
374,123,2024-10-20,Delivered,Germany,Corporate,2024-10-23,4774.0,18.0,1.0,Home,32.17,334.0,Bank Transfer,Success,32.17,True
375,390,2024-03-04,Cancelled,France,Corporate,2023-07-13,2807.0,93.0,1.0,Electronics,112.08,1045.0,Card,Success,112.08,False
376,9,2024-11-20,Returned,Spain,Corporate,2023-02-12,79.0,92.0,2.0,Home,316.74,1645.0,PayPal,Success,633.48,False
376,9,2024-11-20,Returned,Spain,Corporate,2023-02-12,2033.0,79.0,2.0,Electronics,372.96,1645.0,PayPal,Success,745.92,False
376,9,2024-11-20,Returned,Spain,Corporate,2023-02-12,2117.0,6.0,4.0,Clothing,296.19,1645.0,PayPal,Success,1184.76,False
376,9,2024-11-20,Returned,Spain,Corporate,2023-02-12,3138.0,93.0,2.0,Electronics,112.08,1645.0,PayPal,Success,224.16,False
377,262,2024-06-24,Delivered,Germany,Small Business,2024-06-05,721.0,54.0,1.0,Home,50.39,824.0,Bank Transfer,Success,50.39,True
377,262,2024-06-24,Delivered,Germany,Small Business,2024-06-05,2227.0,67.0,1.0,Clothing,59.19,824.0,Bank Transfer,Success,59.19,True
378,73,2024-04-25,Delivered,France,Consumer,2023-11-08,2627.0,48.0,2.0,Electronics,48.83,619.0,Card,Success,97.66,True
378,73,2024-04-25,Delivered,France,Consumer,2023-11-08,2887.0,80.0,4.0,Home,37.17,619.0,Card,Success,148.68,True
378,73,2024-04-25,Delivered,France,Consumer,2023-11-08,4884.0,25.0,2.0,Clothing,243.13,619.0,Card,Success,486.26,True
379,359,2024-07-22,Delivered,France,Corporate,2024-04-13,3348.0,1.0,2.0,Electronics,325.1,948.0,PayPal,Success,650.2,True
380,223,2024-11-16,Returned,Germany,Corporate,2024-09-07,,,,,,1143.0,Bank Transfer,Success,,False
381,416,2024-01-31,Delivered,France,Consumer,2024-08-01,672.0,40.0,4.0,Electronics,495.22,1360.0,PayPal,Failed,1980.88,False
381,416,2024-01-31,Delivered,France,Consumer,2024-08-01,4599.0,15.0,2.0,Home,213.77,1360.0,PayPal,Failed,427.54,False
381,416,2024-01-31,Delivered,France,Consumer,2024-08-01,4829.0,13.0,4.0,Sports,100.34,1360.0,PayPal,Failed,401.36,False
382,41,2024-04-22,Delivered,Spain,Consumer,2023-03-19,239.0,68.0,2.0,Clothing,198.86,656.0,PayPal,Success,397.72,True
382,41,2024-04-22,Delivered,Spain,Consumer,2023-03-19,954.0,69.0,2.0,Sports,66.6,656.0,PayPal,Success,133.2,True
382,41,2024-04-22,Delivered,Spain,Consumer,2023-03-19,1458.0,87.0,4.0,Home,195.12,656.0,PayPal,Success,780.48,True
382,41,2024-04-22,Delivered,Spain,Consumer,2023-03-19,4412.0,79.0,2.0,Electronics,372.96,656.0,PayPal,Success,745.92,True
383,370,2024-12-30,Delivered,Spain,Small Business,2024-07-14,386.0,100.0,2.0,Electronics,498.19,475.0,Bank Transfer,Success,996.38,True
383,370,2024-12-30,Delivered,Spain,Small Business,2024-07-14,447.0,92.0,2.0,Home,316.74,475.0,Bank Transfer,Success,633.48,True
383,370,2024-12-30,Delivered,Spain,Small Business,2024-07-14,2919.0,44.0,4.0,Clothing,466.63,475.0,Bank Transfer,Success,1866.52,True
384,204,2024-11-20,Delivered,France,Corporate,2023-11-16,495.0,30.0,3.0,Sports,288.35,1836.0,Bank Transfer,Success,865.0500000000001,True
385,264,2024-12-09,Delivered,France,Consumer,2024-09-26,358.0,31.0,3.0,Home,402.97,757.0,Bank Transfer,Success,1208.91,True
385,264,2024-12-09,Delivered,France,Consumer,2024-09-26,1753.0,93.0,4.0,Electronics,112.08,757.0,Bank Transfer,Success,448.32,True
386,328,2024-03-07,Returned,Spain,Corporate,2023-05-17,3131.0,25.0,2.0,Clothing,243.13,1487.0,Card,Success,486.26,False
386,328,2024-03-07,Returned,Spain,Corporate,2023-05-17,4033.0,5.0,3.0,Home,26.86,1487.0,Card,Success,80.58,False
387,178,2024-03-15,Delivered,Spain,Consumer,2023-09-18,554.0,32.0,2.0,Sports,271.51,983.0,PayPal,Success,543.02,True
387,178,2024-03-15,Delivered,Spain,Consumer,2023-09-18,630.0,8.0,4.0,Electronics,280.12,983.0,PayPal,Success,1120.48,True
387,178,2024-03-15,Delivered,Spain,Consumer,2023-09-18,657.0,94.0,1.0,Clothing,261.54,983.0,PayPal,Success,261.54,True
387,178,2024-03-15,Delivered,Spain,Consumer,2023-09-18,699.0,14.0,2.0,Electronics,62.06,983.0,PayPal,Success,124.12,True
387,178,2024-03-15,Delivered,Spain,Consumer,2023-09-18,1573.0,56.0,3.0,Clothing,263.65,983.0,PayPal,Success,790.9499999999999,True
387,178,2024-03-15,Delivered,Spain,Consumer,2023-09-18,1732.0,90.0,2.0,Electronics,413.97,983.0,PayPal,Success,827.94,True
387,178,2024-03-15,Delivered,Spain,Consumer,2023-09-18,4194.0,25.0,1.0,Clothing,243.13,983.0,PayPal,Success,243.13,True
387,178,2024-03-15,Delivered,Spain,Consumer,2023-09-18,4284.0,100.0,4.0,Electronics,498.19,983.0,PayPal,Success,1992.76,True
387,178,2024-03-15,Delivered,Spain,Consumer,2023-09-18,4561.0,52.0,4.0,Electronics,139.49,983.0,PayPal,Success,557.96,True
388,348,2024-02-14,Delivered,Italy,Corporate,2024-10-25,550.0,49.0,3.0,Sports,23.61,1881.0,Card,Success,70.83,True
389,318,2024-09-16,Delivered,France,Small Business,2023-12-12,127.0,9.0,1.0,Home,239.24,1963.0,Card,Success,239.24,True
389,318,2024-09-16,Delivered,France,Small Business,2023-12-12,2580.0,77.0,4.0,Electronics,452.34,1963.0,Card,Success,1809.36,True
389,318,2024-09-16,Delivered,France,Small Business,2023-12-12,4039.0,73.0,4.0,Home,296.33,1963.0,Card,Success,1185.32,True
390,84,2024-06-02,Delivered,Italy,Corporate,2024-04-29,1378.0,21.0,4.0,Home,324.05,232.0,Bank Transfer,Success,1296.2,True
390,84,2024-06-02,Delivered,Italy,Corporate,2024-04-29,2035.0,32.0,2.0,Sports,271.51,232.0,Bank Transfer,Success,543.02,True
390,84,2024-06-02,Delivered,Italy,Corporate,2024-04-29,4309.0,58.0,4.0,Home,6.66,232.0,Bank Transfer,Success,26.64,True
391,318,2024-06-03,Delivered,France,Small Business,2023-12-12,962.0,76.0,2.0,Electronics,302.4,75.0,Card,Success,604.8,True
391,318,2024-06-03,Delivered,France,Small Business,2023-12-12,2412.0,98.0,1.0,Electronics,260.05,75.0,Card,Success,260.05,True
392,111,2024-12-28,Delivered,Italy,Consumer,2024-07-07,,,,,,1267.0,PayPal,Success,,True
393,251,2024-08-21,Delivered,Germany,Consumer,2023-08-19,1263.0,4.0,3.0,Sports,336.61,1921.0,PayPal,Success,1009.83,True
393,251,2024-08-21,Delivered,Germany,Consumer,2023-08-19,2934.0,86.0,4.0,Sports,28.24,1921.0,PayPal,Success,112.96,True
393,251,2024-08-21,Delivered,Germany,Consumer,2023-08-19,2951.0,50.0,3.0,Electronics,242.49,1921.0,PayPal,Success,727.47,True
393,251,2024-08-21,Delivered,Germany,Consumer,2023-08-19,4886.0,14.0,4.0,Electronics,62.06,1921.0,PayPal,Success,248.24,True
394,383,2024-02-20,Delivered,Italy,Small Business,2023-05-24,3206.0,51.0,1.0,Electronics,292.47,1192.0,PayPal,Success,292.47,True
395,7,2024-11-01,Delivered,France,Corporate,2023-07-24,348.0,75.0,4.0,Electronics,442.68,479.0,PayPal,Success,1770.72,True
395,7,2024-11-01,Delivered,France,Corporate,2023-07-24,2880.0,48.0,1.0,Electronics,48.83,479.0,PayPal,Success,48.83,True
396,459,2024-09-18,Delivered,Spain,Consumer,2023-10-07,3066.0,50.0,4.0,Electronics,242.49,977.0,Card,Success,969.96,True
396,459,2024-09-18,Delivered,Spain,Consumer,2023-10-07,3447.0,50.0,2.0,Electronics,242.49,977.0,Card,Success,484.98,True
396,459,2024-09-18,Delivered,Spain,Consumer,2023-10-07,3564.0,65.0,2.0,Home,455.62,977.0,Card,Success,911.24,True
397,84,2024-11-10,Cancelled,Italy,Corporate,2024-04-29,2132.0,13.0,2.0,Sports,100.34,1973.0,Card,Success,200.68,False
397,84,2024-11-10,Cancelled,Italy,Corporate,2024-04-29,3040.0,34.0,3.0,Home,370.24,1973.0,Card,Success,1110.72,False
398,208,2024-05-04,Delivered,Italy,Consumer,2023-09-27,1512.0,83.0,4.0,Sports,119.13,771.0,PayPal,Success,476.52,True
398,208,2024-05-04,Delivered,Italy,Consumer,2023-09-27,1673.0,27.0,3.0,Sports,267.48,771.0,PayPal,Success,802.44,True
399,388,2024-09-01,Delivered,Spain,Corporate,2024-01-06,1740.0,10.0,3.0,Sports,159.86,552.0,Bank Transfer,Success,479.58000000000004,True
399,388,2024-09-01,Delivered,Spain,Corporate,2024-01-06,4016.0,96.0,3.0,Clothing,264.89,552.0,Bank Transfer,Success,794.67,True
399,388,2024-09-01,Delivered,Spain,Corporate,2024-01-06,4597.0,44.0,4.0,Clothing,466.63,552.0,Bank Transfer,Success,1866.52,True
400,390,2024-01-30,Delivered,France,Corporate,2023-07-13,3006.0,49.0,4.0,Sports,23.61,351.0,PayPal,Success,94.44,True
401,314,2024-05-01,Delivered,Spain,Corporate,2023-10-24,1358.0,29.0,3.0,Clothing,205.22,1587.0,Card,Success,615.66,True
401,314,2024-05-01,Delivered,Spain,Corporate,2023-10-24,1824.0,94.0,3.0,Clothing,261.54,1587.0,Card,Success,784.6200000000001,True
401,314,2024-05-01,Delivered,Spain,Corporate,2023-10-24,2249.0,76.0,1.0,Electronics,302.4,1587.0,Card,Success,302.4,True
401,314,2024-05-01,Delivered,Spain,Corporate,2023-10-24,4613.0,22.0,2.0,Home,326.83,1587.0,Card,Success,653.66,True
402,22,2024-05-04,Delivered,France,Corporate,2023-04-03,106.0,49.0,3.0,Sports,23.61,562.0,Bank Transfer,Success,70.83,True
403,410,2024-02-06,Delivered,Unknown,Consumer,2023-11-09,1252.0,63.0,4.0,Sports,296.61,1809.0,PayPal,Success,1186.44,True
403,410,2024-02-06,Delivered,Unknown,Consumer,2023-11-09,2258.0,66.0,4.0,Clothing,27.32,1809.0,PayPal,Success,109.28,True
403,410,2024-02-06,Delivered,Unknown,Consumer,2023-11-09,2993.0,47.0,4.0,Electronics,31.08,1809.0,PayPal,Success,124.32,True
403,410,2024-02-06,Delivered,Unknown,Consumer,2023-11-09,4420.0,39.0,3.0,Home,233.66,1809.0,PayPal,Success,700.98,True
404,383,2024-06-18,Delivered,Italy,Small Business,2023-05-24,,,,,,1566.0,PayPal,Success,,True
405,3,2024-05-03,Delivered,France,Consumer,2023-03-10,1912.0,86.0,4.0,Sports,28.24,209.0,PayPal,Success,112.96,True
405,3,2024-05-03,Delivered,France,Consumer,2023-03-10,2653.0,56.0,1.0,Clothing,263.65,209.0,PayPal,Success,263.65,True
405,3,2024-05-03,Delivered,France,Consumer,2023-03-10,4317.0,71.0,2.0,Electronics,400.0,209.0,PayPal,Success,800.0,True
406,127,2024-12-22,Delivered,Germany,Consumer,2024-09-15,3477.0,83.0,1.0,Sports,119.13,1614.0,Bank Transfer,Success,119.13,True
406,127,2024-12-22,Delivered,Germany,Consumer,2024-09-15,3986.0,18.0,4.0,Home,32.17,1614.0,Bank Transfer,Success,128.68,True
407,297,2024-02-04,Cancelled,Germany,Corporate,2024-09-07,1717.0,52.0,4.0,Electronics,139.49,1648.0,Bank Transfer,Failed,557.96,False
407,297,2024-02-04,Cancelled,Germany,Corporate,2024-09-07,3282.0,18.0,1.0,Home,32.17,1648.0,Bank Transfer,Failed,32.17,False
408,188,2024-03-27,Returned,Spain,Corporate,2023-11-25,633.0,93.0,4.0,Electronics,112.08,1150.0,Card,Success,448.32,False
408,188,2024-03-27,Returned,Spain,Corporate,2023-11-25,2748.0,78.0,1.0,Clothing,494.65,1150.0,Card,Success,494.65,False
409,362,2024-05-13,Delivered,France,Corporate,2023-12-27,1253.0,26.0,1.0,Electronics,443.07,1825.0,Card,Success,443.07,True
409,362,2024-05-13,Delivered,France,Corporate,2023-12-27,2377.0,42.0,2.0,Clothing,96.81,1825.0,Card,Success,193.62,True
410,14,2024-07-14,Delivered,Spain,Corporate,2024-01-09,383.0,46.0,1.0,Electronics,9.7,1326.0,Card,Success,9.7,True
410,14,2024-07-14,Delivered,Spain,Corporate,2024-01-09,1222.0,29.0,2.0,Clothing,205.22,1326.0,Card,Success,410.44,True
411,459,2024-09-30,Cancelled,Spain,Consumer,2023-10-07,3068.0,1.0,3.0,Electronics,325.1,1893.0,Card,Success,975.3000000000001,False
412,466,2024-07-19,Returned,Spain,Small Business,2023-07-28,233.0,43.0,1.0,Electronics,195.06,618.0,Bank Transfer,Success,195.06,False
412,466,2024-07-19,Returned,Spain,Small Business,2023-07-28,4131.0,15.0,2.0,Home,213.77,618.0,Bank Transfer,Success,427.54,False
412,466,2024-07-19,Returned,Spain,Small Business,2023-07-28,4285.0,46.0,3.0,Electronics,9.7,618.0,Bank Transfer,Success,29.099999999999998,False
412,466,2024-07-19,Returned,Spain,Small Business,2023-07-28,4385.0,12.0,4.0,Sports,366.86,618.0,Bank Transfer,Success,1467.44,False
412,466,2024-07-19,Returned,Spain,Small Business,2023-07-28,4398.0,31.0,1.0,Home,402.97,618.0,Bank Transfer,Success,402.97,False
412,466,2024-07-19,Returned,Spain,Small Business,2023-07-28,4822.0,83.0,1.0,Sports,119.13,618.0,Bank Transfer,Success,119.13,False
413,12,2024-10-11,Delivered,Spain,Corporate,2023-07-02,1024.0,61.0,2.0,Clothing,427.15,999.0,PayPal,Success,854.3,True
413,12,2024-10-11,Delivered,Spain,Corporate,2023-07-02,1356.0,8.0,3.0,Electronics,280.12,999.0,PayPal,Success,840.36,True
414,87,2024-03-17,Delivered,Germany,Small Business,2023-09-30,2571.0,78.0,3.0,Clothing,494.65,332.0,PayPal,Success,1483.9499999999998,True
415,12,2024-02-28,Delivered,Spain,Corporate,2023-07-02,766.0,4.0,3.0,Sports,336.61,803.0,Bank Transfer,Success,1009.83,True
415,12,2024-02-28,Delivered,Spain,Corporate,2023-07-02,1446.0,90.0,3.0,Electronics,413.97,803.0,Bank Transfer,Success,1241.91,True
416,397,2024-05-05,Delivered,Italy,Consumer,2023-09-21,640.0,63.0,3.0,Sports,296.61,1422.0,Bank Transfer,Success,889.83,True
416,397,2024-05-05,Delivered,Italy,Consumer,2023-09-21,1033.0,3.0,3.0,Electronics,30.54,1422.0,Bank Transfer,Success,91.62,True
416,397,2024-05-05,Delivered,Italy,Consumer,2023-09-21,1141.0,31.0,1.0,Home,402.97,1422.0,Bank Transfer,Success,402.97,True
416,397,2024-05-05,Delivered,Italy,Consumer,2023-09-21,4121.0,100.0,2.0,Electronics,498.19,1422.0,Bank Transfer,Success,996.38,True
416,397,2024-05-05,Delivered,Italy,Consumer,2023-09-21,4951.0,64.0,1.0,Sports,142.25,1422.0,Bank Transfer,Success,142.25,True
417,25,2024-04-18,Delivered,Italy,Consumer,2024-09-25,98.0,29.0,1.0,Clothing,205.22,55.0,Bank Transfer,Success,205.22,True
417,25,2024-04-18,Delivered,Italy,Consumer,2024-09-25,417.0,18.0,4.0,Home,32.17,55.0,Bank Transfer,Success,128.68,True
417,25,2024-04-18,Delivered,Italy,Consumer,2024-09-25,639.0,2.0,4.0,Home,348.12,55.0,Bank Transfer,Success,1392.48,True
417,25,2024-04-18,Delivered,Italy,Consumer,2024-09-25,1483.0,68.0,3.0,Clothing,198.86,55.0,Bank Transfer,Success,596.58,True
418,301,2024-08-11,Delivered,France,Corporate,2024-11-13,1488.0,97.0,4.0,Sports,133.82,865.0,Card,Success,535.28,True
418,301,2024-08-11,Delivered,France,Corporate,2024-11-13,2038.0,1.0,2.0,Electronics,325.1,865.0,Card,Success,650.2,True
419,243,2024-10-04,Delivered,Italy,Consumer,2024-07-07,1592.0,52.0,1.0,Electronics,139.49,1917.0,Card,Success,139.49,True
419,243,2024-10-04,Delivered,Italy,Consumer,2024-07-07,1932.0,4.0,3.0,Sports,336.61,1917.0,Card,Success,1009.83,True
419,243,2024-10-04,Delivered,Italy,Consumer,2024-07-07,4126.0,80.0,3.0,Home,37.17,1917.0,Card,Success,111.51,True
420,122,2024-03-08,Delivered,Unknown,Consumer,2024-03-12,406.0,27.0,1.0,Sports,267.48,360.0,PayPal,Success,267.48,True
420,122,2024-03-08,Delivered,Unknown,Consumer,2024-03-12,852.0,77.0,4.0,Electronics,452.34,360.0,PayPal,Success,1809.36,True
421,147,2024-03-09,Delivered,Spain,Corporate,2023-04-28,1507.0,69.0,4.0,Sports,66.6,239.0,Card,Failed,266.4,False
421,147,2024-03-09,Delivered,Spain,Corporate,2023-04-28,4707.0,12.0,1.0,Sports,366.86,239.0,Card,Failed,366.86,False
422,55,2024-06-13,Delivered,Spain,Consumer,2023-09-14,,,,,,1776.0,Bank Transfer,Failed,,False
423,238,2024-10-31,Delivered,Germany,Corporate,2023-07-17,,,,,,1236.0,Bank Transfer,Success,,True
424,356,2024-06-10,Delivered,Spain,Small Business,2024-10-23,393.0,67.0,4.0,Clothing,59.19,873.0,Bank Transfer,Success,236.76,True
424,356,2024-06-10,Delivered,Spain,Small Business,2024-10-23,393.0,67.0,4.0,Clothing,59.19,1416.0,PayPal,Failed,236.76,False
425,173,2024-12-30,Delivered,Unknown,Consumer,2024-05-25,1668.0,93.0,1.0,Electronics,112.08,762.0,Bank Transfer,Success,112.08,True
426,392,2024-12-07,Returned,Spain,Consumer,2023-04-23,4311.0,94.0,2.0,Clothing,261.54,729.0,Bank Transfer,Failed,523.08,False
426,392,2024-12-07,Returned,Spain,Consumer,2023-04-23,4810.0,32.0,4.0,Sports,271.51,729.0,Bank Transfer,Failed,1086.04,False
427,221,2024-11-04,Delivered,Spain,Small Business,2023-10-23,761.0,15.0,1.0,Home,213.77,159.0,PayPal,Success,213.77,True
427,221,2024-11-04,Delivered,Spain,Small Business,2023-10-23,777.0,15.0,1.0,Home,213.77,159.0,PayPal,Success,213.77,True
427,221,2024-11-04,Delivered,Spain,Small Business,2023-10-23,1244.0,24.0,4.0,Clothing,282.54,159.0,PayPal,Success,1130.16,True
427,221,2024-11-04,Delivered,Spain,Small Business,2023-10-23,4717.0,90.0,1.0,Electronics,413.97,159.0,PayPal,Success,413.97,True
428,119,2024-12-08,Delivered,Italy,Small Business,2023-11-11,976.0,5.0,1.0,Home,26.86,763.0,PayPal,Success,26.86,True
428,119,2024-12-08,Delivered,Italy,Small Business,2023-11-11,2369.0,48.0,2.0,Electronics,48.83,763.0,PayPal,Success,97.66,True
428,119,2024-12-08,Delivered,Italy,Small Business,2023-11-11,3421.0,7.0,2.0,Electronics,499.68,763.0,PayPal,Success,999.36,True
429,309,2024-02-11,Delivered,Unknown,Small Business,2024-01-13,1259.0,80.0,3.0,Home,37.17,834.0,PayPal,Success,111.51,True
429,309,2024-02-11,Delivered,Unknown,Small Business,2024-01-13,4056.0,40.0,4.0,Electronics,495.22,834.0,PayPal,Success,1980.88,True
430,183,2024-12-19,Delivered,Germany,Consumer,2024-10-03,2273.0,15.0,3.0,Home,213.77,1594.0,Card,Success,641.3100000000001,True
430,183,2024-12-19,Delivered,Germany,Consumer,2024-10-03,4390.0,13.0,2.0,Sports,100.34,1594.0,Card,Success,200.68,True
431,288,2024-04-18,Returned,France,Small Business,2024-07-03,888.0,9.0,1.0,Home,239.24,1692.0,Card,Success,239.24,False
431,288,2024-04-18,Returned,France,Small Business,2024-07-03,1671.0,3.0,3.0,Electronics,30.54,1692.0,Card,Success,91.62,False
431,288,2024-04-18,Returned,France,Small Business,2024-07-03,3894.0,47.0,3.0,Electronics,31.08,1692.0,Card,Success,93.24,False
432,307,2024-02-20,Delivered,Italy,Small Business,2023-04-16,,,,,,1960.0,Card,Success,,True
433,300,2024-09-06,Delivered,Italy,Consumer,2024-09-07,390.0,63.0,4.0,Sports,296.61,1966.0,PayPal,Success,1186.44,True
434,82,2024-12-06,Delivered,Italy,Corporate,2023-07-11,401.0,75.0,1.0,Electronics,442.68,589.0,Card,Success,442.68,True
434,82,2024-12-06,Delivered,Italy,Corporate,2023-07-11,411.0,69.0,1.0,Sports,66.6,589.0,Card,Success,66.6,True
434,82,2024-12-06,Delivered,Italy,Corporate,2023-07-11,868.0,97.0,4.0,Sports,133.82,589.0,Card,Success,535.28,True
434,82,2024-12-06,Delivered,Italy,Corporate,2023-07-11,2508.0,38.0,4.0,Clothing,211.67,589.0,Card,Success,846.68,True
434,82,2024-12-06,Delivered,Italy,Corporate,2023-07-11,4735.0,59.0,2.0,Home,236.32,589.0,Card,Success,472.64,True
435,454,2024-01-21,Delivered,Germany,Small Business,2023-08-14,3659.0,80.0,3.0,Home,37.17,1011.0,Bank Transfer,Success,111.51,True
435,454,2024-01-21,Delivered,Germany,Small Business,2023-08-14,4304.0,6.0,4.0,Clothing,296.19,1011.0,Bank Transfer,Success,1184.76,True
436,402,2024-10-26,Cancelled,Italy,Consumer,2024-01-15,1.0,19.0,2.0,Clothing,230.3,1934.0,Bank Transfer,Success,460.6,False
436,402,2024-10-26,Cancelled,Italy,Consumer,2024-01-15,4023.0,11.0,2.0,Home,64.66,1934.0,Bank Transfer,Success,129.32,False
437,211,2024-05-18,Cancelled,Spain,Consumer,2023-01-05,3938.0,90.0,4.0,Electronics,413.97,1812.0,Card,Success,1655.88,False
438,150,2024-12-24,Delivered,Italy,Corporate,2024-07-27,873.0,98.0,2.0,Electronics,260.05,1127.0,Card,Success,520.1,True
438,150,2024-12-24,Delivered,Italy,Corporate,2024-07-27,2634.0,64.0,4.0,Sports,142.25,1127.0,Card,Success,569.0,True
438,150,2024-12-24,Delivered,Italy,Corporate,2024-07-27,4696.0,13.0,4.0,Sports,100.34,1127.0,Card,Success,401.36,True
439,37,2024-11-19,Delivered,Italy,Consumer,2024-06-07,1048.0,76.0,3.0,Electronics,302.4,496.0,Bank Transfer,Success,907.1999999999999,True
440,352,2024-04-01,Cancelled,France,Consumer,2023-06-10,660.0,62.0,1.0,Electronics,359.2,800.0,Bank Transfer,Failed,359.2,False
440,352,2024-04-01,Cancelled,France,Consumer,2023-06-10,4394.0,29.0,2.0,Clothing,205.22,800.0,Bank Transfer,Failed,410.44,False
441,312,2024-10-06,Returned,Spain,Corporate,2024-04-06,2431.0,7.0,1.0,Electronics,499.68,454.0,Card,Success,499.68,False
441,312,2024-10-06,Returned,Spain,Corporate,2024-04-06,3099.0,84.0,2.0,Clothing,416.17,454.0,Card,Success,832.34,False
441,312,2024-10-06,Returned,Spain,Corporate,2024-04-06,3550.0,2.0,4.0,Home,348.12,454.0,Card,Success,1392.48,False
442,361,2024-05-04,Delivered,Italy,Consumer,2023-03-25,204.0,81.0,3.0,Electronics,203.78,8.0,PayPal,Success,611.34,True
442,361,2024-05-04,Delivered,Italy,Consumer,2023-03-25,329.0,22.0,3.0,Home,326.83,8.0,PayPal,Success,980.49,True
442,361,2024-05-04,Delivered,Italy,Consumer,2023-03-25,372.0,87.0,3.0,Home,195.12,8.0,PayPal,Success,585.36,True
442,361,2024-05-04,Delivered,Italy,Consumer,2023-03-25,3451.0,78.0,4.0,Clothing,494.65,8.0,PayPal,Success,1978.6,True
442,361,2024-05-04,Delivered,Italy,Consumer,2023-03-25,4350.0,57.0,2.0,Electronics,367.47,8.0,PayPal,Success,734.94,True
443,59,2024-04-20,Delivered,Spain,Consumer,2024-11-22,124.0,68.0,2.0,Clothing,198.86,1132.0,Card,Success,397.72,True
443,59,2024-04-20,Delivered,Spain,Consumer,2024-11-22,694.0,36.0,1.0,Home,216.27,1132.0,Card,Success,216.27,True
443,59,2024-04-20,Delivered,Spain,Consumer,2024-11-22,1309.0,84.0,4.0,Clothing,416.17,1132.0,Card,Success,1664.68,True
444,131,2024-12-19,Delivered,Italy,Corporate,2023-12-16,900.0,68.0,2.0,Clothing,198.86,166.0,Bank Transfer,Success,397.72,True
444,131,2024-12-19,Delivered,Italy,Corporate,2023-12-16,2230.0,18.0,3.0,Home,32.17,166.0,Bank Transfer,Success,96.51,True
444,131,2024-12-19,Delivered,Italy,Corporate,2023-12-16,2581.0,79.0,4.0,Electronics,372.96,166.0,Bank Transfer,Success,1491.84,True
444,131,2024-12-19,Delivered,Italy,Corporate,2023-12-16,3110.0,48.0,2.0,Electronics,48.83,166.0,Bank Transfer,Success,97.66,True
444,131,2024-12-19,Delivered,Italy,Corporate,2023-12-16,4552.0,5.0,2.0,Home,26.86,166.0,Bank Transfer,Success,53.72,True
445,412,2024-05-18,Cancelled,Italy,Corporate,2023-11-24,930.0,43.0,1.0,Electronics,195.06,1348.0,PayPal,Success,195.06,False
445,412,2024-05-18,Cancelled,Italy,Corporate,2023-11-24,1050.0,87.0,3.0,Home,195.12,1348.0,PayPal,Success,585.36,False
445,412,2024-05-18,Cancelled,Italy,Corporate,2023-11-24,3908.0,53.0,3.0,Electronics,202.15,1348.0,PayPal,Success,606.45,False
446,202,2024-09-29,Delivered,Italy,Consumer,2024-05-27,1265.0,4.0,4.0,Sports,336.61,167.0,Card,Success,1346.44,True
446,202,2024-09-29,Delivered,Italy,Consumer,2024-05-27,3673.0,80.0,3.0,Home,37.17,167.0,Card,Success,111.51,True
446,202,2024-09-29,Delivered,Italy,Consumer,2024-05-27,4716.0,56.0,1.0,Clothing,263.65,167.0,Card,Success,263.65,True
447,243,2024-04-08,Delivered,Italy,Consumer,2024-07-07,198.0,8.0,1.0,Electronics,280.12,1686.0,PayPal,Success,280.12,True
447,243,2024-04-08,Delivered,Italy,Consumer,2024-07-07,2212.0,17.0,4.0,Sports,373.81,1686.0,PayPal,Success,1495.24,True
447,243,2024-04-08,Delivered,Italy,Consumer,2024-07-07,3279.0,11.0,2.0,Home,64.66,1686.0,PayPal,Success,129.32,True
448,35,2024-09-08,Delivered,Germany,Small Business,2024-10-06,1874.0,58.0,4.0,Home,6.66,381.0,PayPal,Success,26.64,True
448,35,2024-09-08,Delivered,Germany,Small Business,2024-10-06,2098.0,71.0,4.0,Electronics,400.0,381.0,PayPal,Success,1600.0,True
448,35,2024-09-08,Delivered,Germany,Small Business,2024-10-06,4633.0,59.0,1.0,Home,236.32,381.0,PayPal,Success,236.32,True
449,445,2024-12-03,Delivered,Italy,Consumer,2024-05-28,1158.0,45.0,1.0,Clothing,39.66,66.0,Card,Success,39.66,True
449,445,2024-12-03,Delivered,Italy,Consumer,2024-05-28,1586.0,37.0,3.0,Electronics,438.95,66.0,Card,Success,1316.85,True
449,445,2024-12-03,Delivered,Italy,Consumer,2024-05-28,3934.0,62.0,1.0,Electronics,359.2,66.0,Card,Success,359.2,True
449,445,2024-12-03,Delivered,Italy,Consumer,2024-05-28,4424.0,17.0,3.0,Sports,373.81,66.0,Card,Success,1121.43,True
450,93,2024-04-13,Delivered,Germany,Corporate,2023-05-25,3355.0,32.0,4.0,Sports,271.51,1172.0,PayPal,Success,1086.04,True
451,438,2024-08-01,Delivered,Italy,Corporate,2023-05-27,,,,,,1194.0,Card,Success,,True
452,447,2024-09-05,Delivered,Spain,Small Business,2024-01-21,557.0,7.0,1.0,Electronics,499.68,600.0,Card,Success,499.68,True
453,207,2024-05-31,Delivered,Italy,Small Business,2023-08-17,3390.0,51.0,2.0,Electronics,292.47,1288.0,Bank Transfer,Success,584.94,True
453,207,2024-05-31,Delivered,Italy,Small Business,2023-08-17,4338.0,62.0,3.0,Electronics,359.2,1288.0,Bank Transfer,Success,1077.6,True
454,353,2024-09-06,Delivered,France,Corporate,2023-06-26,1283.0,89.0,1.0,Home,478.85,1234.0,Card,Success,478.85,True
454,353,2024-09-06,Delivered,France,Corporate,2023-06-26,2827.0,56.0,3.0,Clothing,263.65,1234.0,Card,Success,790.9499999999999,True
454,353,2024-09-06,Delivered,France,Corporate,2023-06-26,3300.0,65.0,3.0,Home,455.62,1234.0,Card,Success,1366.8600000000001,True
455,391,2024-10-01,Delivered,Spain,Small Business,2024-05-16,1234.0,92.0,2.0,Home,316.74,484.0,PayPal,Failed,633.48,False
456,332,2024-06-13,Delivered,France,Consumer,2023-04-27,3028.0,35.0,4.0,Sports,262.48,1695.0,PayPal,Success,1049.92,True
456,332,2024-06-13,Delivered,France,Consumer,2023-04-27,4551.0,88.0,1.0,Sports,23.18,1695.0,PayPal,Success,23.18,True
456,332,2024-06-13,Delivered,France,Consumer,2023-04-27,4603.0,80.0,1.0,Home,37.17,1695.0,PayPal,Success,37.17,True
457,305,2024-12-06,Cancelled,Germany,Corporate,2023-05-13,682.0,89.0,2.0,Home,478.85,57.0,Card,Success,957.7,False
458,350,2024-01-08,Delivered,Spain,Small Business,2023-06-29,2795.0,62.0,2.0,Electronics,359.2,307.0,PayPal,Success,718.4,True
458,350,2024-01-08,Delivered,Spain,Small Business,2023-06-29,2930.0,3.0,3.0,Electronics,30.54,307.0,PayPal,Success,91.62,True
459,213,2024-10-10,Delivered,France,Small Business,2023-03-19,472.0,18.0,1.0,Home,32.17,770.0,Card,Success,32.17,True
459,213,2024-10-10,Delivered,France,Small Business,2023-03-19,1478.0,72.0,4.0,Sports,133.2,770.0,Card,Success,532.8,True
459,213,2024-10-10,Delivered,France,Small Business,2023-03-19,3966.0,90.0,2.0,Electronics,413.97,770.0,Card,Success,827.94,True
460,159,2024-01-05,Delivered,France,Small Business,2023-11-22,1887.0,48.0,2.0,Electronics,48.83,500.0,PayPal,Success,97.66,True
460,159,2024-01-05,Delivered,France,Small Business,2023-11-22,2137.0,24.0,4.0,Clothing,282.54,500.0,PayPal,Success,1130.16,True
461,442,2024-05-24,Delivered,Italy,Consumer,2023-10-12,384.0,32.0,1.0,Sports,271.51,367.0,Card,Success,271.51,True
461,442,2024-05-24,Delivered,Italy,Consumer,2023-10-12,1651.0,15.0,2.0,Home,213.77,367.0,Card,Success,427.54,True
462,445,2024-04-10,Delivered,Italy,Consumer,2024-05-28,1749.0,19.0,4.0,Clothing,230.3,1913.0,Card,Success,921.2,True
462,445,2024-04-10,Delivered,Italy,Consumer,2024-05-28,2193.0,14.0,3.0,Electronics,62.06,1913.0,Card,Success,186.18,True
462,445,2024-04-10,Delivered,Italy,Consumer,2024-05-28,3502.0,97.0,3.0,Sports,133.82,1913.0,Card,Success,401.46,True
462,445,2024-04-10,Delivered,Italy,Consumer,2024-05-28,3551.0,79.0,2.0,Electronics,372.96,1913.0,Card,Success,745.92,True
463,24,2024-06-12,Delivered,Italy,Corporate,2023-03-02,2083.0,72.0,3.0,Sports,133.2,1987.0,Bank Transfer,Success,399.59999999999997,True
463,24,2024-06-12,Delivered,Italy,Corporate,2023-03-02,3113.0,89.0,2.0,Home,478.85,1987.0,Bank Transfer,Success,957.7,True
464,404,2024-05-26,Delivered,France,Small Business,2023-02-24,141.0,25.0,2.0,Clothing,243.13,1058.0,Bank Transfer,Success,486.26,True
464,404,2024-05-26,Delivered,France,Small Business,2023-02-24,141.0,25.0,2.0,Clothing,243.13,1699.0,Bank Transfer,Success,486.26,True
464,404,2024-05-26,Delivered,France,Small Business,2023-02-24,474.0,18.0,1.0,Home,32.17,1058.0,Bank Transfer,Success,32.17,True
464,404,2024-05-26,Delivered,France,Small Business,2023-02-24,474.0,18.0,1.0,Home,32.17,1699.0,Bank Transfer,Success,32.17,True
464,404,2024-05-26,Delivered,France,Small Business,2023-02-24,500.0,74.0,1.0,Home,491.25,1058.0,Bank Transfer,Success,491.25,True
464,404,2024-05-26,Delivered,France,Small Business,2023-02-24,500.0,74.0,1.0,Home,491.25,1699.0,Bank Transfer,Success,491.25,True
464,404,2024-05-26,Delivered,France,Small Business,2023-02-24,1052.0,94.0,2.0,Clothing,261.54,1058.0,Bank Transfer,Success,523.08,True
464,404,2024-05-26,Delivered,France,Small Business,2023-02-24,1052.0,94.0,2.0,Clothing,261.54,1699.0,Bank Transfer,Success,523.08,True
464,404,2024-05-26,Delivered,France,Small Business,2023-02-24,3933.0,11.0,3.0,Home,64.66,1058.0,Bank Transfer,Success,193.98,True
464,404,2024-05-26,Delivered,France,Small Business,2023-02-24,3933.0,11.0,3.0,Home,64.66,1699.0,Bank Transfer,Success,193.98,True
464,404,2024-05-26,Delivered,France,Small Business,2023-02-24,4852.0,71.0,2.0,Electronics,400.0,1058.0,Bank Transfer,Success,800.0,True
464,404,2024-05-26,Delivered,France,Small Business,2023-02-24,4852.0,71.0,2.0,Electronics,400.0,1699.0,Bank Transfer,Success,800.0,True
465,293,2024-03-04,Delivered,France,Small Business,2023-12-29,1245.0,13.0,1.0,Sports,100.34,1942.0,PayPal,Success,100.34,True
465,293,2024-03-04,Delivered,France,Small Business,2023-12-29,3057.0,28.0,1.0,Electronics,223.31,1942.0,PayPal,Success,223.31,True
465,293,2024-03-04,Delivered,France,Small Business,2023-12-29,3197.0,32.0,2.0,Sports,271.51,1942.0,PayPal,Success,543.02,True
465,293,2024-03-04,Delivered,France,Small Business,2023-12-29,3271.0,25.0,2.0,Clothing,243.13,1942.0,PayPal,Success,486.26,True
465,293,2024-03-04,Delivered,France,Small Business,2023-12-29,4665.0,43.0,2.0,Electronics,195.06,1942.0,PayPal,Success,390.12,True
466,4,2024-03-31,Delivered,Spain,Small Business,2024-06-29,2427.0,31.0,4.0,Home,402.97,457.0,Bank Transfer,Success,1611.88,True
466,4,2024-03-31,Delivered,Spain,Small Business,2024-06-29,3069.0,51.0,2.0,Electronics,292.47,457.0,Bank Transfer,Success,584.94,True
466,4,2024-03-31,Delivered,Spain,Small Business,2024-06-29,4907.0,20.0,1.0,Clothing,263.61,457.0,Bank Transfer,Success,263.61,True
467,220,2024-04-26,Delivered,Spain,Consumer,2024-02-06,590.0,59.0,1.0,Home,236.32,733.0,Card,Success,236.32,True
467,220,2024-04-26,Delivered,Spain,Consumer,2024-02-06,4155.0,82.0,2.0,Home,419.72,733.0,Card,Success,839.44,True
468,364,2024-12-19,Delivered,Germany,Corporate,2023-05-28,242.0,52.0,4.0,Electronics,139.49,568.0,PayPal,Success,557.96,True
468,364,2024-12-19,Delivered,Germany,Corporate,2023-05-28,1040.0,35.0,2.0,Sports,262.48,568.0,PayPal,Success,524.96,True
469,382,2024-09-23,Delivered,Germany,Corporate,2023-10-13,3341.0,16.0,4.0,Home,398.69,,,,1594.76,False
469,382,2024-09-23,Delivered,Germany,Corporate,2023-10-13,4934.0,83.0,1.0,Sports,119.13,,,,119.13,False
470,20,2024-11-05,Delivered,Spain,Small Business,2023-07-14,597.0,8.0,4.0,Electronics,280.12,570.0,PayPal,Success,1120.48,True
470,20,2024-11-05,Delivered,Spain,Small Business,2023-07-14,4152.0,73.0,4.0,Home,296.33,570.0,PayPal,Success,1185.32,True
471,444,2024-06-21,Delivered,Italy,Consumer,2023-03-23,3159.0,32.0,1.0,Sports,271.51,363.0,Card,Success,271.51,True
472,152,2024-02-16,Cancelled,Spain,Corporate,2023-07-13,583.0,38.0,3.0,Clothing,211.67,1004.0,Bank Transfer,Success,635.01,False
472,152,2024-02-16,Cancelled,Spain,Corporate,2023-07-13,1319.0,21.0,4.0,Home,324.05,1004.0,Bank Transfer,Success,1296.2,False
473,50,2024-05-19,Cancelled,Germany,Corporate,2023-04-17,443.0,50.0,4.0,Electronics,242.49,1444.0,PayPal,Success,969.96,False
473,50,2024-05-19,Cancelled,Germany,Corporate,2023-04-17,1149.0,41.0,4.0,Home,5.12,1444.0,PayPal,Success,20.48,False
473,50,2024-05-19,Cancelled,Germany,Corporate,2023-04-17,3114.0,27.0,3.0,Sports,267.48,1444.0,PayPal,Success,802.44,False
473,50,2024-05-19,Cancelled,Germany,Corporate,2023-04-17,4844.0,34.0,3.0,Home,370.24,1444.0,PayPal,Success,1110.72,False
474,177,2024-09-02,Delivered,Spain,Corporate,2023-01-10,3883.0,98.0,1.0,Electronics,260.05,,,,260.05,False
475,435,2024-05-28,Delivered,Italy,Consumer,2024-11-03,1453.0,75.0,4.0,Electronics,442.68,349.0,Bank Transfer,Success,1770.72,True
475,435,2024-05-28,Delivered,Italy,Consumer,2024-11-03,1894.0,4.0,3.0,Sports,336.61,349.0,Bank Transfer,Success,1009.83,True
475,435,2024-05-28,Delivered,Italy,Consumer,2024-11-03,3727.0,53.0,2.0,Electronics,202.15,349.0,Bank Transfer,Success,404.3,True
475,435,2024-05-28,Delivered,Italy,Consumer,2024-11-03,4927.0,83.0,1.0,Sports,119.13,349.0,Bank Transfer,Success,119.13,True
476,96,2024-09-02,Delivered,Germany,Small Business,2023-01-25,2186.0,1.0,1.0,Electronics,325.1,529.0,Card,Success,325.1,True
476,96,2024-09-02,Delivered,Germany,Small Business,2023-01-25,2629.0,44.0,1.0,Clothing,466.63,529.0,Card,Success,466.63,True
476,96,2024-09-02,Delivered,Germany,Small Business,2023-01-25,4052.0,20.0,2.0,Clothing,263.61,529.0,Card,Success,527.22,True
476,96,2024-09-02,Delivered,Germany,Small Business,2023-01-25,4832.0,12.0,2.0,Sports,366.86,529.0,Card,Success,733.72,True
477,105,2024-01-05,Delivered,Germany,Corporate,2023-04-21,,,,,,1469.0,Card,Success,,True
478,420,2024-07-02,Delivered,Germany,Consumer,2023-09-21,1075.0,20.0,4.0,Clothing,263.61,548.0,Bank Transfer,Failed,1054.44,False
479,250,2024-01-20,Cancelled,Spain,Small Business,2024-04-22,541.0,82.0,2.0,Home,419.72,1154.0,PayPal,Success,839.44,False
480,117,2024-02-15,Delivered,France,Consumer,2023-11-16,2064.0,71.0,1.0,Electronics,400.0,368.0,PayPal,Success,400.0,True
481,354,2024-01-12,Cancelled,Italy,Corporate,2023-10-12,792.0,98.0,2.0,Electronics,260.05,1920.0,PayPal,Success,520.1,False
481,354,2024-01-12,Cancelled,Italy,Corporate,2023-10-12,908.0,97.0,1.0,Sports,133.82,1920.0,PayPal,Success,133.82,False
481,354,2024-01-12,Cancelled,Italy,Corporate,2023-10-12,1842.0,30.0,3.0,Sports,288.35,1920.0,PayPal,Success,865.0500000000001,False
482,228,2024-03-10,Delivered,Germany,Corporate,2023-01-23,236.0,53.0,2.0,Electronics,202.15,1609.0,Bank Transfer,Success,404.3,True
483,66,2024-01-17,Delivered,Germany,Corporate,2023-03-19,996.0,47.0,1.0,Electronics,31.08,,,,31.08,False
483,66,2024-01-17,Delivered,Germany,Corporate,2023-03-19,2086.0,2.0,3.0,Home,348.12,,,,1044.3600000000001,False
483,66,2024-01-17,Delivered,Germany,Corporate,2023-03-19,4001.0,58.0,3.0,Home,6.66,,,,19.98,False
483,66,2024-01-17,Delivered,Germany,Corporate,2023-03-19,4282.0,34.0,4.0,Home,370.24,,,,1480.96,False
484,335,2024-05-26,Delivered,Germany,Small Business,2023-09-01,1564.0,71.0,4.0,Electronics,400.0,1610.0,Card,Failed,1600.0,False
484,335,2024-05-26,Delivered,Germany,Small Business,2023-09-01,2437.0,90.0,1.0,Electronics,413.97,1610.0,Card,Failed,413.97,False
485,418,2024-06-02,Delivered,Germany,Small Business,2024-08-31,1396.0,9.0,2.0,Home,239.24,1831.0,PayPal,Success,478.48,True
486,420,2024-10-30,Delivered,Germany,Consumer,2023-09-21,778.0,17.0,1.0,Sports,373.81,1094.0,Card,Success,373.81,True
487,262,2024-04-17,Delivered,Germany,Small Business,2024-06-05,2206.0,52.0,4.0,Electronics,139.49,1134.0,Card,Success,557.96,True
487,262,2024-04-17,Delivered,Germany,Small Business,2024-06-05,4199.0,60.0,4.0,Home,152.02,1134.0,Card,Success,608.08,True
488,295,2024-08-23,Delivered,Germany,Consumer,2023-08-06,3549.0,63.0,4.0,Sports,296.61,1166.0,PayPal,Success,1186.44,True
489,426,2024-11-03,Returned,France,Consumer,2023-04-30,724.0,55.0,2.0,Sports,171.5,1367.0,PayPal,Success,343.0,False
489,426,2024-11-03,Returned,France,Consumer,2023-04-30,1622.0,18.0,1.0,Home,32.17,1367.0,PayPal,Success,32.17,False
490,243,2024-12-17,Delivered,Italy,Consumer,2024-07-07,398.0,46.0,3.0,Electronics,9.7,1450.0,Bank Transfer,Success,29.099999999999998,True
490,243,2024-12-17,Delivered,Italy,Consumer,2024-07-07,4185.0,98.0,4.0,Electronics,260.05,1450.0,Bank Transfer,Success,1040.2,True
491,371,2024-03-10,Returned,Italy,Consumer,2023-11-23,,,,,,1636.0,Bank Transfer,Success,,False
492,186,2024-07-01,Returned,France,Corporate,2023-11-15,265.0,49.0,2.0,Sports,23.61,401.0,Card,Success,47.22,False
492,186,2024-07-01,Returned,France,Corporate,2023-11-15,1138.0,95.0,1.0,Sports,300.65,401.0,Card,Success,300.65,False
492,186,2024-07-01,Returned,France,Corporate,2023-11-15,3491.0,42.0,3.0,Clothing,96.81,401.0,Card,Success,290.43,False
492,186,2024-07-01,Returned,France,Corporate,2023-11-15,4456.0,44.0,4.0,Clothing,466.63,401.0,Card,Success,1866.52,False
493,246,2024-09-06,Delivered,Germany,Consumer,2023-01-15,449.0,33.0,4.0,Home,332.52,1526.0,Bank Transfer,Success,1330.08,True
493,246,2024-09-06,Delivered,Germany,Consumer,2023-01-15,2688.0,48.0,4.0,Electronics,48.83,1526.0,Bank Transfer,Success,195.32,True
493,246,2024-09-06,Delivered,Germany,Consumer,2023-01-15,3145.0,67.0,3.0,Clothing,59.19,1526.0,Bank Transfer,Success,177.57,True
493,246,2024-09-06,Delivered,Germany,Consumer,2023-01-15,4068.0,6.0,4.0,Clothing,296.19,1526.0,Bank Transfer,Success,1184.76,True
493,246,2024-09-06,Delivered,Germany,Consumer,2023-01-15,4593.0,9.0,1.0,Home,239.24,1526.0,Bank Transfer,Success,239.24,True
494,125,2024-08-15,Delivered,France,Consumer,2024-08-04,1059.0,19.0,4.0,Clothing,230.3,1715.0,Card,Success,921.2,True
494,125,2024-08-15,Delivered,France,Consumer,2024-08-04,1152.0,91.0,3.0,Electronics,401.38,1715.0,Card,Success,1204.1399999999999,True
494,125,2024-08-15,Delivered,France,Consumer,2024-08-04,2813.0,8.0,1.0,Electronics,280.12,1715.0,Card,Success,280.12,True
494,125,2024-08-15,Delivered,France,Consumer,2024-08-04,4972.0,32.0,4.0,Sports,271.51,1715.0,Card,Success,1086.04,True
495,268,2024-04-11,Delivered,Unknown,Small Business,2023-08-04,713.0,65.0,3.0,Home,455.62,1112.0,Card,Failed,1366.8600000000001,False
495,268,2024-04-11,Delivered,Unknown,Small Business,2023-08-04,2860.0,9.0,4.0,Home,239.24,1112.0,Card,Failed,956.96,False
495,268,2024-04-11,Delivered,Unknown,Small Business,2023-08-04,3285.0,93.0,2.0,Electronics,112.08,1112.0,Card,Failed,224.16,False
496,131,2024-03-15,Cancelled,Italy,Corporate,2023-12-16,,,,,,1745.0,PayPal,Success,,False
497,237,2024-08-03,Delivered,Unknown,Small Business,2023-02-08,148.0,3.0,4.0,Electronics,30.54,1139.0,Bank Transfer,Success,122.16,True
497,237,2024-08-03,Delivered,Unknown,Small Business,2023-02-08,1054.0,61.0,3.0,Clothing,427.15,1139.0,Bank Transfer,Success,1281.4499999999998,True
497,237,2024-08-03,Delivered,Unknown,Small Business,2023-02-08,2139.0,29.0,4.0,Clothing,205.22,1139.0,Bank Transfer,Success,820.88,True
497,237,2024-08-03,Delivered,Unknown,Small Business,2023-02-08,2824.0,41.0,1.0,Home,5.12,1139.0,Bank Transfer,Success,5.12,True
497,237,2024-08-03,Delivered,Unknown,Small Business,2023-02-08,4691.0,11.0,2.0,Home,64.66,1139.0,Bank Transfer,Success,129.32,True
498,18,2024-07-21,Delivered,Italy,Small Business,2023-10-08,379.0,43.0,3.0,Electronics,195.06,1731.0,PayPal,Success,585.1800000000001,True
498,18,2024-07-21,Delivered,Italy,Small Business,2023-10-08,2604.0,92.0,3.0,Home,316.74,1731.0,PayPal,Success,950.22,True
498,18,2024-07-21,Delivered,Italy,Small Business,2023-10-08,3773.0,12.0,2.0,Sports,366.86,1731.0,PayPal,Success,733.72,True
498,18,2024-07-21,Delivered,Italy,Small Business,2023-10-08,4246.0,37.0,4.0,Electronics,438.95,1731.0,PayPal,Success,1755.8,True
499,40,2024-07-10,Delivered,Spain,Small Business,2024-06-29,4055.0,24.0,3.0,Clothing,282.54,1936.0,Card,Success,847.6200000000001,True
500,21,2024-09-05,Delivered,Germany,Small Business,2024-10-28,1544.0,17.0,1.0,Sports,373.81,1970.0,Bank Transfer,Success,373.81,True
500,21,2024-09-05,Delivered,Germany,Small Business,2024-10-28,3603.0,6.0,1.0,Clothing,296.19,1970.0,Bank Transfer,Success,296.19,True
500,21,2024-09-05,Delivered,Germany,Small Business,2024-10-28,3668.0,26.0,1.0,Electronics,443.07,1970.0,Bank Transfer,Success,443.07,True
501,399,2024-08-29,Delivered,Italy,Small Business,2024-10-04,540.0,12.0,2.0,Sports,366.86,872.0,PayPal,Success,733.72,True
501,399,2024-08-29,Delivered,Italy,Small Business,2024-10-04,3014.0,46.0,1.0,Electronics,9.7,872.0,PayPal,Success,9.7,True
502,225,2024-06-27,Delivered,Germany,Consumer,2024-11-21,2430.0,5.0,2.0,Home,26.86,911.0,PayPal,Success,53.72,True
503,355,2024-08-06,Delivered,Italy,Small Business,2023-03-04,807.0,16.0,3.0,Home,398.69,345.0,Bank Transfer,Success,1196.07,True
503,355,2024-08-06,Delivered,Italy,Small Business,2023-03-04,4250.0,53.0,4.0,Electronics,202.15,345.0,Bank Transfer,Success,808.6,True
504,282,2024-03-22,Cancelled,Italy,Corporate,2023-10-19,464.0,11.0,2.0,Home,64.66,842.0,PayPal,Success,129.32,False
504,282,2024-03-22,Cancelled,Italy,Corporate,2023-10-19,2484.0,64.0,2.0,Sports,142.25,842.0,PayPal,Success,284.5,False
504,282,2024-03-22,Cancelled,Italy,Corporate,2023-10-19,3580.0,81.0,2.0,Electronics,203.78,842.0,PayPal,Success,407.56,False
504,282,2024-03-22,Cancelled,Italy,Corporate,2023-10-19,3582.0,40.0,4.0,Electronics,495.22,842.0,PayPal,Success,1980.88,False
505,8,2024-04-01,Delivered,France,Consumer,2023-05-06,1129.0,55.0,3.0,Sports,171.5,752.0,Bank Transfer,Success,514.5,True
505,8,2024-04-01,Delivered,France,Consumer,2023-05-06,2140.0,56.0,2.0,Clothing,263.65,752.0,Bank Transfer,Success,527.3,True
506,100,2024-06-23,Returned,France,Consumer,2023-08-21,3969.0,20.0,1.0,Clothing,263.61,226.0,Card,Success,263.61,False
507,240,2024-08-26,Delivered,Italy,Small Business,2024-08-01,2830.0,50.0,4.0,Electronics,242.49,1232.0,Card,Success,969.96,True
507,240,2024-08-26,Delivered,Italy,Small Business,2024-08-01,4451.0,16.0,2.0,Home,398.69,1232.0,Card,Success,797.38,True
508,478,2024-09-16,Cancelled,Italy,Corporate,2024-10-27,3541.0,55.0,4.0,Sports,171.5,1016.0,Card,Failed,686.0,False
508,478,2024-09-16,Cancelled,Italy,Corporate,2024-10-27,4905.0,65.0,1.0,Home,455.62,1016.0,Card,Failed,455.62,False
509,87,2024-12-30,Delivered,Germany,Small Business,2023-09-30,1857.0,79.0,4.0,Electronics,372.96,30.0,Bank Transfer,Success,1491.84,True
509,87,2024-12-30,Delivered,Germany,Small Business,2023-09-30,2615.0,36.0,3.0,Home,216.27,30.0,Bank Transfer,Success,648.8100000000001,True
509,87,2024-12-30,Delivered,Germany,Small Business,2023-09-30,4782.0,60.0,1.0,Home,152.02,30.0,Bank Transfer,Success,152.02,True
510,298,2024-06-11,Delivered,Spain,Small Business,2023-07-29,228.0,44.0,2.0,Clothing,466.63,1257.0,Card,Success,933.26,True
510,298,2024-06-11,Delivered,Spain,Small Business,2023-07-29,1089.0,34.0,3.0,Home,370.24,1257.0,Card,Success,1110.72,True
510,298,2024-06-11,Delivered,Spain,Small Business,2023-07-29,3653.0,98.0,2.0,Electronics,260.05,1257.0,Card,Success,520.1,True
511,428,2024-02-17,Delivered,Italy,Consumer,2024-03-27,1474.0,49.0,2.0,Sports,23.61,1407.0,Bank Transfer,Success,47.22,True
511,428,2024-02-17,Delivered,Italy,Consumer,2024-03-27,2018.0,99.0,2.0,Clothing,248.14,1407.0,Bank Transfer,Success,496.28,True
511,428,2024-02-17,Delivered,Italy,Consumer,2024-03-27,2918.0,59.0,1.0,Home,236.32,1407.0,Bank Transfer,Success,236.32,True
511,428,2024-02-17,Delivered,Italy,Consumer,2024-03-27,3490.0,83.0,1.0,Sports,119.13,1407.0,Bank Transfer,Success,119.13,True
512,14,2024-11-24,Cancelled,Spain,Corporate,2024-01-09,4436.0,90.0,1.0,Electronics,413.97,320.0,PayPal,Success,413.97,False
513,334,2024-11-23,Delivered,Spain,Consumer,2024-07-28,543.0,21.0,4.0,Home,324.05,1059.0,Card,Success,1296.2,True
514,2,2024-04-25,Cancelled,Italy,Consumer,2024-05-22,1707.0,19.0,1.0,Clothing,230.3,473.0,Card,Success,230.3,False
515,375,2024-12-02,Returned,France,Consumer,2023-11-14,,,,,,27.0,Card,Failed,,False
516,293,2024-12-02,Delivered,France,Small Business,2023-12-29,343.0,40.0,2.0,Electronics,495.22,1174.0,PayPal,Success,990.44,True
516,293,2024-12-02,Delivered,France,Small Business,2023-12-29,3882.0,98.0,1.0,Electronics,260.05,1174.0,PayPal,Success,260.05,True
516,293,2024-12-02,Delivered,France,Small Business,2023-12-29,4791.0,40.0,4.0,Electronics,495.22,1174.0,PayPal,Success,1980.88,True
517,325,2024-08-12,Delivered,Germany,Consumer,2024-10-22,795.0,64.0,3.0,Sports,142.25,1621.0,Card,Failed,426.75,False
517,325,2024-08-12,Delivered,Germany,Consumer,2024-10-22,2713.0,6.0,2.0,Clothing,296.19,1621.0,Card,Failed,592.38,False
517,325,2024-08-12,Delivered,Germany,Consumer,2024-10-22,3000.0,52.0,2.0,Electronics,139.49,1621.0,Card,Failed,278.98,False
518,422,2024-12-17,Delivered,Germany,Small Business,2023-04-06,4280.0,48.0,2.0,Electronics,48.83,1583.0,Card,Success,97.66,True
519,493,2024-11-23,Delivered,France,Small Business,2024-01-13,,,,,,1789.0,Bank Transfer,Success,,True
520,41,2024-05-26,Cancelled,Spain,Consumer,2023-03-19,1406.0,92.0,1.0,Home,316.74,194.0,Bank Transfer,Success,316.74,False
520,41,2024-05-26,Cancelled,Spain,Consumer,2023-03-19,1879.0,20.0,3.0,Clothing,263.61,194.0,Bank Transfer,Success,790.83,False
520,41,2024-05-26,Cancelled,Spain,Consumer,2023-03-19,2081.0,64.0,1.0,Sports,142.25,194.0,Bank Transfer,Success,142.25,False
520,41,2024-05-26,Cancelled,Spain,Consumer,2023-03-19,4499.0,100.0,4.0,Electronics,498.19,194.0,Bank Transfer,Success,1992.76,False
521,318,2024-03-03,Delivered,France,Small Business,2023-12-12,130.0,33.0,1.0,Home,332.52,300.0,Bank Transfer,Failed,332.52,False
521,318,2024-03-03,Delivered,France,Small Business,2023-12-12,2613.0,25.0,1.0,Clothing,243.13,300.0,Bank Transfer,Failed,243.13,False
522,316,2024-10-20,Delivered,Italy,Small Business,2024-09-04,1802.0,100.0,2.0,Electronics,498.19,449.0,Bank Transfer,Success,996.38,True
522,316,2024-10-20,Delivered,Italy,Small Business,2024-09-04,2174.0,25.0,2.0,Clothing,243.13,449.0,Bank Transfer,Success,486.26,True
522,316,2024-10-20,Delivered,Italy,Small Business,2024-09-04,2342.0,56.0,1.0,Clothing,263.65,449.0,Bank Transfer,Success,263.65,True
522,316,2024-10-20,Delivered,Italy,Small Business,2024-09-04,2359.0,85.0,2.0,Sports,64.57,449.0,Bank Transfer,Success,129.14,True
522,316,2024-10-20,Delivered,Italy,Small Business,2024-09-04,2667.0,91.0,2.0,Electronics,401.38,449.0,Bank Transfer,Success,802.76,True
523,381,2024-11-18,Returned,Italy,Corporate,2024-04-21,,,,,,1346.0,PayPal,Success,,False
524,111,2024-11-20,Delivered,Italy,Consumer,2024-07-07,,,,,,1062.0,PayPal,Success,,True
525,14,2024-01-13,Cancelled,Spain,Corporate,2024-01-09,2336.0,80.0,1.0,Home,37.17,783.0,Bank Transfer,Success,37.17,False
525,14,2024-01-13,Cancelled,Spain,Corporate,2024-01-09,2781.0,78.0,1.0,Clothing,494.65,783.0,Bank Transfer,Success,494.65,False
525,14,2024-01-13,Cancelled,Spain,Corporate,2024-01-09,3306.0,99.0,2.0,Clothing,248.14,783.0,Bank Transfer,Success,496.28,False
526,231,2024-07-07,Delivered,Germany,Small Business,2024-10-26,2010.0,23.0,2.0,Sports,185.53,1938.0,Bank Transfer,Success,371.06,True
526,231,2024-07-07,Delivered,Germany,Small Business,2024-10-26,3560.0,83.0,3.0,Sports,119.13,1938.0,Bank Transfer,Success,357.39,True
527,473,2024-10-13,Delivered,Spain,Small Business,2023-07-20,861.0,32.0,1.0,Sports,271.51,218.0,Card,Success,271.51,True
527,473,2024-10-13,Delivered,Spain,Small Business,2023-07-20,1884.0,67.0,2.0,Clothing,59.19,218.0,Card,Success,118.38,True
527,473,2024-10-13,Delivered,Spain,Small Business,2023-07-20,4746.0,54.0,1.0,Home,50.39,218.0,Card,Success,50.39,True
528,84,2024-07-26,Delivered,Italy,Corporate,2024-04-29,614.0,5.0,1.0,Home,26.86,1603.0,Card,Success,26.86,True
528,84,2024-07-26,Delivered,Italy,Corporate,2024-04-29,627.0,37.0,1.0,Electronics,438.95,1603.0,Card,Success,438.95,True
528,84,2024-07-26,Delivered,Italy,Corporate,2024-04-29,4018.0,30.0,1.0,Sports,288.35,1603.0,Card,Success,288.35,True
528,84,2024-07-26,Delivered,Italy,Corporate,2024-04-29,4399.0,77.0,1.0,Electronics,452.34,1603.0,Card,Success,452.34,True
528,84,2024-07-26,Delivered,Italy,Corporate,2024-04-29,4538.0,62.0,3.0,Electronics,359.2,1603.0,Card,Success,1077.6,True
528,84,2024-07-26,Delivered,Italy,Corporate,2024-04-29,4709.0,53.0,4.0,Electronics,202.15,1603.0,Card,Success,808.6,True
529,130,2024-04-23,Delivered,Unknown,Corporate,2024-03-21,867.0,11.0,3.0,Home,64.66,774.0,PayPal,Failed,193.98,False
529,130,2024-04-23,Delivered,Unknown,Corporate,2024-03-21,1329.0,14.0,1.0,Electronics,62.06,774.0,PayPal,Failed,62.06,False
529,130,2024-04-23,Delivered,Unknown,Corporate,2024-03-21,2444.0,77.0,1.0,Electronics,452.34,774.0,PayPal,Failed,452.34,False
530,231,2024-01-22,Delivered,Germany,Small Business,2024-10-26,1547.0,14.0,4.0,Electronics,62.06,377.0,PayPal,Success,248.24,True
530,231,2024-01-22,Delivered,Germany,Small Business,2024-10-26,4141.0,12.0,3.0,Sports,366.86,377.0,PayPal,Success,1100.58,True
531,326,2024-12-14,Delivered,Germany,Consumer,2024-03-06,1988.0,47.0,3.0,Electronics,31.08,1803.0,Bank Transfer,Success,93.24,True
531,326,2024-12-14,Delivered,Germany,Consumer,2024-03-06,2708.0,81.0,3.0,Electronics,203.78,1803.0,Bank Transfer,Success,611.34,True
531,326,2024-12-14,Delivered,Germany,Consumer,2024-03-06,3647.0,22.0,4.0,Home,326.83,1803.0,Bank Transfer,Success,1307.32,True
531,326,2024-12-14,Delivered,Germany,Consumer,2024-03-06,3941.0,13.0,1.0,Sports,100.34,1803.0,Bank Transfer,Success,100.34,True
531,326,2024-12-14,Delivered,Germany,Consumer,2024-03-06,4076.0,80.0,3.0,Home,37.17,1803.0,Bank Transfer,Success,111.51,True
531,326,2024-12-14,Delivered,Germany,Consumer,2024-03-06,4266.0,97.0,2.0,Sports,133.82,1803.0,Bank Transfer,Success,267.64,True
532,145,2024-08-01,Delivered,Italy,Corporate,2023-01-04,2107.0,99.0,4.0,Clothing,248.14,646.0,PayPal,Success,992.56,True
532,145,2024-08-01,Delivered,Italy,Corporate,2023-01-04,4007.0,54.0,2.0,Home,50.39,646.0,PayPal,Success,100.78,True
533,379,2024-06-19,Delivered,Germany,Small Business,2023-11-01,896.0,21.0,2.0,Home,324.05,1005.0,Bank Transfer,Success,648.1,True
533,379,2024-06-19,Delivered,Germany,Small Business,2023-11-01,1151.0,74.0,4.0,Home,491.25,1005.0,Bank Transfer,Success,1965.0,True
533,379,2024-06-19,Delivered,Germany,Small Business,2023-11-01,2285.0,68.0,2.0,Clothing,198.86,1005.0,Bank Transfer,Success,397.72,True
533,379,2024-06-19,Delivered,Germany,Small Business,2023-11-01,4880.0,80.0,1.0,Home,37.17,1005.0,Bank Transfer,Success,37.17,True
533,379,2024-06-19,Delivered,Germany,Small Business,2023-11-01,4949.0,93.0,2.0,Electronics,112.08,1005.0,Bank Transfer,Success,224.16,True
534,345,2024-11-18,Delivered,Spain,Small Business,2024-10-01,4153.0,71.0,1.0,Electronics,400.0,78.0,Card,Success,400.0,True
535,28,2024-02-23,Delivered,Germany,Small Business,2023-01-05,1805.0,21.0,1.0,Home,324.05,652.0,PayPal,Failed,324.05,False
536,66,2024-10-24,Delivered,Germany,Corporate,2023-03-19,2365.0,9.0,1.0,Home,239.24,720.0,Card,Success,239.24,True
537,163,2024-11-15,Delivered,Italy,Consumer,2024-06-15,1983.0,58.0,2.0,Home,6.66,518.0,Bank Transfer,Success,13.32,True
537,163,2024-11-15,Delivered,Italy,Consumer,2024-06-15,4940.0,6.0,1.0,Clothing,296.19,518.0,Bank Transfer,Success,296.19,True
538,229,2024-05-05,Delivered,France,Consumer,2024-07-28,1025.0,50.0,4.0,Electronics,242.49,1498.0,PayPal,Success,969.96,True
538,229,2024-05-05,Delivered,France,Consumer,2024-07-28,1926.0,17.0,3.0,Sports,373.81,1498.0,PayPal,Success,1121.43,True
539,261,2024-10-03,Delivered,France,Consumer,2024-08-20,2458.0,23.0,1.0,Sports,185.53,1791.0,Bank Transfer,Success,185.53,True
540,449,2024-07-22,Delivered,Spain,Corporate,2023-04-29,834.0,53.0,2.0,Electronics,202.15,735.0,Card,Success,404.3,True
540,449,2024-07-22,Delivered,Spain,Corporate,2023-04-29,4150.0,72.0,4.0,Sports,133.2,735.0,Card,Success,532.8,True
541,424,2024-07-12,Delivered,Spain,Corporate,2023-03-19,1615.0,95.0,1.0,Sports,300.65,1103.0,PayPal,Success,300.65,True
541,424,2024-07-12,Delivered,Spain,Corporate,2023-03-19,1927.0,99.0,1.0,Clothing,248.14,1103.0,PayPal,Success,248.14,True
541,424,2024-07-12,Delivered,Spain,Corporate,2023-03-19,3405.0,97.0,2.0,Sports,133.82,1103.0,PayPal,Success,267.64,True
541,424,2024-07-12,Delivered,Spain,Corporate,2023-03-19,4201.0,19.0,4.0,Clothing,230.3,1103.0,PayPal,Success,921.2,True
542,460,2024-06-17,Delivered,Spain,Corporate,2024-08-15,753.0,33.0,3.0,Home,332.52,1742.0,Card,Success,997.56,True
542,460,2024-06-17,Delivered,Spain,Corporate,2024-08-15,774.0,96.0,1.0,Clothing,264.89,1742.0,Card,Success,264.89,True
542,460,2024-06-17,Delivered,Spain,Corporate,2024-08-15,2395.0,93.0,4.0,Electronics,112.08,1742.0,Card,Success,448.32,True
543,440,2024-05-31,Delivered,Spain,Small Business,2024-01-16,3752.0,36.0,3.0,Home,216.27,1131.0,Bank Transfer,Failed,648.8100000000001,False
544,164,2024-02-04,Cancelled,Italy,Consumer,2023-04-23,249.0,69.0,3.0,Sports,66.6,469.0,Bank Transfer,Success,199.79999999999998,False
544,164,2024-02-04,Cancelled,Italy,Consumer,2023-04-23,249.0,69.0,3.0,Sports,66.6,793.0,Card,Success,199.79999999999998,False
544,164,2024-02-04,Cancelled,Italy,Consumer,2023-04-23,668.0,67.0,1.0,Clothing,59.19,469.0,Bank Transfer,Success,59.19,False
544,164,2024-02-04,Cancelled,Italy,Consumer,2023-04-23,668.0,67.0,1.0,Clothing,59.19,793.0,Card,Success,59.19,False
544,164,2024-02-04,Cancelled,Italy,Consumer,2023-04-23,934.0,76.0,4.0,Electronics,302.4,469.0,Bank Transfer,Success,1209.6,False
544,164,2024-02-04,Cancelled,Italy,Consumer,2023-04-23,934.0,76.0,4.0,Electronics,302.4,793.0,Card,Success,1209.6,False
544,164,2024-02-04,Cancelled,Italy,Consumer,2023-04-23,2041.0,51.0,2.0,Electronics,292.47,469.0,Bank Transfer,Success,584.94,False
544,164,2024-02-04,Cancelled,Italy,Consumer,2023-04-23,2041.0,51.0,2.0,Electronics,292.47,793.0,Card,Success,584.94,False
544,164,2024-02-04,Cancelled,Italy,Consumer,2023-04-23,3217.0,20.0,1.0,Clothing,263.61,469.0,Bank Transfer,Success,263.61,False
544,164,2024-02-04,Cancelled,Italy,Consumer,2023-04-23,3217.0,20.0,1.0,Clothing,263.61,793.0,Card,Success,263.61,False
545,301,2024-07-02,Delivered,France,Corporate,2024-11-13,18.0,31.0,3.0,Home,402.97,1882.0,Bank Transfer,Success,1208.91,True
545,301,2024-07-02,Delivered,France,Corporate,2024-11-13,679.0,89.0,4.0,Home,478.85,1882.0,Bank Transfer,Success,1915.4,True
545,301,2024-07-02,Delivered,France,Corporate,2024-11-13,2371.0,41.0,1.0,Home,5.12,1882.0,Bank Transfer,Success,5.12,True
546,407,2024-10-12,Delivered,Germany,Small Business,2024-01-26,1367.0,31.0,3.0,Home,402.97,330.0,Bank Transfer,Success,1208.91,True
546,407,2024-10-12,Delivered,Germany,Small Business,2024-01-26,2138.0,57.0,2.0,Electronics,367.47,330.0,Bank Transfer,Success,734.94,True
546,407,2024-10-12,Delivered,Germany,Small Business,2024-01-26,4327.0,22.0,2.0,Home,326.83,330.0,Bank Transfer,Success,653.66,True
546,407,2024-10-12,Delivered,Germany,Small Business,2024-01-26,4973.0,75.0,2.0,Electronics,442.68,330.0,Bank Transfer,Success,885.36,True
547,303,2024-02-26,Delivered,Spain,Small Business,2023-12-22,942.0,14.0,2.0,Electronics,62.06,1369.0,PayPal,Success,124.12,True
547,303,2024-02-26,Delivered,Spain,Small Business,2023-12-22,1369.0,34.0,4.0,Home,370.24,1369.0,PayPal,Success,1480.96,True
547,303,2024-02-26,Delivered,Spain,Small Business,2023-12-22,2851.0,62.0,1.0,Electronics,359.2,1369.0,PayPal,Success,359.2,True
547,303,2024-02-26,Delivered,Spain,Small Business,2023-12-22,4109.0,39.0,2.0,Home,233.66,1369.0,PayPal,Success,467.32,True
548,287,2024-08-09,Delivered,France,Corporate,2023-09-11,2606.0,75.0,2.0,Electronics,442.68,1509.0,Card,Success,885.36,True
549,395,2024-10-29,Returned,Spain,Consumer,2024-11-08,189.0,4.0,1.0,Sports,336.61,451.0,PayPal,Success,336.61,False
549,395,2024-10-29,Returned,Spain,Consumer,2024-11-08,3953.0,54.0,4.0,Home,50.39,451.0,PayPal,Success,201.56,False
550,10,2024-06-11,Delivered,Germany,Small Business,2023-04-21,286.0,27.0,1.0,Sports,267.48,628.0,PayPal,Failed,267.48,False
550,10,2024-06-11,Delivered,Germany,Small Business,2023-04-21,1068.0,79.0,4.0,Electronics,372.96,628.0,PayPal,Failed,1491.84,False
551,195,2024-01-19,Delivered,Spain,Consumer,2023-08-24,1829.0,1.0,4.0,Electronics,325.1,551.0,Bank Transfer,Success,1300.4,True
552,118,2024-09-20,Delivered,Germany,Small Business,2024-03-18,4600.0,68.0,4.0,Clothing,198.86,1499.0,Card,Success,795.44,True
553,270,2024-10-08,Delivered,Spain,Corporate,2023-01-15,736.0,65.0,2.0,Home,455.62,29.0,Bank Transfer,Success,911.24,True
553,270,2024-10-08,Delivered,Spain,Corporate,2023-01-15,1112.0,61.0,4.0,Clothing,427.15,29.0,Bank Transfer,Success,1708.6,True
553,270,2024-10-08,Delivered,Spain,Corporate,2023-01-15,1495.0,53.0,4.0,Electronics,202.15,29.0,Bank Transfer,Success,808.6,True
553,270,2024-10-08,Delivered,Spain,Corporate,2023-01-15,2054.0,100.0,2.0,Electronics,498.19,29.0,Bank Transfer,Success,996.38,True
553,270,2024-10-08,Delivered,Spain,Corporate,2023-01-15,3830.0,68.0,4.0,Clothing,198.86,29.0,Bank Transfer,Success,795.44,True
554,80,2024-04-22,Delivered,Italy,Small Business,2024-05-20,1519.0,43.0,1.0,Electronics,195.06,918.0,PayPal,Success,195.06,True
554,80,2024-04-22,Delivered,Italy,Small Business,2024-05-20,2294.0,46.0,1.0,Electronics,9.7,918.0,PayPal,Success,9.7,True
554,80,2024-04-22,Delivered,Italy,Small Business,2024-05-20,3666.0,82.0,3.0,Home,419.72,918.0,PayPal,Success,1259.16,True
555,458,2024-11-22,Delivered,Italy,Corporate,2023-12-30,1667.0,21.0,1.0,Home,324.05,511.0,PayPal,Success,324.05,True
555,458,2024-11-22,Delivered,Italy,Corporate,2023-12-30,3232.0,93.0,4.0,Electronics,112.08,511.0,PayPal,Success,448.32,True
555,458,2024-11-22,Delivered,Italy,Corporate,2023-12-30,3746.0,49.0,4.0,Sports,23.61,511.0,PayPal,Success,94.44,True
556,93,2024-01-30,Delivered,Germany,Corporate,2023-05-25,2680.0,26.0,4.0,Electronics,443.07,318.0,Bank Transfer,Success,1772.28,True
557,266,2024-05-14,Delivered,Germany,Small Business,2023-06-08,520.0,62.0,2.0,Electronics,359.2,1086.0,Bank Transfer,Success,718.4,True
557,266,2024-05-14,Delivered,Germany,Small Business,2023-06-08,3118.0,10.0,4.0,Sports,159.86,1086.0,Bank Transfer,Success,639.44,True
558,332,2024-03-07,Delivered,France,Consumer,2023-04-27,45.0,71.0,1.0,Electronics,400.0,594.0,Bank Transfer,Success,400.0,True
558,332,2024-03-07,Delivered,France,Consumer,2023-04-27,2008.0,6.0,3.0,Clothing,296.19,594.0,Bank Transfer,Success,888.5699999999999,True
558,332,2024-03-07,Delivered,France,Consumer,2023-04-27,3290.0,29.0,1.0,Clothing,205.22,594.0,Bank Transfer,Success,205.22,True
559,350,2024-03-05,Delivered,Spain,Small Business,2023-06-29,1904.0,64.0,2.0,Sports,142.25,272.0,PayPal,Success,284.5,True
559,350,2024-03-05,Delivered,Spain,Small Business,2023-06-29,2298.0,88.0,2.0,Sports,23.18,272.0,PayPal,Success,46.36,True
559,350,2024-03-05,Delivered,Spain,Small Business,2023-06-29,2675.0,27.0,3.0,Sports,267.48,272.0,PayPal,Success,802.44,True
559,350,2024-03-05,Delivered,Spain,Small Business,2023-06-29,3784.0,3.0,3.0,Electronics,30.54,272.0,PayPal,Success,91.62,True
560,361,2024-10-18,Delivered,Italy,Consumer,2023-03-25,377.0,39.0,4.0,Home,233.66,325.0,Card,Success,934.64,True
560,361,2024-10-18,Delivered,Italy,Consumer,2023-03-25,877.0,2.0,2.0,Home,348.12,325.0,Card,Success,696.24,True
560,361,2024-10-18,Delivered,Italy,Consumer,2023-03-25,1851.0,38.0,1.0,Clothing,211.67,325.0,Card,Success,211.67,True
560,361,2024-10-18,Delivered,Italy,Consumer,2023-03-25,3347.0,11.0,2.0,Home,64.66,325.0,Card,Success,129.32,True
561,257,2024-01-25,Delivered,Spain,Small Business,2024-02-15,31.0,47.0,1.0,Electronics,31.08,140.0,PayPal,Failed,31.08,False
561,257,2024-01-25,Delivered,Spain,Small Business,2024-02-15,1021.0,79.0,4.0,Electronics,372.96,140.0,PayPal,Failed,1491.84,False
561,257,2024-01-25,Delivered,Spain,Small Business,2024-02-15,1098.0,53.0,3.0,Electronics,202.15,140.0,PayPal,Failed,606.45,False
561,257,2024-01-25,Delivered,Spain,Small Business,2024-02-15,1715.0,3.0,3.0,Electronics,30.54,140.0,PayPal,Failed,91.62,False
562,133,2024-02-06,Returned,France,Consumer,2024-10-25,1947.0,38.0,1.0,Clothing,211.67,1666.0,Bank Transfer,Success,211.67,False
562,133,2024-02-06,Returned,France,Consumer,2024-10-25,3649.0,78.0,2.0,Clothing,494.65,1666.0,Bank Transfer,Success,989.3,False
562,133,2024-02-06,Returned,France,Consumer,2024-10-25,3777.0,57.0,4.0,Electronics,367.47,1666.0,Bank Transfer,Success,1469.88,False
562,133,2024-02-06,Returned,France,Consumer,2024-10-25,4571.0,9.0,4.0,Home,239.24,1666.0,Bank Transfer,Success,956.96,False
562,133,2024-02-06,Returned,France,Consumer,2024-10-25,4855.0,23.0,3.0,Sports,185.53,1666.0,Bank Transfer,Success,556.59,False
563,276,2024-01-01,Delivered,Italy,Corporate,2023-11-20,1317.0,93.0,2.0,Electronics,112.08,228.0,Card,Success,224.16,True
563,276,2024-01-01,Delivered,Italy,Corporate,2023-11-20,1643.0,30.0,4.0,Sports,288.35,228.0,Card,Success,1153.4,True
563,276,2024-01-01,Delivered,Italy,Corporate,2023-11-20,4866.0,77.0,4.0,Electronics,452.34,228.0,Card,Success,1809.36,True
564,264,2024-02-06,Cancelled,France,Consumer,2024-09-26,589.0,90.0,1.0,Electronics,413.97,354.0,PayPal,Success,413.97,False
565,171,2024-05-20,Delivered,Italy,Corporate,2024-07-03,3471.0,30.0,3.0,Sports,288.35,612.0,Card,Success,865.0500000000001,True
565,171,2024-05-20,Delivered,Italy,Corporate,2024-07-03,3942.0,46.0,3.0,Electronics,9.7,612.0,Card,Success,29.099999999999998,True
566,460,2024-08-19,Delivered,Spain,Corporate,2024-08-15,508.0,21.0,3.0,Home,324.05,607.0,Bank Transfer,Success,972.1500000000001,True
566,460,2024-08-19,Delivered,Spain,Corporate,2024-08-15,939.0,12.0,4.0,Sports,366.86,607.0,Bank Transfer,Success,1467.44,True
566,460,2024-08-19,Delivered,Spain,Corporate,2024-08-15,1918.0,65.0,2.0,Home,455.62,607.0,Bank Transfer,Success,911.24,True
566,460,2024-08-19,Delivered,Spain,Corporate,2024-08-15,2192.0,55.0,4.0,Sports,171.5,607.0,Bank Transfer,Success,686.0,True
566,460,2024-08-19,Delivered,Spain,Corporate,2024-08-15,3641.0,81.0,2.0,Electronics,203.78,607.0,Bank Transfer,Success,407.56,True
567,1,2024-05-15,Delivered,Spain,Small Business,2023-11-26,4745.0,97.0,1.0,Sports,133.82,171.0,Card,Success,133.82,True
567,1,2024-05-15,Delivered,Spain,Small Business,2023-11-26,4914.0,39.0,4.0,Home,233.66,171.0,Card,Success,934.64,True
568,313,2024-07-06,Delivered,Italy,Corporate,2023-10-23,288.0,85.0,2.0,Sports,64.57,1157.0,Card,Success,129.14,True
568,313,2024-07-06,Delivered,Italy,Corporate,2023-10-23,362.0,44.0,1.0,Clothing,466.63,1157.0,Card,Success,466.63,True
568,313,2024-07-06,Delivered,Italy,Corporate,2023-10-23,2040.0,35.0,4.0,Sports,262.48,1157.0,Card,Success,1049.92,True
568,313,2024-07-06,Delivered,Italy,Corporate,2023-10-23,2416.0,100.0,1.0,Electronics,498.19,1157.0,Card,Success,498.19,True
568,313,2024-07-06,Delivered,Italy,Corporate,2023-10-23,3200.0,71.0,3.0,Electronics,400.0,1157.0,Card,Success,1200.0,True
569,64,2024-05-07,Delivered,Unknown,Consumer,2024-04-18,208.0,13.0,4.0,Sports,100.34,1940.0,Bank Transfer,Success,401.36,True
569,64,2024-05-07,Delivered,Unknown,Consumer,2024-04-18,388.0,3.0,4.0,Electronics,30.54,1940.0,Bank Transfer,Success,122.16,True
569,64,2024-05-07,Delivered,Unknown,Consumer,2024-04-18,3085.0,76.0,4.0,Electronics,302.4,1940.0,Bank Transfer,Success,1209.6,True
569,64,2024-05-07,Delivered,Unknown,Consumer,2024-04-18,3526.0,21.0,4.0,Home,324.05,1940.0,Bank Transfer,Success,1296.2,True
570,374,2024-07-19,Delivered,Italy,Consumer,2024-03-10,1365.0,29.0,1.0,Clothing,205.22,1864.0,PayPal,Failed,205.22,False
570,374,2024-07-19,Delivered,Italy,Consumer,2024-03-10,3461.0,41.0,2.0,Home,5.12,1864.0,PayPal,Failed,10.24,False
570,374,2024-07-19,Delivered,Italy,Consumer,2024-03-10,3770.0,23.0,2.0,Sports,185.53,1864.0,PayPal,Failed,371.06,False
571,468,2024-05-06,Delivered,France,Small Business,2024-06-04,1499.0,8.0,4.0,Electronics,280.12,830.0,PayPal,Success,1120.48,True
571,468,2024-05-06,Delivered,France,Small Business,2024-06-04,2023.0,45.0,1.0,Clothing,39.66,830.0,PayPal,Success,39.66,True
571,468,2024-05-06,Delivered,France,Small Business,2024-06-04,2575.0,44.0,2.0,Clothing,466.63,830.0,PayPal,Success,933.26,True
571,468,2024-05-06,Delivered,France,Small Business,2024-06-04,3957.0,1.0,4.0,Electronics,325.1,830.0,PayPal,Success,1300.4,True
572,284,2024-09-13,Returned,Spain,Consumer,2023-03-10,,,,,,1524.0,Card,Success,,False
573,121,2024-06-12,Delivered,Italy,Small Business,2023-10-16,2868.0,68.0,3.0,Clothing,198.86,563.0,Card,Success,596.58,True
574,107,2024-02-04,Delivered,Germany,Corporate,2023-02-03,1653.0,43.0,4.0,Electronics,195.06,590.0,Bank Transfer,Success,780.24,True
575,421,2024-07-12,Delivered,Germany,Consumer,2024-02-22,155.0,24.0,1.0,Clothing,282.54,813.0,PayPal,Success,282.54,True
575,421,2024-07-12,Delivered,Germany,Consumer,2024-02-22,1455.0,99.0,2.0,Clothing,248.14,813.0,PayPal,Success,496.28,True
575,421,2024-07-12,Delivered,Germany,Consumer,2024-02-22,2076.0,24.0,1.0,Clothing,282.54,813.0,PayPal,Success,282.54,True
575,421,2024-07-12,Delivered,Germany,Consumer,2024-02-22,4278.0,7.0,4.0,Electronics,499.68,813.0,PayPal,Success,1998.72,True
575,421,2024-07-12,Delivered,Germany,Consumer,2024-02-22,4999.0,100.0,4.0,Electronics,498.19,813.0,PayPal,Success,1992.76,True
576,175,2024-07-09,Delivered,Italy,Small Business,2024-11-03,3978.0,52.0,2.0,Electronics,139.49,992.0,Bank Transfer,Success,278.98,True
577,485,2024-04-13,Delivered,France,Small Business,2023-05-08,381.0,78.0,3.0,Clothing,494.65,248.0,Bank Transfer,Success,1483.9499999999998,True
578,204,2024-01-23,Delivered,France,Corporate,2023-11-16,884.0,94.0,1.0,Clothing,261.54,916.0,PayPal,Success,261.54,True
578,204,2024-01-23,Delivered,France,Corporate,2023-11-16,1188.0,54.0,1.0,Home,50.39,916.0,PayPal,Success,50.39,True
579,165,2024-09-21,Returned,Germany,Small Business,2023-05-20,772.0,99.0,1.0,Clothing,248.14,1256.0,PayPal,Success,248.14,False
579,165,2024-09-21,Returned,Germany,Small Business,2023-05-20,1891.0,32.0,1.0,Sports,271.51,1256.0,PayPal,Success,271.51,False
579,165,2024-09-21,Returned,Germany,Small Business,2023-05-20,2698.0,62.0,1.0,Electronics,359.2,1256.0,PayPal,Success,359.2,False
579,165,2024-09-21,Returned,Germany,Small Business,2023-05-20,4192.0,57.0,2.0,Electronics,367.47,1256.0,PayPal,Success,734.94,False
579,165,2024-09-21,Returned,Germany,Small Business,2023-05-20,4283.0,80.0,4.0,Home,37.17,1256.0,PayPal,Success,148.68,False
580,305,2024-10-16,Delivered,Germany,Corporate,2023-05-13,1310.0,100.0,1.0,Electronics,498.19,882.0,Bank Transfer,Success,498.19,True
580,305,2024-10-16,Delivered,Germany,Corporate,2023-05-13,2105.0,88.0,1.0,Sports,23.18,882.0,Bank Transfer,Success,23.18,True
580,305,2024-10-16,Delivered,Germany,Corporate,2023-05-13,2446.0,48.0,2.0,Electronics,48.83,882.0,Bank Transfer,Success,97.66,True
580,305,2024-10-16,Delivered,Germany,Corporate,2023-05-13,3763.0,45.0,4.0,Clothing,39.66,882.0,Bank Transfer,Success,158.64,True
581,497,2024-09-16,Delivered,Spain,Consumer,2023-12-08,2284.0,57.0,2.0,Electronics,367.47,606.0,Bank Transfer,Success,734.94,True
581,497,2024-09-16,Delivered,Spain,Consumer,2023-12-08,3225.0,19.0,4.0,Clothing,230.3,606.0,Bank Transfer,Success,921.2,True
582,120,2024-12-23,Delivered,France,Corporate,2024-01-12,1298.0,36.0,4.0,Home,216.27,913.0,Bank Transfer,Success,865.08,True
582,120,2024-12-23,Delivered,France,Corporate,2024-01-12,2244.0,88.0,4.0,Sports,23.18,913.0,Bank Transfer,Success,92.72,True
583,44,2024-03-15,Returned,Italy,Corporate,2023-02-16,1382.0,15.0,3.0,Home,213.77,1961.0,Bank Transfer,Success,641.3100000000001,False
583,44,2024-03-15,Returned,Italy,Corporate,2023-02-16,1513.0,12.0,3.0,Sports,366.86,1961.0,Bank Transfer,Success,1100.58,False
583,44,2024-03-15,Returned,Italy,Corporate,2023-02-16,1953.0,67.0,1.0,Clothing,59.19,1961.0,Bank Transfer,Success,59.19,False
584,312,2024-12-20,Delivered,Spain,Corporate,2024-04-06,1476.0,42.0,2.0,Clothing,96.81,229.0,Bank Transfer,Success,193.62,True
584,312,2024-12-20,Delivered,Spain,Corporate,2024-04-06,3417.0,87.0,3.0,Home,195.12,229.0,Bank Transfer,Success,585.36,True
585,156,2024-03-12,Delivered,Germany,Small Business,2023-06-22,169.0,76.0,3.0,Electronics,302.4,394.0,Bank Transfer,Success,907.1999999999999,True
585,156,2024-03-12,Delivered,Germany,Small Business,2023-06-22,1922.0,38.0,1.0,Clothing,211.67,394.0,Bank Transfer,Success,211.67,True
586,367,2024-09-15,Delivered,Germany,Consumer,2024-04-20,1412.0,74.0,3.0,Home,491.25,265.0,Bank Transfer,Success,1473.75,True
586,367,2024-09-15,Delivered,Germany,Consumer,2024-04-20,2348.0,46.0,4.0,Electronics,9.7,265.0,Bank Transfer,Success,38.8,True
586,367,2024-09-15,Delivered,Germany,Consumer,2024-04-20,4843.0,34.0,2.0,Home,370.24,265.0,Bank Transfer,Success,740.48,True
587,207,2024-07-06,Delivered,Italy,Small Business,2023-08-17,2692.0,100.0,3.0,Electronics,498.19,271.0,Card,Success,1494.57,True
587,207,2024-07-06,Delivered,Italy,Small Business,2023-08-17,3364.0,60.0,3.0,Home,152.02,271.0,Card,Success,456.06000000000006,True
588,390,2024-06-21,Delivered,France,Corporate,2023-07-13,3521.0,33.0,2.0,Home,332.52,1032.0,PayPal,Success,665.04,True
589,108,2024-10-16,Delivered,Italy,Consumer,2024-09-14,586.0,56.0,1.0,Clothing,263.65,1001.0,Bank Transfer,Success,263.65,True
589,108,2024-10-16,Delivered,Italy,Consumer,2024-09-14,1567.0,89.0,3.0,Home,478.85,1001.0,Bank Transfer,Success,1436.5500000000002,True
589,108,2024-10-16,Delivered,Italy,Consumer,2024-09-14,1915.0,64.0,1.0,Sports,142.25,1001.0,Bank Transfer,Success,142.25,True
590,251,2024-02-14,Delivered,Germany,Consumer,2023-08-19,1877.0,80.0,1.0,Home,37.17,1537.0,PayPal,Success,37.17,True
590,251,2024-02-14,Delivered,Germany,Consumer,2023-08-19,2694.0,19.0,2.0,Clothing,230.3,1537.0,PayPal,Success,460.6,True
590,251,2024-02-14,Delivered,Germany,Consumer,2023-08-19,3119.0,95.0,2.0,Sports,300.65,1537.0,PayPal,Success,601.3,True
590,251,2024-02-14,Delivered,Germany,Consumer,2023-08-19,3329.0,87.0,2.0,Home,195.12,1537.0,PayPal,Success,390.24,True
591,445,2024-03-01,Delivered,Italy,Consumer,2024-05-28,535.0,98.0,4.0,Electronics,260.05,340.0,PayPal,Success,1040.2,True
591,445,2024-03-01,Delivered,Italy,Consumer,2024-05-28,2719.0,30.0,1.0,Sports,288.35,340.0,PayPal,Success,288.35,True
591,445,2024-03-01,Delivered,Italy,Consumer,2024-05-28,4549.0,75.0,3.0,Electronics,442.68,340.0,PayPal,Success,1328.04,True
592,404,2024-03-23,Delivered,France,Small Business,2023-02-24,860.0,33.0,1.0,Home,332.52,1305.0,PayPal,Success,332.52,True
592,404,2024-03-23,Delivered,France,Small Business,2023-02-24,973.0,61.0,3.0,Clothing,427.15,1305.0,PayPal,Success,1281.4499999999998,True
592,404,2024-03-23,Delivered,France,Small Business,2023-02-24,1506.0,93.0,1.0,Electronics,112.08,1305.0,PayPal,Success,112.08,True
592,404,2024-03-23,Delivered,France,Small Business,2023-02-24,1587.0,67.0,2.0,Clothing,59.19,1305.0,PayPal,Success,118.38,True
592,404,2024-03-23,Delivered,France,Small Business,2023-02-24,1952.0,61.0,4.0,Clothing,427.15,1305.0,PayPal,Success,1708.6,True
592,404,2024-03-23,Delivered,France,Small Business,2023-02-24,3059.0,82.0,3.0,Home,419.72,1305.0,PayPal,Success,1259.16,True
592,404,2024-03-23,Delivered,France,Small Business,2023-02-24,4009.0,32.0,2.0,Sports,271.51,1305.0,PayPal,Success,543.02,True
592,404,2024-03-23,Delivered,France,Small Business,2023-02-24,4968.0,68.0,2.0,Clothing,198.86,1305.0,PayPal,Success,397.72,True
593,370,2024-05-02,Delivered,Spain,Small Business,2024-07-14,2466.0,34.0,3.0,Home,370.24,1846.0,Card,Failed,1110.72,False
593,370,2024-05-02,Delivered,Spain,Small Business,2024-07-14,3437.0,5.0,3.0,Home,26.86,1846.0,Card,Failed,80.58,False
594,334,2024-12-23,Delivered,Spain,Consumer,2024-07-28,1712.0,92.0,3.0,Home,316.74,87.0,Bank Transfer,Success,950.22,True
594,334,2024-12-23,Delivered,Spain,Consumer,2024-07-28,2655.0,32.0,3.0,Sports,271.51,87.0,Bank Transfer,Success,814.53,True
595,130,2024-01-16,Delivered,Unknown,Corporate,2024-03-21,1172.0,13.0,3.0,Sports,100.34,1924.0,Card,Success,301.02,True
595,130,2024-01-16,Delivered,Unknown,Corporate,2024-03-21,2828.0,45.0,3.0,Clothing,39.66,1924.0,Card,Success,118.97999999999999,True
595,130,2024-01-16,Delivered,Unknown,Corporate,2024-03-21,3187.0,89.0,1.0,Home,478.85,1924.0,Card,Success,478.85,True
595,130,2024-01-16,Delivered,Unknown,Corporate,2024-03-21,3224.0,91.0,4.0,Electronics,401.38,1924.0,Card,Success,1605.52,True
595,130,2024-01-16,Delivered,Unknown,Corporate,2024-03-21,4583.0,21.0,4.0,Home,324.05,1924.0,Card,Success,1296.2,True
596,457,2024-03-06,Delivered,Germany,Consumer,2024-05-20,28.0,85.0,3.0,Sports,64.57,1206.0,Bank Transfer,Success,193.70999999999998,True
596,457,2024-03-06,Delivered,Germany,Consumer,2024-05-20,1676.0,57.0,1.0,Electronics,367.47,1206.0,Bank Transfer,Success,367.47,True
596,457,2024-03-06,Delivered,Germany,Consumer,2024-05-20,2155.0,26.0,4.0,Electronics,443.07,1206.0,Bank Transfer,Success,1772.28,True
597,293,2024-05-24,Delivered,France,Small Business,2023-12-29,1254.0,18.0,4.0,Home,32.17,103.0,Card,Success,128.68,True
597,293,2024-05-24,Delivered,France,Small Business,2023-12-29,3385.0,32.0,2.0,Sports,271.51,103.0,Card,Success,543.02,True
598,20,2024-06-10,Delivered,Spain,Small Business,2023-07-14,2096.0,65.0,2.0,Home,455.62,1384.0,Card,Success,911.24,True
598,20,2024-06-10,Delivered,Spain,Small Business,2023-07-14,3586.0,12.0,2.0,Sports,366.86,1384.0,Card,Success,733.72,True
598,20,2024-06-10,Delivered,Spain,Small Business,2023-07-14,3852.0,11.0,3.0,Home,64.66,1384.0,Card,Success,193.98,True
598,20,2024-06-10,Delivered,Spain,Small Business,2023-07-14,4804.0,15.0,3.0,Home,213.77,1384.0,Card,Success,641.3100000000001,True
599,282,2024-08-21,Cancelled,Italy,Corporate,2023-10-19,591.0,77.0,3.0,Electronics,452.34,1327.0,Card,Success,1357.02,False
599,282,2024-08-21,Cancelled,Italy,Corporate,2023-10-19,2200.0,41.0,1.0,Home,5.12,1327.0,Card,Success,5.12,False
599,282,2024-08-21,Cancelled,Italy,Corporate,2023-10-19,4814.0,32.0,4.0,Sports,271.51,1327.0,Card,Success,1086.04,False
600,285,2024-05-23,Returned,Germany,Consumer,2024-10-21,562.0,28.0,2.0,Electronics,223.31,1477.0,Bank Transfer,Success,446.62,False
601,1,2024-12-23,Delivered,Spain,Small Business,2023-11-26,431.0,99.0,2.0,Clothing,248.14,418.0,Bank Transfer,Success,496.28,True
601,1,2024-12-23,Delivered,Spain,Small Business,2023-11-26,544.0,21.0,2.0,Home,324.05,418.0,Bank Transfer,Success,648.1,True
601,1,2024-12-23,Delivered,Spain,Small Business,2023-11-26,1452.0,88.0,4.0,Sports,23.18,418.0,Bank Transfer,Success,92.72,True
601,1,2024-12-23,Delivered,Spain,Small Business,2023-11-26,2102.0,98.0,1.0,Electronics,260.05,418.0,Bank Transfer,Success,260.05,True
601,1,2024-12-23,Delivered,Spain,Small Business,2023-11-26,2482.0,87.0,4.0,Home,195.12,418.0,Bank Transfer,Success,780.48,True
601,1,2024-12-23,Delivered,Spain,Small Business,2023-11-26,4492.0,14.0,2.0,Electronics,62.06,418.0,Bank Transfer,Success,124.12,True
601,1,2024-12-23,Delivered,Spain,Small Business,2023-11-26,4877.0,86.0,4.0,Sports,28.24,418.0,Bank Transfer,Success,112.96,True
602,119,2024-07-06,Delivered,Italy,Small Business,2023-11-11,832.0,87.0,2.0,Home,195.12,1317.0,Card,Success,390.24,True
602,119,2024-07-06,Delivered,Italy,Small Business,2023-11-11,4417.0,54.0,1.0,Home,50.39,1317.0,Card,Success,50.39,True
603,35,2024-11-17,Delivered,Germany,Small Business,2024-10-06,1871.0,4.0,2.0,Sports,336.61,1840.0,Bank Transfer,Success,673.22,True
603,35,2024-11-17,Delivered,Germany,Small Business,2024-10-06,4393.0,62.0,2.0,Electronics,359.2,1840.0,Bank Transfer,Success,718.4,True
604,198,2024-01-13,Delivered,Italy,Small Business,2024-04-03,246.0,66.0,2.0,Clothing,27.32,726.0,PayPal,Success,54.64,True
605,485,2024-07-02,Delivered,France,Small Business,2023-05-08,4069.0,75.0,2.0,Electronics,442.68,1815.0,Bank Transfer,Success,885.36,True
606,245,2024-04-20,Delivered,Spain,Small Business,2024-05-14,41.0,74.0,2.0,Home,491.25,279.0,Bank Transfer,Success,982.5,True
606,245,2024-04-20,Delivered,Spain,Small Business,2024-05-14,2565.0,70.0,2.0,Home,478.43,279.0,Bank Transfer,Success,956.86,True
607,59,2024-10-16,Delivered,Spain,Consumer,2024-11-22,1166.0,5.0,1.0,Home,26.86,930.0,Bank Transfer,Success,26.86,True
607,59,2024-10-16,Delivered,Spain,Consumer,2024-11-22,2039.0,63.0,4.0,Sports,296.61,930.0,Bank Transfer,Success,1186.44,True
608,325,2024-10-21,Delivered,Germany,Consumer,2024-10-22,1560.0,1.0,1.0,Electronics,325.1,1977.0,Bank Transfer,Success,325.1,True
608,325,2024-10-21,Delivered,Germany,Consumer,2024-10-22,2988.0,73.0,1.0,Home,296.33,1977.0,Bank Transfer,Success,296.33,True
608,325,2024-10-21,Delivered,Germany,Consumer,2024-10-22,4000.0,85.0,2.0,Sports,64.57,1977.0,Bank Transfer,Success,129.14,True
609,161,2024-08-02,Delivered,Spain,Small Business,2023-04-28,,,,,,1965.0,Card,Failed,,False
610,497,2024-04-29,Delivered,Spain,Consumer,2023-12-08,3529.0,56.0,2.0,Clothing,263.65,1408.0,Card,Success,527.3,True
610,497,2024-04-29,Delivered,Spain,Consumer,2023-12-08,3743.0,39.0,3.0,Home,233.66,1408.0,Card,Success,700.98,True
611,179,2024-02-24,Delivered,France,Small Business,2024-10-11,3961.0,78.0,4.0,Clothing,494.65,906.0,Card,Success,1978.6,True
612,206,2024-01-27,Delivered,France,Consumer,2023-12-15,2109.0,44.0,3.0,Clothing,466.63,1925.0,Bank Transfer,Success,1399.8899999999999,True
612,206,2024-01-27,Delivered,France,Consumer,2023-12-15,2487.0,76.0,3.0,Electronics,302.4,1925.0,Bank Transfer,Success,907.1999999999999,True
612,206,2024-01-27,Delivered,France,Consumer,2023-12-15,3002.0,91.0,1.0,Electronics,401.38,1925.0,Bank Transfer,Success,401.38,True
612,206,2024-01-27,Delivered,France,Consumer,2023-12-15,3552.0,21.0,4.0,Home,324.05,1925.0,Bank Transfer,Success,1296.2,True
613,12,2024-04-27,Cancelled,Spain,Corporate,2023-07-02,2533.0,59.0,2.0,Home,236.32,424.0,Bank Transfer,Success,472.64,False
613,12,2024-04-27,Cancelled,Spain,Corporate,2023-07-02,3444.0,59.0,1.0,Home,236.32,424.0,Bank Transfer,Success,236.32,False
614,490,2024-08-08,Returned,France,Consumer,2023-01-17,1723.0,78.0,4.0,Clothing,494.65,1842.0,PayPal,Success,1978.6,False
614,490,2024-08-08,Returned,France,Consumer,2023-01-17,2659.0,34.0,4.0,Home,370.24,1842.0,PayPal,Success,1480.96,False
614,490,2024-08-08,Returned,France,Consumer,2023-01-17,3191.0,3.0,1.0,Electronics,30.54,1842.0,PayPal,Success,30.54,False
614,490,2024-08-08,Returned,France,Consumer,2023-01-17,4421.0,23.0,3.0,Sports,185.53,1842.0,PayPal,Success,556.59,False
614,490,2024-08-08,Returned,France,Consumer,2023-01-17,4865.0,57.0,2.0,Electronics,367.47,1842.0,PayPal,Success,734.94,False
615,276,2024-08-18,Delivered,Italy,Corporate,2023-11-20,1946.0,82.0,2.0,Home,419.72,1307.0,Card,Success,839.44,True
615,276,2024-08-18,Delivered,Italy,Corporate,2023-11-20,3875.0,81.0,2.0,Electronics,203.78,1307.0,Card,Success,407.56,True
616,181,2024-02-22,Delivered,France,Small Business,2023-01-13,488.0,1.0,2.0,Electronics,325.1,1569.0,PayPal,Success,650.2,True
616,181,2024-02-22,Delivered,France,Small Business,2023-01-13,2495.0,10.0,3.0,Sports,159.86,1569.0,PayPal,Success,479.58000000000004,True
617,242,2024-10-21,Delivered,Spain,Small Business,2023-06-28,128.0,87.0,2.0,Home,195.12,1033.0,PayPal,Success,390.24,True
617,242,2024-10-21,Delivered,Spain,Small Business,2023-06-28,4331.0,97.0,1.0,Sports,133.82,1033.0,PayPal,Success,133.82,True
618,216,2024-11-16,Delivered,France,Consumer,2023-05-12,3907.0,58.0,3.0,Home,6.66,1347.0,Bank Transfer,Success,19.98,True
618,216,2024-11-16,Delivered,France,Consumer,2023-05-12,4928.0,76.0,2.0,Electronics,302.4,1347.0,Bank Transfer,Success,604.8,True
619,251,2024-08-20,Delivered,Germany,Consumer,2023-08-19,2757.0,64.0,4.0,Sports,142.25,1427.0,Card,Success,569.0,True
619,251,2024-08-20,Delivered,Germany,Consumer,2023-08-19,4196.0,40.0,4.0,Electronics,495.22,1427.0,Card,Success,1980.88,True
620,299,2024-06-06,Delivered,France,Small Business,2024-09-14,2210.0,2.0,3.0,Home,348.12,1287.0,Bank Transfer,Success,1044.3600000000001,True
620,299,2024-06-06,Delivered,France,Small Business,2024-09-14,3518.0,37.0,2.0,Electronics,438.95,1287.0,Bank Transfer,Success,877.9,True
620,299,2024-06-06,Delivered,France,Small Business,2024-09-14,4092.0,89.0,4.0,Home,478.85,1287.0,Bank Transfer,Success,1915.4,True
620,299,2024-06-06,Delivered,France,Small Business,2024-09-14,4372.0,95.0,3.0,Sports,300.65,1287.0,Bank Transfer,Success,901.9499999999999,True
620,299,2024-06-06,Delivered,France,Small Business,2024-09-14,4979.0,1.0,4.0,Electronics,325.1,1287.0,Bank Transfer,Success,1300.4,True
621,126,2024-09-25,Delivered,Italy,Corporate,2024-05-17,95.0,4.0,4.0,Sports,336.61,102.0,Card,Success,1346.44,True
621,126,2024-09-25,Delivered,Italy,Corporate,2024-05-17,2252.0,73.0,2.0,Home,296.33,102.0,Card,Success,592.66,True
621,126,2024-09-25,Delivered,Italy,Corporate,2024-05-17,2368.0,18.0,4.0,Home,32.17,102.0,Card,Success,128.68,True
622,482,2024-01-21,Delivered,Germany,Corporate,2024-09-01,760.0,2.0,4.0,Home,348.12,175.0,Card,Success,1392.48,True
622,482,2024-01-21,Delivered,Germany,Corporate,2024-09-01,1948.0,42.0,4.0,Clothing,96.81,175.0,Card,Success,387.24,True
623,217,2024-02-22,Delivered,Italy,Small Business,2024-08-23,2234.0,53.0,4.0,Electronics,202.15,759.0,Bank Transfer,Success,808.6,True
623,217,2024-02-22,Delivered,Italy,Small Business,2024-08-23,3101.0,17.0,3.0,Sports,373.81,759.0,Bank Transfer,Success,1121.43,True
623,217,2024-02-22,Delivered,Italy,Small Business,2024-08-23,4556.0,98.0,4.0,Electronics,260.05,759.0,Bank Transfer,Success,1040.2,True
623,217,2024-02-22,Delivered,Italy,Small Business,2024-08-23,4841.0,40.0,4.0,Electronics,495.22,759.0,Bank Transfer,Success,1980.88,True
624,306,2024-10-01,Delivered,France,Small Business,2023-05-07,21.0,61.0,3.0,Clothing,427.15,1826.0,Bank Transfer,Success,1281.4499999999998,True
624,306,2024-10-01,Delivered,France,Small Business,2023-05-07,809.0,5.0,3.0,Home,26.86,1826.0,Bank Transfer,Success,80.58,True
624,306,2024-10-01,Delivered,France,Small Business,2023-05-07,838.0,52.0,2.0,Electronics,139.49,1826.0,Bank Transfer,Success,278.98,True
624,306,2024-10-01,Delivered,France,Small Business,2023-05-07,2255.0,46.0,3.0,Electronics,9.7,1826.0,Bank Transfer,Success,29.099999999999998,True
625,285,2024-11-08,Delivered,Germany,Consumer,2024-10-21,4324.0,29.0,2.0,Clothing,205.22,1513.0,Card,Failed,410.44,False
626,185,2024-10-07,Delivered,France,Consumer,2023-11-17,336.0,1.0,4.0,Electronics,325.1,464.0,Card,Success,1300.4,True
626,185,2024-10-07,Delivered,France,Consumer,2023-11-17,1427.0,74.0,1.0,Home,491.25,464.0,Card,Success,491.25,True
626,185,2024-10-07,Delivered,France,Consumer,2023-11-17,2968.0,49.0,4.0,Sports,23.61,464.0,Card,Success,94.44,True
626,185,2024-10-07,Delivered,France,Consumer,2023-11-17,3406.0,61.0,2.0,Clothing,427.15,464.0,Card,Success,854.3,True
626,185,2024-10-07,Delivered,France,Consumer,2023-11-17,4336.0,77.0,1.0,Electronics,452.34,464.0,Card,Success,452.34,True
627,39,2024-08-01,Returned,France,Corporate,2023-02-15,274.0,66.0,2.0,Clothing,27.32,296.0,Card,Success,54.64,False
627,39,2024-08-01,Returned,France,Corporate,2023-02-15,274.0,66.0,2.0,Clothing,27.32,1311.0,Bank Transfer,Success,54.64,False
627,39,2024-08-01,Returned,France,Corporate,2023-02-15,305.0,7.0,2.0,Electronics,499.68,296.0,Card,Success,999.36,False
627,39,2024-08-01,Returned,France,Corporate,2023-02-15,305.0,7.0,2.0,Electronics,499.68,1311.0,Bank Transfer,Success,999.36,False
627,39,2024-08-01,Returned,France,Corporate,2023-02-15,788.0,30.0,4.0,Sports,288.35,296.0,Card,Success,1153.4,False
627,39,2024-08-01,Returned,France,Corporate,2023-02-15,788.0,30.0,4.0,Sports,288.35,1311.0,Bank Transfer,Success,1153.4,False
627,39,2024-08-01,Returned,France,Corporate,2023-02-15,989.0,24.0,1.0,Clothing,282.54,296.0,Card,Success,282.54,False
627,39,2024-08-01,Returned,France,Corporate,2023-02-15,989.0,24.0,1.0,Clothing,282.54,1311.0,Bank Transfer,Success,282.54,False
627,39,2024-08-01,Returned,France,Corporate,2023-02-15,2335.0,55.0,1.0,Sports,171.5,296.0,Card,Success,171.5,False
627,39,2024-08-01,Returned,France,Corporate,2023-02-15,2335.0,55.0,1.0,Sports,171.5,1311.0,Bank Transfer,Success,171.5,False
627,39,2024-08-01,Returned,France,Corporate,2023-02-15,3218.0,33.0,1.0,Home,332.52,296.0,Card,Success,332.52,False
627,39,2024-08-01,Returned,France,Corporate,2023-02-15,3218.0,33.0,1.0,Home,332.52,1311.0,Bank Transfer,Success,332.52,False
627,39,2024-08-01,Returned,France,Corporate,2023-02-15,3367.0,93.0,3.0,Electronics,112.08,296.0,Card,Success,336.24,False
627,39,2024-08-01,Returned,France,Corporate,2023-02-15,3367.0,93.0,3.0,Electronics,112.08,1311.0,Bank Transfer,Success,336.24,False
627,39,2024-08-01,Returned,France,Corporate,2023-02-15,4171.0,58.0,1.0,Home,6.66,296.0,Card,Success,6.66,False
627,39,2024-08-01,Returned,France,Corporate,2023-02-15,4171.0,58.0,1.0,Home,6.66,1311.0,Bank Transfer,Success,6.66,False
628,223,2024-01-31,Delivered,Germany,Corporate,2024-09-07,2862.0,54.0,4.0,Home,50.39,1918.0,Card,Success,201.56,True
628,223,2024-01-31,Delivered,Germany,Corporate,2024-09-07,3456.0,99.0,1.0,Clothing,248.14,1918.0,Card,Success,248.14,True
629,184,2024-12-02,Delivered,Spain,Corporate,2024-08-18,2940.0,9.0,4.0,Home,239.24,,,,956.96,False
629,184,2024-12-02,Delivered,Spain,Corporate,2024-08-18,4440.0,31.0,2.0,Home,402.97,,,,805.94,False
630,495,2024-07-01,Cancelled,France,Small Business,2024-08-21,131.0,84.0,1.0,Clothing,416.17,1510.0,PayPal,Success,416.17,False
630,495,2024-07-01,Cancelled,France,Small Business,2024-08-21,359.0,33.0,3.0,Home,332.52,1510.0,PayPal,Success,997.56,False
631,427,2024-01-23,Returned,France,Small Business,2024-05-05,4623.0,73.0,1.0,Home,296.33,996.0,Card,Success,296.33,False
632,178,2024-02-01,Delivered,Spain,Consumer,2023-09-18,1328.0,61.0,2.0,Clothing,427.15,34.0,Card,Success,854.3,True
632,178,2024-02-01,Delivered,Spain,Consumer,2023-09-18,1899.0,19.0,3.0,Clothing,230.3,34.0,Card,Success,690.9000000000001,True
632,178,2024-02-01,Delivered,Spain,Consumer,2023-09-18,1943.0,1.0,2.0,Electronics,325.1,34.0,Card,Success,650.2,True
633,407,2024-03-14,Cancelled,Germany,Small Business,2024-01-26,663.0,70.0,2.0,Home,478.43,1020.0,PayPal,Failed,956.86,False
633,407,2024-03-14,Cancelled,Germany,Small Business,2024-01-26,2775.0,52.0,2.0,Electronics,139.49,1020.0,PayPal,Failed,278.98,False
634,428,2024-01-10,Delivered,Italy,Consumer,2024-03-27,609.0,87.0,2.0,Home,195.12,768.0,Bank Transfer,Failed,390.24,False
634,428,2024-01-10,Delivered,Italy,Consumer,2024-03-27,2762.0,16.0,2.0,Home,398.69,768.0,Bank Transfer,Failed,797.38,False
634,428,2024-01-10,Delivered,Italy,Consumer,2024-03-27,2927.0,71.0,4.0,Electronics,400.0,768.0,Bank Transfer,Failed,1600.0,False
634,428,2024-01-10,Delivered,Italy,Consumer,2024-03-27,3617.0,54.0,2.0,Home,50.39,768.0,Bank Transfer,Failed,100.78,False
635,294,2024-02-23,Delivered,Germany,Small Business,2024-01-31,1292.0,26.0,4.0,Electronics,443.07,1741.0,Bank Transfer,Success,1772.28,True
635,294,2024-02-23,Delivered,Germany,Small Business,2024-01-31,1562.0,43.0,3.0,Electronics,195.06,1741.0,Bank Transfer,Success,585.1800000000001,True
636,340,2024-02-21,Delivered,Italy,Consumer,2023-07-29,,,,,,1792.0,PayPal,Success,,True
637,151,2024-05-27,Delivered,Spain,Small Business,2024-03-16,422.0,7.0,1.0,Electronics,499.68,578.0,Bank Transfer,Success,499.68,True
638,384,2024-06-08,Delivered,France,Consumer,2024-02-28,2539.0,15.0,3.0,Home,213.77,82.0,Bank Transfer,Success,641.3100000000001,True
638,384,2024-06-08,Delivered,France,Consumer,2024-02-28,3244.0,53.0,2.0,Electronics,202.15,82.0,Bank Transfer,Success,404.3,True
639,126,2024-01-14,Delivered,Italy,Corporate,2024-05-17,4144.0,5.0,4.0,Home,26.86,1955.0,PayPal,Success,107.44,True
639,126,2024-01-14,Delivered,Italy,Corporate,2024-05-17,4749.0,67.0,1.0,Clothing,59.19,1955.0,PayPal,Success,59.19,True
640,301,2024-06-26,Delivered,France,Corporate,2024-11-13,369.0,67.0,2.0,Clothing,59.19,442.0,PayPal,Success,118.38,True
640,301,2024-06-26,Delivered,France,Corporate,2024-11-13,2232.0,84.0,4.0,Clothing,416.17,442.0,PayPal,Success,1664.68,True
640,301,2024-06-26,Delivered,France,Corporate,2024-11-13,2873.0,90.0,1.0,Electronics,413.97,442.0,PayPal,Success,413.97,True
640,301,2024-06-26,Delivered,France,Corporate,2024-11-13,2980.0,70.0,3.0,Home,478.43,442.0,PayPal,Success,1435.29,True
641,308,2024-02-22,Delivered,Germany,Corporate,2024-08-26,1314.0,74.0,1.0,Home,491.25,145.0,Bank Transfer,Success,491.25,True
641,308,2024-02-22,Delivered,Germany,Corporate,2024-08-26,4929.0,78.0,3.0,Clothing,494.65,145.0,Bank Transfer,Success,1483.9499999999998,True
642,336,2024-11-30,Delivered,Italy,Consumer,2024-06-20,1128.0,55.0,1.0,Sports,171.5,1796.0,Bank Transfer,Success,171.5,True
642,336,2024-11-30,Delivered,Italy,Consumer,2024-06-20,2925.0,53.0,4.0,Electronics,202.15,1796.0,Bank Transfer,Success,808.6,True
643,434,2024-01-22,Delivered,Italy,Consumer,2023-11-26,1069.0,50.0,3.0,Electronics,242.49,565.0,Card,Success,727.47,True
643,434,2024-01-22,Delivered,Italy,Consumer,2023-11-26,2352.0,66.0,1.0,Clothing,27.32,565.0,Card,Success,27.32,True
644,234,2024-01-30,Delivered,Italy,Consumer,2024-05-17,458.0,35.0,1.0,Sports,262.48,2000.0,Bank Transfer,Success,262.48,True
644,234,2024-01-30,Delivered,Italy,Consumer,2024-05-17,2967.0,70.0,2.0,Home,478.43,2000.0,Bank Transfer,Success,956.86,True
645,380,2024-07-09,Delivered,France,Consumer,2024-03-04,2097.0,6.0,1.0,Clothing,296.19,1675.0,PayPal,Success,296.19,True
646,375,2024-09-16,Delivered,France,Consumer,2023-11-14,1280.0,94.0,2.0,Clothing,261.54,65.0,Bank Transfer,Success,523.08,True
646,375,2024-09-16,Delivered,France,Consumer,2023-11-14,1655.0,91.0,4.0,Electronics,401.38,65.0,Bank Transfer,Success,1605.52,True
647,8,2024-07-23,Cancelled,France,Consumer,2023-05-06,442.0,17.0,4.0,Sports,373.81,1687.0,Card,Success,1495.24,False
647,8,2024-07-23,Cancelled,France,Consumer,2023-05-06,1019.0,66.0,3.0,Clothing,27.32,1687.0,Card,Success,81.96000000000001,False
647,8,2024-07-23,Cancelled,France,Consumer,2023-05-06,1698.0,2.0,3.0,Home,348.12,1687.0,Card,Success,1044.3600000000001,False
648,498,2024-02-28,Delivered,Italy,Consumer,2023-01-27,2053.0,13.0,4.0,Sports,100.34,1361.0,Bank Transfer,Success,401.36,True
649,341,2024-09-20,Delivered,Spain,Small Business,2024-04-19,2333.0,58.0,4.0,Home,6.66,773.0,Card,Success,26.64,True
649,341,2024-09-20,Delivered,Spain,Small Business,2024-04-19,4652.0,43.0,2.0,Electronics,195.06,773.0,Card,Success,390.12,True
650,129,2024-01-12,Delivered,Italy,Consumer,2023-12-16,2152.0,22.0,2.0,Home,326.83,1667.0,Bank Transfer,Failed,653.66,False
650,129,2024-01-12,Delivered,Italy,Consumer,2023-12-16,2152.0,22.0,2.0,Home,326.83,1932.0,PayPal,Success,653.66,True
650,129,2024-01-12,Delivered,Italy,Consumer,2023-12-16,3661.0,24.0,2.0,Clothing,282.54,1667.0,Bank Transfer,Failed,565.08,False
650,129,2024-01-12,Delivered,Italy,Consumer,2023-12-16,3661.0,24.0,2.0,Clothing,282.54,1932.0,PayPal,Success,565.08,True
650,129,2024-01-12,Delivered,Italy,Consumer,2023-12-16,4403.0,33.0,2.0,Home,332.52,1667.0,Bank Transfer,Failed,665.04,False
650,129,2024-01-12,Delivered,Italy,Consumer,2023-12-16,4403.0,33.0,2.0,Home,332.52,1932.0,PayPal,Success,665.04,True
650,129,2024-01-12,Delivered,Italy,Consumer,2023-12-16,4818.0,56.0,2.0,Clothing,263.65,1667.0,Bank Transfer,Failed,527.3,False
650,129,2024-01-12,Delivered,Italy,Consumer,2023-12-16,4818.0,56.0,2.0,Clothing,263.65,1932.0,PayPal,Success,527.3,True
651,264,2024-04-28,Delivered,France,Consumer,2024-09-26,1520.0,71.0,4.0,Electronics,400.0,257.0,Bank Transfer,Success,1600.0,True
651,264,2024-04-28,Delivered,France,Consumer,2024-09-26,1644.0,97.0,3.0,Sports,133.82,257.0,Bank Transfer,Success,401.46,True
652,157,2024-10-16,Delivered,Spain,Corporate,2023-10-27,1409.0,75.0,2.0,Electronics,442.68,1915.0,PayPal,Success,885.36,True
652,157,2024-10-16,Delivered,Spain,Corporate,2023-10-27,1785.0,54.0,2.0,Home,50.39,1915.0,PayPal,Success,100.78,True
652,157,2024-10-16,Delivered,Spain,Corporate,2023-10-27,3023.0,89.0,3.0,Home,478.85,1915.0,PayPal,Success,1436.5500000000002,True
653,352,2024-12-03,Delivered,France,Consumer,2023-06-10,93.0,24.0,2.0,Clothing,282.54,1391.0,PayPal,Success,565.08,True
653,352,2024-12-03,Delivered,France,Consumer,2023-06-10,483.0,36.0,3.0,Home,216.27,1391.0,PayPal,Success,648.8100000000001,True
653,352,2024-12-03,Delivered,France,Consumer,2023-06-10,3514.0,23.0,4.0,Sports,185.53,1391.0,PayPal,Success,742.12,True
654,358,2024-09-04,Delivered,Italy,Small Business,2023-06-05,2071.0,81.0,2.0,Electronics,203.78,1497.0,Bank Transfer,Success,407.56,True
654,358,2024-09-04,Delivered,Italy,Small Business,2023-06-05,4780.0,19.0,4.0,Clothing,230.3,1497.0,Bank Transfer,Success,921.2,True
655,5,2024-12-19,Delivered,Spain,Consumer,2023-02-22,1665.0,88.0,3.0,Sports,23.18,829.0,PayPal,Success,69.53999999999999,True
655,5,2024-12-19,Delivered,Spain,Consumer,2023-02-22,1771.0,24.0,1.0,Clothing,282.54,829.0,PayPal,Success,282.54,True
655,5,2024-12-19,Delivered,Spain,Consumer,2023-02-22,4274.0,30.0,3.0,Sports,288.35,829.0,PayPal,Success,865.0500000000001,True
655,5,2024-12-19,Delivered,Spain,Consumer,2023-02-22,4694.0,34.0,2.0,Home,370.24,829.0,PayPal,Success,740.48,True
656,495,2024-05-06,Cancelled,France,Small Business,2024-08-21,22.0,52.0,4.0,Electronics,139.49,1564.0,Card,Success,557.96,False
657,86,2024-03-15,Delivered,Spain,Consumer,2023-02-08,516.0,83.0,2.0,Sports,119.13,710.0,PayPal,Success,238.26,True
657,86,2024-03-15,Delivered,Spain,Consumer,2023-02-08,716.0,96.0,4.0,Clothing,264.89,710.0,PayPal,Success,1059.56,True
658,175,2024-12-26,Delivered,Italy,Small Business,2024-11-03,,,,,,1914.0,Card,Success,,True
659,290,2024-07-22,Returned,Italy,Consumer,2023-01-23,1065.0,64.0,4.0,Sports,142.25,338.0,PayPal,Success,569.0,False
659,290,2024-07-22,Returned,Italy,Consumer,2023-01-23,1065.0,64.0,4.0,Sports,142.25,866.0,Bank Transfer,Success,569.0,False
659,290,2024-07-22,Returned,Italy,Consumer,2023-01-23,2374.0,90.0,3.0,Electronics,413.97,338.0,PayPal,Success,1241.91,False
659,290,2024-07-22,Returned,Italy,Consumer,2023-01-23,2374.0,90.0,3.0,Electronics,413.97,866.0,Bank Transfer,Success,1241.91,False
659,290,2024-07-22,Returned,Italy,Consumer,2023-01-23,2782.0,82.0,1.0,Home,419.72,338.0,PayPal,Success,419.72,False
659,290,2024-07-22,Returned,Italy,Consumer,2023-01-23,2782.0,82.0,1.0,Home,419.72,866.0,Bank Transfer,Success,419.72,False
659,290,2024-07-22,Returned,Italy,Consumer,2023-01-23,3031.0,45.0,1.0,Clothing,39.66,338.0,PayPal,Success,39.66,False
659,290,2024-07-22,Returned,Italy,Consumer,2023-01-23,3031.0,45.0,1.0,Clothing,39.66,866.0,Bank Transfer,Success,39.66,False
659,290,2024-07-22,Returned,Italy,Consumer,2023-01-23,3424.0,78.0,2.0,Clothing,494.65,338.0,PayPal,Success,989.3,False
659,290,2024-07-22,Returned,Italy,Consumer,2023-01-23,3424.0,78.0,2.0,Clothing,494.65,866.0,Bank Transfer,Success,989.3,False
659,290,2024-07-22,Returned,Italy,Consumer,2023-01-23,3832.0,77.0,2.0,Electronics,452.34,338.0,PayPal,Success,904.68,False
659,290,2024-07-22,Returned,Italy,Consumer,2023-01-23,3832.0,77.0,2.0,Electronics,452.34,866.0,Bank Transfer,Success,904.68,False
660,193,2024-02-18,Delivered,France,Small Business,2024-08-03,1745.0,99.0,2.0,Clothing,248.14,382.0,Card,Success,496.28,True
660,193,2024-02-18,Delivered,France,Small Business,2024-08-03,4108.0,54.0,1.0,Home,50.39,382.0,Card,Success,50.39,True
661,311,2024-03-19,Delivered,Italy,Consumer,2023-01-29,1113.0,38.0,1.0,Clothing,211.67,1561.0,Card,Success,211.67,True
661,311,2024-03-19,Delivered,Italy,Consumer,2023-01-29,1990.0,2.0,1.0,Home,348.12,1561.0,Card,Success,348.12,True
662,119,2024-08-28,Delivered,Italy,Small Business,2023-11-11,55.0,32.0,1.0,Sports,271.51,1876.0,PayPal,Success,271.51,True
662,119,2024-08-28,Delivered,Italy,Small Business,2023-11-11,1444.0,3.0,1.0,Electronics,30.54,1876.0,PayPal,Success,30.54,True
662,119,2024-08-28,Delivered,Italy,Small Business,2023-11-11,2172.0,70.0,4.0,Home,478.43,1876.0,PayPal,Success,1913.72,True
663,218,2024-12-14,Delivered,France,Consumer,2023-02-11,4405.0,62.0,1.0,Electronics,359.2,574.0,Card,Success,359.2,True
664,427,2024-06-02,Delivered,France,Small Business,2024-05-05,99.0,98.0,3.0,Electronics,260.05,620.0,Card,Success,780.1500000000001,True
664,427,2024-06-02,Delivered,France,Small Business,2024-05-05,165.0,86.0,4.0,Sports,28.24,620.0,Card,Success,112.96,True
664,427,2024-06-02,Delivered,France,Small Business,2024-05-05,1464.0,15.0,3.0,Home,213.77,620.0,Card,Success,641.3100000000001,True
664,427,2024-06-02,Delivered,France,Small Business,2024-05-05,2867.0,88.0,2.0,Sports,23.18,620.0,Card,Success,46.36,True
664,427,2024-06-02,Delivered,France,Small Business,2024-05-05,4297.0,76.0,4.0,Electronics,302.4,620.0,Card,Success,1209.6,True
664,427,2024-06-02,Delivered,France,Small Business,2024-05-05,4816.0,78.0,1.0,Clothing,494.65,620.0,Card,Success,494.65,True
665,458,2024-09-30,Delivered,Italy,Corporate,2023-12-30,1117.0,24.0,2.0,Clothing,282.54,1290.0,Card,Success,565.08,True
665,458,2024-09-30,Delivered,Italy,Corporate,2023-12-30,4967.0,75.0,4.0,Electronics,442.68,1290.0,Card,Success,1770.72,True
666,414,2024-04-05,Delivered,France,Small Business,2023-08-27,1066.0,72.0,4.0,Sports,133.2,942.0,Bank Transfer,Failed,532.8,False
666,414,2024-04-05,Delivered,France,Small Business,2023-08-27,2329.0,51.0,2.0,Electronics,292.47,942.0,Bank Transfer,Failed,584.94,False
667,114,2024-08-01,Delivered,Germany,Small Business,2024-06-01,2385.0,72.0,1.0,Sports,133.2,1240.0,Card,Failed,133.2,False
667,114,2024-08-01,Delivered,Germany,Small Business,2024-06-01,3454.0,77.0,4.0,Electronics,452.34,1240.0,Card,Failed,1809.36,False
668,466,2024-10-20,Delivered,Spain,Small Business,2023-07-28,465.0,74.0,3.0,Home,491.25,1630.0,Card,Success,1473.75,True
668,466,2024-10-20,Delivered,Spain,Small Business,2023-07-28,1711.0,28.0,2.0,Electronics,223.31,1630.0,Card,Success,446.62,True
669,145,2024-07-27,Delivered,Italy,Corporate,2023-01-04,1543.0,15.0,3.0,Home,213.77,466.0,PayPal,Success,641.3100000000001,True
669,145,2024-07-27,Delivered,Italy,Corporate,2023-01-04,2689.0,10.0,4.0,Sports,159.86,466.0,PayPal,Success,639.44,True
670,26,2024-12-08,Delivered,Germany,Consumer,2023-02-20,1090.0,98.0,2.0,Electronics,260.05,1216.0,Card,Success,520.1,True
670,26,2024-12-08,Delivered,Germany,Consumer,2023-02-20,3464.0,23.0,1.0,Sports,185.53,1216.0,Card,Success,185.53,True
671,136,2024-03-28,Cancelled,France,Consumer,2024-06-26,4587.0,8.0,3.0,Electronics,280.12,1052.0,PayPal,Success,840.36,False
672,303,2024-11-01,Delivered,Spain,Small Business,2023-12-22,397.0,73.0,2.0,Home,296.33,1480.0,Card,Success,592.66,True
672,303,2024-11-01,Delivered,Spain,Small Business,2023-12-22,526.0,66.0,2.0,Clothing,27.32,1480.0,Card,Success,54.64,True
673,232,2024-09-20,Delivered,Italy,Consumer,2023-05-25,794.0,84.0,3.0,Clothing,416.17,1780.0,Card,Success,1248.51,True
673,232,2024-09-20,Delivered,Italy,Consumer,2023-05-25,1047.0,36.0,2.0,Home,216.27,1780.0,Card,Success,432.54,True
673,232,2024-09-20,Delivered,Italy,Consumer,2023-05-25,1629.0,83.0,1.0,Sports,119.13,1780.0,Card,Success,119.13,True
673,232,2024-09-20,Delivered,Italy,Consumer,2023-05-25,3646.0,81.0,4.0,Electronics,203.78,1780.0,Card,Success,815.12,True
673,232,2024-09-20,Delivered,Italy,Consumer,2023-05-25,4699.0,28.0,4.0,Electronics,223.31,1780.0,Card,Success,893.24,True
674,369,2024-11-20,Delivered,Spain,Corporate,2023-12-26,1628.0,15.0,4.0,Home,213.77,1394.0,Bank Transfer,Success,855.08,True
674,369,2024-11-20,Delivered,Spain,Corporate,2023-12-26,4047.0,84.0,1.0,Clothing,416.17,1394.0,Bank Transfer,Success,416.17,True
675,76,2024-11-15,Delivered,Germany,Consumer,2024-09-14,3167.0,21.0,3.0,Home,324.05,14.0,Bank Transfer,Success,972.1500000000001,True
676,475,2024-06-05,Delivered,Spain,Small Business,2023-08-23,1432.0,51.0,2.0,Electronics,292.47,1123.0,Card,Success,584.94,True
676,475,2024-06-05,Delivered,Spain,Small Business,2023-08-23,1619.0,28.0,4.0,Electronics,223.31,1123.0,Card,Success,893.24,True
677,328,2024-06-04,Delivered,Spain,Corporate,2023-05-17,1914.0,82.0,2.0,Home,419.72,772.0,Card,Success,839.44,True
677,328,2024-06-04,Delivered,Spain,Corporate,2023-05-17,4179.0,15.0,3.0,Home,213.77,772.0,Card,Success,641.3100000000001,True
678,345,2024-05-18,Cancelled,Spain,Small Business,2024-10-01,,,,,,173.0,Card,Success,,False
679,302,2024-04-30,Cancelled,France,Small Business,2024-04-04,3987.0,71.0,2.0,Electronics,400.0,1081.0,PayPal,Failed,800.0,False
680,452,2024-03-05,Delivered,Germany,Corporate,2023-09-18,703.0,29.0,2.0,Clothing,205.22,1378.0,PayPal,Success,410.44,True
680,452,2024-03-05,Delivered,Germany,Corporate,2023-09-18,2728.0,67.0,2.0,Clothing,59.19,1378.0,PayPal,Success,118.38,True
680,452,2024-03-05,Delivered,Germany,Corporate,2023-09-18,2751.0,75.0,2.0,Electronics,442.68,1378.0,PayPal,Success,885.36,True
680,452,2024-03-05,Delivered,Germany,Corporate,2023-09-18,3979.0,50.0,3.0,Electronics,242.49,1378.0,PayPal,Success,727.47,True
680,452,2024-03-05,Delivered,Germany,Corporate,2023-09-18,4624.0,74.0,2.0,Home,491.25,1378.0,PayPal,Success,982.5,True
681,289,2024-04-16,Delivered,France,Consumer,2023-05-14,308.0,64.0,1.0,Sports,142.25,1999.0,Bank Transfer,Failed,142.25,False
681,289,2024-04-16,Delivered,France,Consumer,2023-05-14,3557.0,9.0,1.0,Home,239.24,1999.0,Bank Transfer,Failed,239.24,False
682,1,2024-05-26,Delivered,Spain,Small Business,2023-11-26,,,,,,1547.0,PayPal,Success,,True
683,147,2024-05-16,Delivered,Spain,Corporate,2023-04-28,1492.0,5.0,4.0,Home,26.86,326.0,Bank Transfer,Success,107.44,True
683,147,2024-05-16,Delivered,Spain,Corporate,2023-04-28,3568.0,83.0,1.0,Sports,119.13,326.0,Bank Transfer,Success,119.13,True
683,147,2024-05-16,Delivered,Spain,Corporate,2023-04-28,4682.0,10.0,4.0,Sports,159.86,326.0,Bank Transfer,Success,639.44,True
683,147,2024-05-16,Delivered,Spain,Corporate,2023-04-28,4702.0,50.0,1.0,Electronics,242.49,326.0,Bank Transfer,Success,242.49,True
684,287,2024-06-10,Delivered,France,Corporate,2023-09-11,2732.0,92.0,4.0,Home,316.74,1156.0,PayPal,Success,1266.96,True
684,287,2024-06-10,Delivered,France,Corporate,2023-09-11,4215.0,56.0,2.0,Clothing,263.65,1156.0,PayPal,Success,527.3,True
685,464,2024-04-09,Delivered,France,Consumer,2023-05-08,881.0,10.0,1.0,Sports,159.86,1171.0,Bank Transfer,Failed,159.86,False
686,142,2024-12-03,Delivered,France,Small Business,2023-11-18,2347.0,54.0,4.0,Home,50.39,133.0,Bank Transfer,Success,201.56,True
686,142,2024-12-03,Delivered,France,Small Business,2023-11-18,3171.0,99.0,3.0,Clothing,248.14,133.0,Bank Transfer,Success,744.42,True
687,53,2024-11-02,Delivered,Spain,Corporate,2023-12-03,799.0,5.0,2.0,Home,26.86,1931.0,Card,Failed,53.72,False
687,53,2024-11-02,Delivered,Spain,Corporate,2023-12-03,2019.0,45.0,3.0,Clothing,39.66,1931.0,Card,Failed,118.97999999999999,False
687,53,2024-11-02,Delivered,Spain,Corporate,2023-12-03,4382.0,7.0,2.0,Electronics,499.68,1931.0,Card,Failed,999.36,False
688,304,2024-05-20,Delivered,Germany,Corporate,2023-11-20,496.0,7.0,2.0,Electronics,499.68,274.0,Card,Success,999.36,True
688,304,2024-05-20,Delivered,Germany,Corporate,2023-11-20,1419.0,59.0,4.0,Home,236.32,274.0,Card,Success,945.28,True
689,69,2024-03-23,Returned,Italy,Small Business,2023-12-31,120.0,41.0,1.0,Home,5.12,802.0,PayPal,Success,5.12,False
689,69,2024-03-23,Returned,Italy,Small Business,2023-12-31,695.0,74.0,2.0,Home,491.25,802.0,PayPal,Success,982.5,False
689,69,2024-03-23,Returned,Italy,Small Business,2023-12-31,4123.0,42.0,1.0,Clothing,96.81,802.0,PayPal,Success,96.81,False
690,361,2024-06-25,Delivered,Italy,Consumer,2023-03-25,704.0,56.0,2.0,Clothing,263.65,1637.0,PayPal,Success,527.3,True
690,361,2024-06-25,Delivered,Italy,Consumer,2023-03-25,3361.0,31.0,4.0,Home,402.97,1637.0,PayPal,Success,1611.88,True
690,361,2024-06-25,Delivered,Italy,Consumer,2023-03-25,4380.0,30.0,3.0,Sports,288.35,1637.0,PayPal,Success,865.0500000000001,True
690,361,2024-06-25,Delivered,Italy,Consumer,2023-03-25,4528.0,65.0,1.0,Home,455.62,1637.0,PayPal,Success,455.62,True
691,90,2024-07-16,Delivered,Germany,Small Business,2024-04-18,626.0,31.0,3.0,Home,402.97,663.0,Bank Transfer,Success,1208.91,True
691,90,2024-07-16,Delivered,Germany,Small Business,2024-04-18,1294.0,20.0,3.0,Clothing,263.61,663.0,Bank Transfer,Success,790.83,True
691,90,2024-07-16,Delivered,Germany,Small Business,2024-04-18,2123.0,7.0,1.0,Electronics,499.68,663.0,Bank Transfer,Success,499.68,True
692,446,2024-04-21,Delivered,Spain,Corporate,2024-06-06,3839.0,99.0,2.0,Clothing,248.14,1454.0,Bank Transfer,Success,496.28,True
693,220,2024-02-25,Delivered,Spain,Consumer,2024-02-06,2450.0,36.0,4.0,Home,216.27,1552.0,Bank Transfer,Success,865.08,True
694,450,2024-06-27,Delivered,Germany,Corporate,2024-01-31,3162.0,9.0,1.0,Home,239.24,1646.0,Card,Success,239.24,True
694,450,2024-06-27,Delivered,Germany,Corporate,2024-01-31,3284.0,44.0,1.0,Clothing,466.63,1646.0,Card,Success,466.63,True
694,450,2024-06-27,Delivered,Germany,Corporate,2024-01-31,3819.0,39.0,4.0,Home,233.66,1646.0,Card,Success,934.64,True
695,498,2024-07-04,Delivered,Italy,Consumer,2023-01-27,738.0,18.0,4.0,Home,32.17,355.0,PayPal,Success,128.68,True
696,192,2024-08-05,Delivered,Spain,Consumer,2023-04-05,1743.0,62.0,4.0,Electronics,359.2,41.0,PayPal,Success,1436.8,True
696,192,2024-08-05,Delivered,Spain,Consumer,2023-04-05,1972.0,15.0,2.0,Home,213.77,41.0,PayPal,Success,427.54,True
697,454,2024-11-11,Delivered,Germany,Small Business,2023-08-14,2536.0,13.0,4.0,Sports,100.34,214.0,PayPal,Success,401.36,True
697,454,2024-11-11,Delivered,Germany,Small Business,2023-08-14,3020.0,46.0,3.0,Electronics,9.7,214.0,PayPal,Success,29.099999999999998,True
698,63,2024-08-04,Delivered,France,Corporate,2024-06-09,220.0,91.0,2.0,Electronics,401.38,1735.0,Card,Success,802.76,True
698,63,2024-08-04,Delivered,France,Corporate,2024-06-09,434.0,88.0,1.0,Sports,23.18,1735.0,Card,Success,23.18,True
698,63,2024-08-04,Delivered,France,Corporate,2024-06-09,1201.0,65.0,4.0,Home,455.62,1735.0,Card,Success,1822.48,True
698,63,2024-08-04,Delivered,France,Corporate,2024-06-09,3765.0,15.0,4.0,Home,213.77,1735.0,Card,Success,855.08,True
698,63,2024-08-04,Delivered,France,Corporate,2024-06-09,4147.0,82.0,4.0,Home,419.72,1735.0,Card,Success,1678.88,True
699,73,2024-04-29,Delivered,France,Consumer,2023-11-08,2498.0,95.0,2.0,Sports,300.65,1065.0,Bank Transfer,Success,601.3,True
700,161,2024-06-23,Delivered,Spain,Small Business,2023-04-28,,,,,,444.0,Card,Success,,True
701,169,2024-01-23,Returned,Spain,Consumer,2024-10-15,1473.0,58.0,3.0,Home,6.66,1294.0,Card,Success,19.98,False
701,169,2024-01-23,Returned,Spain,Consumer,2024-10-15,4472.0,18.0,2.0,Home,32.17,1294.0,Card,Success,64.34,False
702,89,2024-07-31,Delivered,Italy,Corporate,2023-03-27,4888.0,66.0,4.0,Clothing,27.32,1993.0,Card,Success,109.28,True
703,176,2024-08-22,Delivered,Germany,Corporate,2024-11-20,950.0,36.0,3.0,Home,216.27,945.0,Card,Success,648.8100000000001,True
703,176,2024-08-22,Delivered,Germany,Corporate,2024-11-20,1900.0,48.0,1.0,Electronics,48.83,945.0,Card,Success,48.83,True
703,176,2024-08-22,Delivered,Germany,Corporate,2024-11-20,2043.0,45.0,3.0,Clothing,39.66,945.0,Card,Success,118.97999999999999,True
703,176,2024-08-22,Delivered,Germany,Corporate,2024-11-20,2547.0,8.0,1.0,Electronics,280.12,945.0,Card,Success,280.12,True
703,176,2024-08-22,Delivered,Germany,Corporate,2024-11-20,2590.0,35.0,3.0,Sports,262.48,945.0,Card,Success,787.44,True
703,176,2024-08-22,Delivered,Germany,Corporate,2024-11-20,3443.0,64.0,1.0,Sports,142.25,945.0,Card,Success,142.25,True
704,269,2024-01-13,Delivered,Spain,Consumer,2024-11-26,1847.0,87.0,1.0,Home,195.12,1726.0,Bank Transfer,Success,195.12,True
704,269,2024-01-13,Delivered,Spain,Consumer,2024-11-26,1919.0,55.0,2.0,Sports,171.5,1726.0,Bank Transfer,Success,343.0,True
704,269,2024-01-13,Delivered,Spain,Consumer,2024-11-26,2205.0,34.0,2.0,Home,370.24,1726.0,Bank Transfer,Success,740.48,True
704,269,2024-01-13,Delivered,Spain,Consumer,2024-11-26,4040.0,49.0,4.0,Sports,23.61,1726.0,Bank Transfer,Success,94.44,True
704,269,2024-01-13,Delivered,Spain,Consumer,2024-11-26,4404.0,72.0,3.0,Sports,133.2,1726.0,Bank Transfer,Success,399.59999999999997,True
704,269,2024-01-13,Delivered,Spain,Consumer,2024-11-26,4514.0,61.0,1.0,Clothing,427.15,1726.0,Bank Transfer,Success,427.15,True
704,269,2024-01-13,Delivered,Spain,Consumer,2024-11-26,4790.0,33.0,4.0,Home,332.52,1726.0,Bank Transfer,Success,1330.08,True
705,73,2024-04-10,Returned,France,Consumer,2023-11-08,2224.0,97.0,1.0,Sports,133.82,342.0,PayPal,Success,133.82,False
705,73,2024-04-10,Returned,France,Consumer,2023-11-08,3775.0,51.0,3.0,Electronics,292.47,342.0,PayPal,Success,877.4100000000001,False
705,73,2024-04-10,Returned,France,Consumer,2023-11-08,3952.0,24.0,2.0,Clothing,282.54,342.0,PayPal,Success,565.08,False
705,73,2024-04-10,Returned,France,Consumer,2023-11-08,4713.0,62.0,1.0,Electronics,359.2,342.0,PayPal,Success,359.2,False
706,245,2024-01-24,Delivered,Spain,Small Business,2024-05-14,967.0,51.0,4.0,Electronics,292.47,1541.0,Card,Failed,1169.88,False
706,245,2024-01-24,Delivered,Spain,Small Business,2024-05-14,2207.0,41.0,2.0,Home,5.12,1541.0,Card,Failed,10.24,False
706,245,2024-01-24,Delivered,Spain,Small Business,2024-05-14,3046.0,97.0,4.0,Sports,133.82,1541.0,Card,Failed,535.28,False
707,77,2024-12-29,Delivered,Italy,Corporate,2023-12-29,2379.0,38.0,3.0,Clothing,211.67,1179.0,Bank Transfer,Success,635.01,True
708,159,2024-01-11,Delivered,France,Small Business,2023-11-22,272.0,11.0,3.0,Home,64.66,1344.0,Card,Success,193.98,True
708,159,2024-01-11,Delivered,France,Small Business,2023-11-22,656.0,1.0,1.0,Electronics,325.1,1344.0,Card,Success,325.1,True
709,489,2024-09-29,Delivered,France,Corporate,2023-02-03,,,,,,1084.0,Card,Success,,True
710,459,2024-10-07,Delivered,Spain,Consumer,2023-10-07,275.0,70.0,1.0,Home,478.43,96.0,Bank Transfer,Success,478.43,True
710,459,2024-10-07,Delivered,Spain,Consumer,2023-10-07,885.0,75.0,2.0,Electronics,442.68,96.0,Bank Transfer,Success,885.36,True
710,459,2024-10-07,Delivered,Spain,Consumer,2023-10-07,3692.0,73.0,2.0,Home,296.33,96.0,Bank Transfer,Success,592.66,True
710,459,2024-10-07,Delivered,Spain,Consumer,2023-10-07,4606.0,77.0,3.0,Electronics,452.34,96.0,Bank Transfer,Success,1357.02,True
711,324,2024-04-03,Delivered,Germany,Small Business,2024-01-06,636.0,81.0,4.0,Electronics,203.78,1786.0,Card,Success,815.12,True
711,324,2024-04-03,Delivered,Germany,Small Business,2024-01-06,2163.0,38.0,3.0,Clothing,211.67,1786.0,Card,Success,635.01,True
711,324,2024-04-03,Delivered,Germany,Small Business,2024-01-06,4764.0,92.0,1.0,Home,316.74,1786.0,Card,Success,316.74,True
712,98,2024-07-19,Returned,Unknown,Consumer,2024-01-29,277.0,69.0,3.0,Sports,66.6,587.0,Card,Failed,199.79999999999998,False
712,98,2024-07-19,Returned,Unknown,Consumer,2024-01-29,4418.0,76.0,4.0,Electronics,302.4,587.0,Card,Failed,1209.6,False
713,381,2024-01-21,Delivered,Italy,Corporate,2024-04-21,426.0,45.0,4.0,Clothing,39.66,1153.0,Card,Success,158.64,True
713,381,2024-01-21,Delivered,Italy,Corporate,2024-04-21,1023.0,22.0,1.0,Home,326.83,1153.0,Card,Success,326.83,True
713,381,2024-01-21,Delivered,Italy,Corporate,2024-04-21,4955.0,90.0,3.0,Electronics,413.97,1153.0,Card,Success,1241.91,True
714,102,2024-12-05,Delivered,Germany,Corporate,2023-05-26,378.0,96.0,2.0,Clothing,264.89,1280.0,Bank Transfer,Success,529.78,True
714,102,2024-12-05,Delivered,Germany,Corporate,2023-05-26,1418.0,91.0,1.0,Electronics,401.38,1280.0,Bank Transfer,Success,401.38,True
715,494,2024-07-29,Delivered,Germany,Corporate,2024-08-10,2024.0,40.0,4.0,Electronics,495.22,1549.0,Bank Transfer,Failed,1980.88,False
716,132,2024-05-19,Delivered,France,Corporate,2024-08-29,1114.0,45.0,1.0,Clothing,39.66,1806.0,Bank Transfer,Success,39.66,True
717,102,2024-10-19,Cancelled,Germany,Corporate,2023-05-26,961.0,47.0,2.0,Electronics,31.08,1756.0,PayPal,Failed,62.16,False
717,102,2024-10-19,Cancelled,Germany,Corporate,2023-05-26,3739.0,7.0,3.0,Electronics,499.68,1756.0,PayPal,Failed,1499.04,False
717,102,2024-10-19,Cancelled,Germany,Corporate,2023-05-26,3846.0,70.0,3.0,Home,478.43,1756.0,PayPal,Failed,1435.29,False
717,102,2024-10-19,Cancelled,Germany,Corporate,2023-05-26,4912.0,69.0,2.0,Sports,66.6,1756.0,PayPal,Failed,133.2,False
718,19,2024-10-24,Delivered,Italy,Corporate,2023-07-14,2143.0,35.0,1.0,Sports,262.48,1083.0,PayPal,Success,262.48,True
718,19,2024-10-24,Delivered,Italy,Corporate,2023-07-14,2351.0,94.0,1.0,Clothing,261.54,1083.0,PayPal,Success,261.54,True
718,19,2024-10-24,Delivered,Italy,Corporate,2023-07-14,3465.0,78.0,4.0,Clothing,494.65,1083.0,PayPal,Success,1978.6,True
719,454,2024-04-10,Delivered,Germany,Small Business,2023-08-14,160.0,19.0,4.0,Clothing,230.3,1763.0,Bank Transfer,Success,921.2,True
719,454,2024-04-10,Delivered,Germany,Small Business,2023-08-14,1380.0,35.0,2.0,Sports,262.48,1763.0,Bank Transfer,Success,524.96,True
719,454,2024-04-10,Delivered,Germany,Small Business,2023-08-14,3840.0,58.0,4.0,Home,6.66,1763.0,Bank Transfer,Success,26.64,True
720,482,2024-10-30,Delivered,Germany,Corporate,2024-09-01,791.0,44.0,3.0,Clothing,466.63,282.0,Card,Success,1399.8899999999999,True
721,82,2024-12-24,Delivered,Italy,Corporate,2023-07-11,4720.0,69.0,2.0,Sports,66.6,1247.0,Bank Transfer,Success,133.2,True
722,397,2024-01-28,Delivered,Italy,Consumer,2023-09-21,725.0,44.0,1.0,Clothing,466.63,1804.0,PayPal,Success,466.63,True
722,397,2024-01-28,Delivered,Italy,Consumer,2023-09-21,2976.0,92.0,3.0,Home,316.74,1804.0,PayPal,Success,950.22,True
722,397,2024-01-28,Delivered,Italy,Consumer,2023-09-21,3280.0,58.0,2.0,Home,6.66,1804.0,PayPal,Success,13.32,True
722,397,2024-01-28,Delivered,Italy,Consumer,2023-09-21,3311.0,53.0,4.0,Electronics,202.15,1804.0,PayPal,Success,808.6,True
722,397,2024-01-28,Delivered,Italy,Consumer,2023-09-21,4714.0,84.0,2.0,Clothing,416.17,1804.0,PayPal,Success,832.34,True
723,489,2024-02-10,Delivered,France,Corporate,2023-02-03,1721.0,15.0,1.0,Home,213.77,1137.0,Bank Transfer,Success,213.77,True
723,489,2024-02-10,Delivered,France,Corporate,2023-02-03,2404.0,41.0,2.0,Home,5.12,1137.0,Bank Transfer,Success,10.24,True
723,489,2024-02-10,Delivered,France,Corporate,2023-02-03,2544.0,89.0,2.0,Home,478.85,1137.0,Bank Transfer,Success,957.7,True
724,279,2024-12-20,Cancelled,France,Consumer,2024-02-15,1354.0,67.0,4.0,Clothing,59.19,109.0,Card,Success,236.76,False
724,279,2024-12-20,Cancelled,France,Consumer,2024-02-15,1360.0,84.0,2.0,Clothing,416.17,109.0,Card,Success,832.34,False
724,279,2024-12-20,Cancelled,France,Consumer,2024-02-15,3139.0,53.0,2.0,Electronics,202.15,109.0,Card,Success,404.3,False
725,339,2024-10-29,Returned,Italy,Small Business,2024-01-21,1881.0,62.0,2.0,Electronics,359.2,1006.0,PayPal,Failed,718.4,False
725,339,2024-10-29,Returned,Italy,Small Business,2024-01-21,2576.0,32.0,2.0,Sports,271.51,1006.0,PayPal,Failed,543.02,False
725,339,2024-10-29,Returned,Italy,Small Business,2024-01-21,4933.0,15.0,2.0,Home,213.77,1006.0,PayPal,Failed,427.54,False
726,365,2024-05-25,Delivered,Spain,Corporate,2024-09-21,3767.0,17.0,3.0,Sports,373.81,80.0,PayPal,Success,1121.43,True
727,331,2024-09-12,Returned,France,Corporate,2023-11-09,1552.0,6.0,4.0,Clothing,296.19,1811.0,Bank Transfer,Success,1184.76,False
727,331,2024-09-12,Returned,France,Corporate,2023-11-09,4628.0,89.0,4.0,Home,478.85,1811.0,Bank Transfer,Success,1915.4,False
728,129,2024-08-14,Delivered,Italy,Consumer,2023-12-16,994.0,10.0,1.0,Sports,159.86,875.0,PayPal,Success,159.86,True
728,129,2024-08-14,Delivered,Italy,Consumer,2023-12-16,3794.0,78.0,1.0,Clothing,494.65,875.0,PayPal,Success,494.65,True
729,344,2024-08-23,Delivered,Germany,Corporate,2024-06-12,2612.0,65.0,1.0,Home,455.62,86.0,Card,Success,455.62,True
729,344,2024-08-23,Delivered,Germany,Corporate,2024-06-12,2612.0,65.0,1.0,Home,455.62,1473.0,Card,Success,455.62,True
730,310,2024-12-26,Delivered,Unknown,Consumer,2023-02-20,353.0,96.0,4.0,Clothing,264.89,1459.0,Bank Transfer,Success,1059.56,True
730,310,2024-12-26,Delivered,Unknown,Consumer,2023-02-20,1482.0,70.0,2.0,Home,478.43,1459.0,Bank Transfer,Success,956.86,True
730,310,2024-12-26,Delivered,Unknown,Consumer,2023-02-20,1611.0,58.0,2.0,Home,6.66,1459.0,Bank Transfer,Success,13.32,True
731,455,2024-01-13,Delivered,Unknown,Small Business,2023-02-22,75.0,13.0,3.0,Sports,100.34,356.0,Bank Transfer,Success,301.02,True
731,455,2024-01-13,Delivered,Unknown,Small Business,2023-02-22,1553.0,49.0,1.0,Sports,23.61,356.0,Bank Transfer,Success,23.61,True
731,455,2024-01-13,Delivered,Unknown,Small Business,2023-02-22,2157.0,93.0,3.0,Electronics,112.08,356.0,Bank Transfer,Success,336.24,True
731,455,2024-01-13,Delivered,Unknown,Small Business,2023-02-22,2375.0,58.0,1.0,Home,6.66,356.0,Bank Transfer,Success,6.66,True
731,455,2024-01-13,Delivered,Unknown,Small Business,2023-02-22,2603.0,34.0,1.0,Home,370.24,356.0,Bank Transfer,Success,370.24,True
731,455,2024-01-13,Delivered,Unknown,Small Business,2023-02-22,4870.0,8.0,2.0,Electronics,280.12,356.0,Bank Transfer,Success,560.24,True
732,89,2024-07-28,Delivered,Italy,Corporate,2023-03-27,977.0,89.0,3.0,Home,478.85,1421.0,Card,Success,1436.5500000000002,True
732,89,2024-07-28,Delivered,Italy,Corporate,2023-03-27,3021.0,78.0,4.0,Clothing,494.65,1421.0,Card,Success,1978.6,True
733,213,2024-08-16,Delivered,France,Small Business,2023-03-19,3073.0,33.0,4.0,Home,332.52,1219.0,Bank Transfer,Success,1330.08,True
734,143,2024-04-09,Delivered,Italy,Corporate,2024-04-12,1093.0,20.0,2.0,Clothing,263.61,222.0,PayPal,Success,527.22,True
734,143,2024-04-09,Delivered,Italy,Corporate,2024-04-12,1524.0,29.0,3.0,Clothing,205.22,222.0,PayPal,Success,615.66,True
735,65,2024-01-31,Delivered,Spain,Corporate,2023-01-28,234.0,16.0,1.0,Home,398.69,1615.0,Card,Failed,398.69,False
735,65,2024-01-31,Delivered,Spain,Corporate,2023-01-28,662.0,89.0,2.0,Home,478.85,1615.0,Card,Failed,957.7,False
735,65,2024-01-31,Delivered,Spain,Corporate,2023-01-28,2100.0,79.0,1.0,Electronics,372.96,1615.0,Card,Failed,372.96,False
735,65,2024-01-31,Delivered,Spain,Corporate,2023-01-28,4649.0,10.0,1.0,Sports,159.86,1615.0,Card,Failed,159.86,False
736,76,2024-01-16,Delivered,Germany,Consumer,2024-09-14,156.0,10.0,2.0,Sports,159.86,669.0,PayPal,Success,319.72,True
736,76,2024-01-16,Delivered,Germany,Consumer,2024-09-14,4725.0,53.0,1.0,Electronics,202.15,669.0,PayPal,Success,202.15,True
737,199,2024-05-16,Delivered,France,Consumer,2023-05-17,,,,,,130.0,Card,Success,,True
738,143,2024-11-24,Delivered,Italy,Corporate,2024-04-12,423.0,97.0,2.0,Sports,133.82,827.0,Bank Transfer,Success,267.64,True
738,143,2024-11-24,Delivered,Italy,Corporate,2024-04-12,936.0,71.0,2.0,Electronics,400.0,827.0,Bank Transfer,Success,800.0,True
738,143,2024-11-24,Delivered,Italy,Corporate,2024-04-12,4254.0,13.0,3.0,Sports,100.34,827.0,Bank Transfer,Success,301.02,True
739,405,2024-06-14,Delivered,Italy,Consumer,2024-04-20,1371.0,57.0,4.0,Electronics,367.47,1282.0,Bank Transfer,Success,1469.88,True
739,405,2024-06-14,Delivered,Italy,Consumer,2024-04-20,1837.0,6.0,3.0,Clothing,296.19,1282.0,Bank Transfer,Success,888.5699999999999,True
739,405,2024-06-14,Delivered,Italy,Consumer,2024-04-20,3735.0,40.0,3.0,Electronics,495.22,1282.0,Bank Transfer,Success,1485.66,True
740,403,2024-11-05,Delivered,Spain,Corporate,2023-03-28,2341.0,25.0,1.0,Clothing,243.13,74.0,Bank Transfer,Success,243.13,True
740,403,2024-11-05,Delivered,Spain,Corporate,2023-03-28,3259.0,54.0,2.0,Home,50.39,74.0,Bank Transfer,Success,100.78,True
741,316,2024-04-09,Delivered,Italy,Small Business,2024-09-04,1345.0,18.0,3.0,Home,32.17,302.0,Card,Success,96.51,True
742,93,2024-04-18,Cancelled,Germany,Corporate,2023-05-25,2034.0,49.0,3.0,Sports,23.61,4.0,Bank Transfer,Success,70.83,False
743,473,2024-12-08,Delivered,Spain,Small Business,2023-07-20,175.0,58.0,3.0,Home,6.66,1883.0,PayPal,Success,19.98,True
743,473,2024-12-08,Delivered,Spain,Small Business,2023-07-20,303.0,98.0,1.0,Electronics,260.05,1883.0,PayPal,Success,260.05,True
743,473,2024-12-08,Delivered,Spain,Small Business,2023-07-20,920.0,1.0,3.0,Electronics,325.1,1883.0,PayPal,Success,975.3000000000001,True
743,473,2024-12-08,Delivered,Spain,Small Business,2023-07-20,4425.0,24.0,2.0,Clothing,282.54,1883.0,PayPal,Success,565.08,True
744,417,2024-06-21,Delivered,France,Consumer,2023-02-20,2005.0,50.0,3.0,Electronics,242.49,1989.0,Bank Transfer,Success,727.47,True
744,417,2024-06-21,Delivered,France,Consumer,2023-02-20,3645.0,22.0,4.0,Home,326.83,1989.0,Bank Transfer,Success,1307.32,True
745,305,2024-08-24,Cancelled,Germany,Corporate,2023-05-13,2000.0,15.0,2.0,Home,213.77,1318.0,PayPal,Success,427.54,False
746,224,2024-06-10,Delivered,Italy,Consumer,2024-06-09,44.0,26.0,4.0,Electronics,443.07,1069.0,Card,Success,1772.28,True
746,224,2024-06-10,Delivered,Italy,Consumer,2024-06-09,974.0,57.0,1.0,Electronics,367.47,1069.0,Card,Success,367.47,True
746,224,2024-06-10,Delivered,Italy,Consumer,2024-06-09,2816.0,63.0,1.0,Sports,296.61,1069.0,Card,Success,296.61,True
747,497,2024-08-03,Delivered,Spain,Consumer,2023-12-08,714.0,21.0,4.0,Home,324.05,908.0,PayPal,Success,1296.2,True
747,497,2024-08-03,Delivered,Spain,Consumer,2023-12-08,2858.0,8.0,1.0,Electronics,280.12,908.0,PayPal,Success,280.12,True
747,497,2024-08-03,Delivered,Spain,Consumer,2023-12-08,3436.0,68.0,2.0,Clothing,198.86,908.0,PayPal,Success,397.72,True
748,291,2024-09-20,Delivered,France,Corporate,2023-12-12,2723.0,48.0,3.0,Electronics,48.83,1624.0,Card,Success,146.49,True
748,291,2024-09-20,Delivered,France,Corporate,2023-12-12,2898.0,49.0,3.0,Sports,23.61,1624.0,Card,Success,70.83,True
749,428,2024-09-19,Returned,Italy,Consumer,2024-03-27,2518.0,53.0,4.0,Electronics,202.15,1458.0,Bank Transfer,Success,808.6,False
749,428,2024-09-19,Returned,Italy,Consumer,2024-03-27,2881.0,15.0,1.0,Home,213.77,1458.0,Bank Transfer,Success,213.77,False
750,102,2024-10-18,Delivered,Germany,Corporate,2023-05-26,3003.0,82.0,4.0,Home,419.72,331.0,Card,Success,1678.88,True
751,474,2024-09-30,Delivered,Italy,Small Business,2023-10-05,1362.0,61.0,4.0,Clothing,427.15,259.0,Card,Success,1708.6,True
751,474,2024-09-30,Delivered,Italy,Small Business,2023-10-05,3836.0,10.0,2.0,Sports,159.86,259.0,Card,Success,319.72,True
751,474,2024-09-30,Delivered,Italy,Small Business,2023-10-05,4429.0,51.0,2.0,Electronics,292.47,259.0,Card,Success,584.94,True
752,267,2024-01-03,Delivered,Italy,Corporate,2023-08-16,,,,,,629.0,Bank Transfer,Success,,True
753,355,2024-01-28,Delivered,Italy,Small Business,2023-03-04,4984.0,46.0,2.0,Electronics,9.7,730.0,PayPal,Success,19.4,True
754,456,2024-11-21,Delivered,Spain,Corporate,2024-05-14,2191.0,30.0,3.0,Sports,288.35,412.0,PayPal,Success,865.0500000000001,True
754,456,2024-11-21,Delivered,Spain,Corporate,2024-05-14,3378.0,75.0,2.0,Electronics,442.68,412.0,PayPal,Success,885.36,True
754,456,2024-11-21,Delivered,Spain,Corporate,2024-05-14,4340.0,11.0,2.0,Home,64.66,412.0,PayPal,Success,129.32,True
754,456,2024-11-21,Delivered,Spain,Corporate,2024-05-14,4729.0,20.0,4.0,Clothing,263.61,412.0,PayPal,Success,1054.44,True
755,110,2024-05-28,Delivered,Spain,Consumer,2024-08-17,1550.0,50.0,2.0,Electronics,242.49,164.0,PayPal,Success,484.98,True
755,110,2024-05-28,Delivered,Spain,Consumer,2024-08-17,2231.0,23.0,1.0,Sports,185.53,164.0,PayPal,Success,185.53,True
755,110,2024-05-28,Delivered,Spain,Consumer,2024-08-17,3675.0,43.0,1.0,Electronics,195.06,164.0,PayPal,Success,195.06,True
756,462,2024-01-28,Delivered,France,Small Business,2024-09-23,1081.0,99.0,3.0,Clothing,248.14,,,,744.42,False
756,462,2024-01-28,Delivered,France,Small Business,2024-09-23,3383.0,52.0,3.0,Electronics,139.49,,,,418.47,False
756,462,2024-01-28,Delivered,France,Small Business,2024-09-23,3510.0,15.0,1.0,Home,213.77,,,,213.77,False
757,330,2024-11-05,Returned,Italy,Corporate,2024-03-11,1039.0,86.0,1.0,Sports,28.24,1749.0,PayPal,Success,28.24,False
757,330,2024-11-05,Returned,Italy,Corporate,2024-03-11,1624.0,51.0,2.0,Electronics,292.47,1749.0,PayPal,Success,584.94,False
757,330,2024-11-05,Returned,Italy,Corporate,2024-03-11,3877.0,39.0,2.0,Home,233.66,1749.0,PayPal,Success,467.32,False
758,450,2024-03-05,Delivered,Germany,Corporate,2024-01-31,1217.0,8.0,1.0,Electronics,280.12,429.0,Card,Success,280.12,True
758,450,2024-03-05,Delivered,Germany,Corporate,2024-01-31,2167.0,75.0,2.0,Electronics,442.68,429.0,Card,Success,885.36,True
758,450,2024-03-05,Delivered,Germany,Corporate,2024-01-31,4726.0,7.0,2.0,Electronics,499.68,429.0,Card,Success,999.36,True
758,450,2024-03-05,Delivered,Germany,Corporate,2024-01-31,4962.0,86.0,1.0,Sports,28.24,429.0,Card,Success,28.24,True
759,430,2024-12-21,Delivered,Italy,Consumer,2023-06-14,1001.0,62.0,2.0,Electronics,359.2,851.0,Bank Transfer,Success,718.4,True
759,430,2024-12-21,Delivered,Italy,Consumer,2023-06-14,3435.0,64.0,4.0,Sports,142.25,851.0,Bank Transfer,Success,569.0,True
759,430,2024-12-21,Delivered,Italy,Consumer,2023-06-14,4465.0,33.0,1.0,Home,332.52,851.0,Bank Transfer,Success,332.52,True
759,430,2024-12-21,Delivered,Italy,Consumer,2023-06-14,4826.0,74.0,4.0,Home,491.25,851.0,Bank Transfer,Success,1965.0,True
760,265,2024-01-21,Cancelled,Spain,Small Business,2023-04-28,2269.0,82.0,2.0,Home,419.72,1095.0,Card,Success,839.44,False
761,3,2024-09-08,Delivered,France,Consumer,2023-03-10,315.0,39.0,2.0,Home,233.66,1701.0,Bank Transfer,Success,467.32,True
761,3,2024-09-08,Delivered,France,Consumer,2023-03-10,1171.0,37.0,2.0,Electronics,438.95,1701.0,Bank Transfer,Success,877.9,True
761,3,2024-09-08,Delivered,France,Consumer,2023-03-10,3658.0,94.0,2.0,Clothing,261.54,1701.0,Bank Transfer,Success,523.08,True
761,3,2024-09-08,Delivered,France,Consumer,2023-03-10,4452.0,43.0,1.0,Electronics,195.06,1701.0,Bank Transfer,Success,195.06,True
762,85,2024-08-22,Delivered,Spain,Small Business,2023-01-28,878.0,83.0,4.0,Sports,119.13,1211.0,PayPal,Success,476.52,True
762,85,2024-08-22,Delivered,Spain,Small Business,2023-01-28,1076.0,16.0,1.0,Home,398.69,1211.0,PayPal,Success,398.69,True
762,85,2024-08-22,Delivered,Spain,Small Business,2023-01-28,1159.0,45.0,2.0,Clothing,39.66,1211.0,PayPal,Success,79.32,True
762,85,2024-08-22,Delivered,Spain,Small Business,2023-01-28,1191.0,37.0,3.0,Electronics,438.95,1211.0,PayPal,Success,1316.85,True
762,85,2024-08-22,Delivered,Spain,Small Business,2023-01-28,1429.0,31.0,4.0,Home,402.97,1211.0,PayPal,Success,1611.88,True
762,85,2024-08-22,Delivered,Spain,Small Business,2023-01-28,1938.0,30.0,4.0,Sports,288.35,1211.0,PayPal,Success,1153.4,True
762,85,2024-08-22,Delivered,Spain,Small Business,2023-01-28,2070.0,47.0,2.0,Electronics,31.08,1211.0,PayPal,Success,62.16,True
762,85,2024-08-22,Delivered,Spain,Small Business,2023-01-28,4156.0,91.0,1.0,Electronics,401.38,1211.0,PayPal,Success,401.38,True
762,85,2024-08-22,Delivered,Spain,Small Business,2023-01-28,4771.0,53.0,1.0,Electronics,202.15,1211.0,PayPal,Success,202.15,True
763,282,2024-08-14,Delivered,Italy,Corporate,2023-10-19,20.0,100.0,4.0,Electronics,498.19,186.0,Card,Success,1992.76,True
763,282,2024-08-14,Delivered,Italy,Corporate,2023-10-19,1377.0,72.0,2.0,Sports,133.2,186.0,Card,Success,266.4,True
763,282,2024-08-14,Delivered,Italy,Corporate,2023-10-19,1774.0,46.0,3.0,Electronics,9.7,186.0,Card,Success,29.099999999999998,True
763,282,2024-08-14,Delivered,Italy,Corporate,2023-10-19,2003.0,14.0,3.0,Electronics,62.06,186.0,Card,Success,186.18,True
764,328,2024-01-13,Cancelled,Spain,Corporate,2023-05-17,2099.0,27.0,2.0,Sports,267.48,1398.0,Card,Success,534.96,False
764,328,2024-01-13,Cancelled,Spain,Corporate,2023-05-17,2586.0,20.0,2.0,Clothing,263.61,1398.0,Card,Success,527.22,False
764,328,2024-01-13,Cancelled,Spain,Corporate,2023-05-17,3342.0,82.0,3.0,Home,419.72,1398.0,Card,Success,1259.16,False
765,304,2024-11-08,Delivered,Germany,Corporate,2023-11-20,3418.0,89.0,4.0,Home,478.85,778.0,PayPal,Success,1915.4,True
765,304,2024-11-08,Delivered,Germany,Corporate,2023-11-20,4467.0,100.0,2.0,Electronics,498.19,778.0,PayPal,Success,996.38,True
766,450,2024-02-18,Delivered,Germany,Corporate,2024-01-31,494.0,39.0,4.0,Home,233.66,1185.0,PayPal,Success,934.64,True
766,450,2024-02-18,Delivered,Germany,Corporate,2024-01-31,1384.0,15.0,3.0,Home,213.77,1185.0,PayPal,Success,641.3100000000001,True
766,450,2024-02-18,Delivered,Germany,Corporate,2024-01-31,2062.0,55.0,4.0,Sports,171.5,1185.0,PayPal,Success,686.0,True
766,450,2024-02-18,Delivered,Germany,Corporate,2024-01-31,4586.0,44.0,4.0,Clothing,466.63,1185.0,PayPal,Success,1866.52,True
767,454,2024-04-27,Returned,Germany,Small Business,2023-08-14,2664.0,82.0,2.0,Home,419.72,595.0,Bank Transfer,Success,839.44,False
767,454,2024-04-27,Returned,Germany,Small Business,2023-08-14,2907.0,48.0,4.0,Electronics,48.83,595.0,Bank Transfer,Success,195.32,False
768,412,2024-02-23,Delivered,Italy,Corporate,2023-11-24,7.0,23.0,3.0,Sports,185.53,1049.0,Bank Transfer,Success,556.59,True
768,412,2024-02-23,Delivered,Italy,Corporate,2023-11-24,740.0,66.0,3.0,Clothing,27.32,1049.0,Bank Transfer,Success,81.96000000000001,True
768,412,2024-02-23,Delivered,Italy,Corporate,2023-11-24,3299.0,83.0,4.0,Sports,119.13,1049.0,Bank Transfer,Success,476.52,True
768,412,2024-02-23,Delivered,Italy,Corporate,2023-11-24,3813.0,42.0,1.0,Clothing,96.81,1049.0,Bank Transfer,Success,96.81,True
768,412,2024-02-23,Delivered,Italy,Corporate,2023-11-24,3930.0,94.0,4.0,Clothing,261.54,1049.0,Bank Transfer,Success,1046.16,True
769,117,2024-05-17,Cancelled,France,Consumer,2023-11-16,769.0,6.0,2.0,Clothing,296.19,731.0,Card,Success,592.38,False
769,117,2024-05-17,Cancelled,France,Consumer,2023-11-16,897.0,5.0,4.0,Home,26.86,731.0,Card,Success,107.44,False
769,117,2024-05-17,Cancelled,France,Consumer,2023-11-16,2339.0,10.0,2.0,Sports,159.86,731.0,Card,Success,319.72,False
770,221,2024-02-22,Returned,Spain,Small Business,2023-10-23,490.0,84.0,1.0,Clothing,416.17,1485.0,Bank Transfer,Success,416.17,False
770,221,2024-02-22,Returned,Spain,Small Business,2023-10-23,2291.0,29.0,3.0,Clothing,205.22,1485.0,Bank Transfer,Success,615.66,False
770,221,2024-02-22,Returned,Spain,Small Business,2023-10-23,2563.0,5.0,4.0,Home,26.86,1485.0,Bank Transfer,Success,107.44,False
770,221,2024-02-22,Returned,Spain,Small Business,2023-10-23,3565.0,24.0,2.0,Clothing,282.54,1485.0,Bank Transfer,Success,565.08,False
770,221,2024-02-22,Returned,Spain,Small Business,2023-10-23,4991.0,74.0,3.0,Home,491.25,1485.0,Bank Transfer,Success,1473.75,False
771,154,2024-02-13,Delivered,Spain,Consumer,2023-01-26,1223.0,41.0,2.0,Home,5.12,124.0,Bank Transfer,Success,10.24,True
771,154,2024-02-13,Delivered,Spain,Consumer,2023-01-26,2545.0,79.0,2.0,Electronics,372.96,124.0,Bank Transfer,Success,745.92,True
771,154,2024-02-13,Delivered,Spain,Consumer,2023-01-26,3717.0,31.0,1.0,Home,402.97,124.0,Bank Transfer,Success,402.97,True
771,154,2024-02-13,Delivered,Spain,Consumer,2023-01-26,4760.0,5.0,2.0,Home,26.86,124.0,Bank Transfer,Success,53.72,True
772,153,2024-10-29,Delivered,France,Consumer,2024-01-27,1130.0,4.0,3.0,Sports,336.61,979.0,Bank Transfer,Success,1009.83,True
772,153,2024-10-29,Delivered,France,Consumer,2024-01-27,2340.0,57.0,2.0,Electronics,367.47,979.0,Bank Transfer,Success,734.94,True
773,12,2024-02-22,Delivered,Spain,Corporate,2023-07-02,2884.0,60.0,1.0,Home,152.02,,,,152.02,False
774,133,2024-03-14,Delivered,France,Consumer,2024-10-25,227.0,14.0,1.0,Electronics,62.06,598.0,Card,Success,62.06,True
774,133,2024-03-14,Delivered,France,Consumer,2024-10-25,2893.0,28.0,3.0,Electronics,223.31,598.0,Card,Success,669.9300000000001,True
774,133,2024-03-14,Delivered,France,Consumer,2024-10-25,3035.0,79.0,4.0,Electronics,372.96,598.0,Card,Success,1491.84,True
775,482,2024-02-15,Delivered,Germany,Corporate,2024-09-01,600.0,86.0,1.0,Sports,28.24,156.0,PayPal,Success,28.24,True
775,482,2024-02-15,Delivered,Germany,Corporate,2024-09-01,2811.0,38.0,1.0,Clothing,211.67,156.0,PayPal,Success,211.67,True
775,482,2024-02-15,Delivered,Germany,Corporate,2024-09-01,3545.0,96.0,3.0,Clothing,264.89,156.0,PayPal,Success,794.67,True
775,482,2024-02-15,Delivered,Germany,Corporate,2024-09-01,3837.0,25.0,3.0,Clothing,243.13,156.0,PayPal,Success,729.39,True
775,482,2024-02-15,Delivered,Germany,Corporate,2024-09-01,4175.0,50.0,1.0,Electronics,242.49,156.0,PayPal,Success,242.49,True
776,304,2024-01-13,Delivered,Germany,Corporate,2023-11-20,826.0,96.0,3.0,Clothing,264.89,216.0,Card,Success,794.67,True
776,304,2024-01-13,Delivered,Germany,Corporate,2023-11-20,3867.0,71.0,2.0,Electronics,400.0,216.0,Card,Success,800.0,True
777,293,2024-06-13,Returned,France,Small Business,2023-12-29,2211.0,15.0,3.0,Home,213.77,939.0,Bank Transfer,Success,641.3100000000001,False
777,293,2024-06-13,Returned,France,Small Business,2023-12-29,2696.0,19.0,2.0,Clothing,230.3,939.0,Bank Transfer,Success,460.6,False
778,463,2024-04-11,Delivered,Germany,Consumer,2023-02-28,527.0,8.0,2.0,Electronics,280.12,537.0,Bank Transfer,Success,560.24,True
778,463,2024-04-11,Delivered,Germany,Consumer,2023-02-28,4534.0,26.0,4.0,Electronics,443.07,537.0,Bank Transfer,Success,1772.28,True
779,300,2024-10-06,Delivered,Italy,Consumer,2024-09-07,3609.0,19.0,3.0,Clothing,230.3,812.0,Card,Success,690.9000000000001,True
780,228,2024-09-14,Cancelled,Germany,Corporate,2023-01-23,,,,,,653.0,Card,Success,,False
781,271,2024-12-02,Returned,Germany,Corporate,2023-06-06,161.0,51.0,2.0,Electronics,292.47,533.0,Card,Success,584.94,False
781,271,2024-12-02,Returned,Germany,Corporate,2023-06-06,2673.0,89.0,4.0,Home,478.85,533.0,Card,Success,1915.4,False
782,43,2024-12-21,Delivered,Germany,Consumer,2023-09-06,797.0,96.0,2.0,Clothing,264.89,83.0,Bank Transfer,Success,529.78,True
782,43,2024-12-21,Delivered,Germany,Consumer,2023-09-06,4744.0,98.0,2.0,Electronics,260.05,83.0,Bank Transfer,Success,520.1,True
783,432,2024-05-17,Returned,Germany,Corporate,2024-04-13,240.0,5.0,2.0,Home,26.86,1685.0,PayPal,Success,53.72,False
783,432,2024-05-17,Returned,Germany,Corporate,2024-04-13,1204.0,28.0,4.0,Electronics,223.31,1685.0,PayPal,Success,893.24,False
783,432,2024-05-17,Returned,Germany,Corporate,2024-04-13,1804.0,96.0,4.0,Clothing,264.89,1685.0,PayPal,Success,1059.56,False
783,432,2024-05-17,Returned,Germany,Corporate,2024-04-13,2106.0,79.0,1.0,Electronics,372.96,1685.0,PayPal,Success,372.96,False
783,432,2024-05-17,Returned,Germany,Corporate,2024-04-13,4172.0,3.0,1.0,Electronics,30.54,1685.0,PayPal,Success,30.54,False
783,432,2024-05-17,Returned,Germany,Corporate,2024-04-13,4275.0,41.0,2.0,Home,5.12,1685.0,PayPal,Success,10.24,False
783,432,2024-05-17,Returned,Germany,Corporate,2024-04-13,4666.0,73.0,3.0,Home,296.33,1685.0,PayPal,Success,888.99,False
784,343,2024-06-11,Delivered,Spain,Consumer,2023-12-13,710.0,57.0,2.0,Electronics,367.47,431.0,PayPal,Failed,734.94,False
784,343,2024-06-11,Delivered,Spain,Consumer,2023-12-13,710.0,57.0,2.0,Electronics,367.47,1182.0,Card,Success,734.94,True
784,343,2024-06-11,Delivered,Spain,Consumer,2023-12-13,1300.0,22.0,3.0,Home,326.83,431.0,PayPal,Failed,980.49,False
784,343,2024-06-11,Delivered,Spain,Consumer,2023-12-13,1300.0,22.0,3.0,Home,326.83,1182.0,Card,Success,980.49,True
784,343,2024-06-11,Delivered,Spain,Consumer,2023-12-13,2128.0,58.0,2.0,Home,6.66,431.0,PayPal,Failed,13.32,False
784,343,2024-06-11,Delivered,Spain,Consumer,2023-12-13,2128.0,58.0,2.0,Home,6.66,1182.0,Card,Success,13.32,True
784,343,2024-06-11,Delivered,Spain,Consumer,2023-12-13,4890.0,77.0,2.0,Electronics,452.34,431.0,PayPal,Failed,904.68,False
784,343,2024-06-11,Delivered,Spain,Consumer,2023-12-13,4890.0,77.0,2.0,Electronics,452.34,1182.0,Card,Success,904.68,True
785,326,2024-04-20,Cancelled,Germany,Consumer,2024-03-06,1423.0,70.0,4.0,Home,478.43,1889.0,Bank Transfer,Success,1913.72,False
785,326,2024-04-20,Cancelled,Germany,Consumer,2024-03-06,1639.0,31.0,4.0,Home,402.97,1889.0,Bank Transfer,Success,1611.88,False
785,326,2024-04-20,Cancelled,Germany,Consumer,2024-03-06,2131.0,92.0,4.0,Home,316.74,1889.0,Bank Transfer,Success,1266.96,False
786,302,2024-04-11,Delivered,France,Small Business,2024-04-04,4383.0,75.0,3.0,Electronics,442.68,554.0,Bank Transfer,Success,1328.04,True
787,498,2024-01-17,Delivered,Italy,Consumer,2023-01-27,259.0,44.0,2.0,Clothing,466.63,746.0,Bank Transfer,Success,933.26,True
787,498,2024-01-17,Delivered,Italy,Consumer,2023-01-27,2355.0,62.0,3.0,Electronics,359.2,746.0,Bank Transfer,Success,1077.6,True
787,498,2024-01-17,Delivered,Italy,Consumer,2023-01-27,2784.0,65.0,2.0,Home,455.62,746.0,Bank Transfer,Success,911.24,True
788,364,2024-09-24,Delivered,Germany,Corporate,2023-05-28,2383.0,50.0,2.0,Electronics,242.49,921.0,Bank Transfer,Success,484.98,True
789,379,2024-06-30,Delivered,Germany,Small Business,2023-11-01,,,,,,1387.0,PayPal,Success,,True
790,427,2024-01-24,Delivered,France,Small Business,2024-05-05,2177.0,98.0,2.0,Electronics,260.05,943.0,Bank Transfer,Success,520.1,True
790,427,2024-01-24,Delivered,France,Small Business,2024-05-05,3829.0,71.0,1.0,Electronics,400.0,943.0,Bank Transfer,Success,400.0,True
790,427,2024-01-24,Delivered,France,Small Business,2024-05-05,4582.0,16.0,1.0,Home,398.69,943.0,Bank Transfer,Success,398.69,True
791,493,2024-01-29,Delivered,France,Small Business,2024-01-13,3091.0,12.0,2.0,Sports,366.86,1460.0,Card,Success,733.72,True
792,21,2024-06-19,Delivered,Germany,Small Business,2024-10-28,421.0,82.0,2.0,Home,419.72,1352.0,Card,Failed,839.44,False
792,21,2024-06-19,Delivered,Germany,Small Business,2024-10-28,2776.0,24.0,3.0,Clothing,282.54,1352.0,Card,Failed,847.6200000000001,False
792,21,2024-06-19,Delivered,Germany,Small Business,2024-10-28,3149.0,94.0,3.0,Clothing,261.54,1352.0,Card,Failed,784.6200000000001,False
792,21,2024-06-19,Delivered,Germany,Small Business,2024-10-28,3482.0,23.0,3.0,Sports,185.53,1352.0,Card,Failed,556.59,False
792,21,2024-06-19,Delivered,Germany,Small Business,2024-10-28,3577.0,5.0,4.0,Home,26.86,1352.0,Card,Failed,107.44,False
793,407,2024-08-15,Returned,Germany,Small Business,2024-01-26,846.0,1.0,4.0,Electronics,325.1,1990.0,Bank Transfer,Success,1300.4,False
793,407,2024-08-15,Returned,Germany,Small Business,2024-01-26,1580.0,45.0,3.0,Clothing,39.66,1990.0,Bank Transfer,Success,118.97999999999999,False
793,407,2024-08-15,Returned,Germany,Small Business,2024-01-26,3519.0,45.0,1.0,Clothing,39.66,1990.0,Bank Transfer,Success,39.66,False
794,107,2024-07-06,Delivered,Germany,Corporate,2023-02-03,276.0,73.0,4.0,Home,296.33,1971.0,PayPal,Success,1185.32,True
794,107,2024-07-06,Delivered,Germany,Corporate,2023-02-03,1195.0,83.0,3.0,Sports,119.13,1971.0,PayPal,Success,357.39,True
794,107,2024-07-06,Delivered,Germany,Corporate,2023-02-03,2004.0,3.0,1.0,Electronics,30.54,1971.0,PayPal,Success,30.54,True
794,107,2024-07-06,Delivered,Germany,Corporate,2023-02-03,2831.0,85.0,4.0,Sports,64.57,1971.0,PayPal,Success,258.28,True
794,107,2024-07-06,Delivered,Germany,Corporate,2023-02-03,3136.0,31.0,2.0,Home,402.97,1971.0,PayPal,Success,805.94,True
794,107,2024-07-06,Delivered,Germany,Corporate,2023-02-03,3693.0,83.0,1.0,Sports,119.13,1971.0,PayPal,Success,119.13,True
794,107,2024-07-06,Delivered,Germany,Corporate,2023-02-03,3937.0,100.0,2.0,Electronics,498.19,1971.0,PayPal,Success,996.38,True
795,336,2024-12-11,Delivered,Italy,Consumer,2024-06-20,76.0,24.0,3.0,Clothing,282.54,1593.0,PayPal,Success,847.6200000000001,True
795,336,2024-12-11,Delivered,Italy,Consumer,2024-06-20,310.0,30.0,1.0,Sports,288.35,1593.0,PayPal,Success,288.35,True
795,336,2024-12-11,Delivered,Italy,Consumer,2024-06-20,3260.0,17.0,3.0,Sports,373.81,1593.0,PayPal,Success,1121.43,True
795,336,2024-12-11,Delivered,Italy,Consumer,2024-06-20,3656.0,86.0,4.0,Sports,28.24,1593.0,PayPal,Success,112.96,True
796,303,2024-08-17,Delivered,Spain,Small Business,2023-12-22,,,,,,1375.0,Bank Transfer,Success,,True
797,117,2024-11-16,Delivered,France,Consumer,2023-11-16,876.0,52.0,2.0,Electronics,139.49,833.0,Bank Transfer,Success,278.98,True
797,117,2024-11-16,Delivered,France,Consumer,2023-11-16,3710.0,10.0,3.0,Sports,159.86,833.0,Bank Transfer,Success,479.58000000000004,True
797,117,2024-11-16,Delivered,France,Consumer,2023-11-16,4676.0,59.0,3.0,Home,236.32,833.0,Bank Transfer,Success,708.96,True
798,124,2024-12-05,Cancelled,Spain,Consumer,2023-10-04,295.0,73.0,1.0,Home,296.33,199.0,PayPal,Success,296.33,False
798,124,2024-12-05,Cancelled,Spain,Consumer,2023-10-04,915.0,66.0,4.0,Clothing,27.32,199.0,PayPal,Success,109.28,False
798,124,2024-12-05,Cancelled,Spain,Consumer,2023-10-04,3936.0,19.0,4.0,Clothing,230.3,199.0,PayPal,Success,921.2,False
799,399,2024-04-28,Cancelled,Italy,Small Business,2024-10-04,620.0,77.0,3.0,Electronics,452.34,573.0,PayPal,Success,1357.02,False
799,399,2024-04-28,Cancelled,Italy,Small Business,2024-10-04,1864.0,99.0,1.0,Clothing,248.14,573.0,PayPal,Success,248.14,False
799,399,2024-04-28,Cancelled,Italy,Small Business,2024-10-04,3960.0,6.0,1.0,Clothing,296.19,573.0,PayPal,Success,296.19,False
799,399,2024-04-28,Cancelled,Italy,Small Business,2024-10-04,4805.0,26.0,1.0,Electronics,443.07,573.0,PayPal,Success,443.07,False
800,281,2024-06-04,Delivered,Italy,Small Business,2024-09-18,978.0,24.0,1.0,Clothing,282.54,184.0,PayPal,Success,282.54,True
800,281,2024-06-04,Delivered,Italy,Small Business,2024-09-18,1385.0,6.0,4.0,Clothing,296.19,184.0,PayPal,Success,1184.76,True
800,281,2024-06-04,Delivered,Italy,Small Business,2024-09-18,2957.0,79.0,2.0,Electronics,372.96,184.0,PayPal,Success,745.92,True
801,292,2024-09-28,Delivered,Spain,Consumer,2023-10-29,2725.0,1.0,1.0,Electronics,325.1,1986.0,PayPal,Failed,325.1,False
801,292,2024-09-28,Delivered,Spain,Consumer,2023-10-29,3731.0,55.0,1.0,Sports,171.5,1986.0,PayPal,Failed,171.5,False
802,203,2024-06-23,Delivered,Spain,Consumer,2023-10-23,,,,,,251.0,Bank Transfer,Failed,,False
803,51,2024-04-13,Delivered,Spain,Small Business,2023-02-17,1397.0,34.0,4.0,Home,370.24,1770.0,PayPal,Success,1480.96,True
803,51,2024-04-13,Delivered,Spain,Small Business,2023-02-17,1769.0,91.0,3.0,Electronics,401.38,1770.0,PayPal,Success,1204.1399999999999,True
803,51,2024-04-13,Delivered,Spain,Small Business,2023-02-17,1883.0,22.0,2.0,Home,326.83,1770.0,PayPal,Success,653.66,True
804,271,2024-04-01,Cancelled,Germany,Corporate,2023-06-06,373.0,66.0,3.0,Clothing,27.32,766.0,Card,Success,81.96000000000001,False
804,271,2024-04-01,Cancelled,Germany,Corporate,2023-06-06,3615.0,36.0,4.0,Home,216.27,766.0,Card,Success,865.08,False
804,271,2024-04-01,Cancelled,Germany,Corporate,2023-06-06,4667.0,7.0,1.0,Electronics,499.68,766.0,Card,Success,499.68,False
805,324,2024-07-04,Delivered,Germany,Small Business,2024-01-06,364.0,37.0,2.0,Electronics,438.95,11.0,PayPal,Success,877.9,True
805,324,2024-07-04,Delivered,Germany,Small Business,2024-01-06,2302.0,88.0,4.0,Sports,23.18,11.0,PayPal,Success,92.72,True
805,324,2024-07-04,Delivered,Germany,Small Business,2024-01-06,3959.0,67.0,2.0,Clothing,59.19,11.0,PayPal,Success,118.38,True
805,324,2024-07-04,Delivered,Germany,Small Business,2024-01-06,4575.0,7.0,2.0,Electronics,499.68,11.0,PayPal,Success,999.36,True
806,277,2024-10-09,Delivered,France,Consumer,2024-11-15,3336.0,98.0,1.0,Electronics,260.05,1064.0,Card,Success,260.05,True
806,277,2024-10-09,Delivered,France,Consumer,2024-11-15,3403.0,26.0,3.0,Electronics,443.07,1064.0,Card,Success,1329.21,True
806,277,2024-10-09,Delivered,France,Consumer,2024-11-15,4573.0,57.0,4.0,Electronics,367.47,1064.0,Card,Success,1469.88,True
806,277,2024-10-09,Delivered,France,Consumer,2024-11-15,4831.0,24.0,4.0,Clothing,282.54,1064.0,Card,Success,1130.16,True
807,141,2024-06-29,Delivered,Italy,Consumer,2023-01-06,2202.0,12.0,1.0,Sports,366.86,900.0,Card,Failed,366.86,False
807,141,2024-06-29,Delivered,Italy,Consumer,2023-01-06,2648.0,82.0,4.0,Home,419.72,900.0,Card,Failed,1678.88,False
807,141,2024-06-29,Delivered,Italy,Consumer,2023-01-06,3297.0,40.0,3.0,Electronics,495.22,900.0,Card,Failed,1485.66,False
807,141,2024-06-29,Delivered,Italy,Consumer,2023-01-06,4227.0,8.0,2.0,Electronics,280.12,900.0,Card,Failed,560.24,False
808,470,2024-06-18,Delivered,Italy,Consumer,2023-08-25,,,,,,478.0,Bank Transfer,Success,,True
809,275,2024-07-05,Returned,France,Small Business,2023-02-16,283.0,72.0,4.0,Sports,133.2,,,,532.8,False
809,275,2024-07-05,Returned,France,Small Business,2023-02-16,2740.0,60.0,2.0,Home,152.02,,,,304.04,False
810,290,2024-06-23,Delivered,Italy,Consumer,2023-01-23,646.0,58.0,3.0,Home,6.66,534.0,Card,Success,19.98,True
810,290,2024-06-23,Delivered,Italy,Consumer,2023-01-23,850.0,19.0,4.0,Clothing,230.3,534.0,Card,Success,921.2,True
810,290,2024-06-23,Delivered,Italy,Consumer,2023-01-23,2449.0,58.0,2.0,Home,6.66,534.0,Card,Success,13.32,True
811,334,2024-08-09,Delivered,Spain,Consumer,2024-07-28,864.0,41.0,1.0,Home,5.12,957.0,Card,Success,5.12,True
812,381,2024-08-20,Delivered,Italy,Corporate,2024-04-21,2662.0,39.0,1.0,Home,233.66,1441.0,Card,Success,233.66,True
812,381,2024-08-20,Delivered,Italy,Corporate,2024-04-21,3757.0,76.0,3.0,Electronics,302.4,1441.0,Card,Success,907.1999999999999,True
813,452,2024-06-10,Delivered,Germany,Corporate,2023-09-18,1726.0,9.0,4.0,Home,239.24,1613.0,Bank Transfer,Success,956.96,True
813,452,2024-06-10,Delivered,Germany,Corporate,2023-09-18,2567.0,32.0,2.0,Sports,271.51,1613.0,Bank Transfer,Success,543.02,True
813,452,2024-06-10,Delivered,Germany,Corporate,2023-09-18,4953.0,28.0,2.0,Electronics,223.31,1613.0,Bank Transfer,Success,446.62,True
814,496,2024-05-13,Delivered,Spain,Consumer,2024-09-20,4273.0,37.0,2.0,Electronics,438.95,1805.0,PayPal,Success,877.9,True
815,373,2024-08-11,Delivered,Germany,Consumer,2023-08-03,1551.0,34.0,2.0,Home,370.24,1409.0,Card,Success,740.48,True
815,373,2024-08-11,Delivered,Germany,Consumer,2023-08-03,1929.0,18.0,2.0,Home,32.17,1409.0,Card,Success,64.34,True
815,373,2024-08-11,Delivered,Germany,Consumer,2023-08-03,3254.0,6.0,1.0,Clothing,296.19,1409.0,Card,Success,296.19,True
816,52,2024-06-01,Delivered,Germany,Small Business,2024-07-26,6.0,70.0,3.0,Home,478.43,1933.0,Card,Success,1435.29,True
816,52,2024-06-01,Delivered,Germany,Small Business,2024-07-26,1124.0,23.0,2.0,Sports,185.53,1933.0,Card,Success,371.06,True
816,52,2024-06-01,Delivered,Germany,Small Business,2024-07-26,1480.0,46.0,4.0,Electronics,9.7,1933.0,Card,Success,38.8,True
816,52,2024-06-01,Delivered,Germany,Small Business,2024-07-26,2190.0,52.0,4.0,Electronics,139.49,1933.0,Card,Success,557.96,True
816,52,2024-06-01,Delivered,Germany,Small Business,2024-07-26,2588.0,40.0,3.0,Electronics,495.22,1933.0,Card,Success,1485.66,True
817,494,2024-02-02,Delivered,Germany,Corporate,2024-08-10,,,,,,1576.0,Card,Success,,True
818,27,2024-02-24,Delivered,Germany,Consumer,2024-02-07,2121.0,57.0,2.0,Electronics,367.47,1000.0,Card,Success,734.94,True
818,27,2024-02-24,Delivered,Germany,Consumer,2024-02-07,3180.0,81.0,1.0,Electronics,203.78,1000.0,Card,Success,203.78,True
818,27,2024-02-24,Delivered,Germany,Consumer,2024-02-07,3824.0,48.0,3.0,Electronics,48.83,1000.0,Card,Success,146.49,True
819,157,2024-01-07,Delivered,Spain,Corporate,2023-10-27,1867.0,1.0,1.0,Electronics,325.1,1511.0,Bank Transfer,Success,325.1,True
820,239,2024-08-31,Delivered,Spain,Small Business,2024-10-07,1228.0,19.0,1.0,Clothing,230.3,249.0,Bank Transfer,Success,230.3,True
820,239,2024-08-31,Delivered,Spain,Small Business,2024-10-07,2459.0,66.0,2.0,Clothing,27.32,249.0,Bank Transfer,Success,54.64,True
820,239,2024-08-31,Delivered,Spain,Small Business,2024-10-07,3344.0,59.0,4.0,Home,236.32,249.0,Bank Transfer,Success,945.28,True
821,156,2024-11-08,Delivered,Germany,Small Business,2023-06-22,1490.0,35.0,2.0,Sports,262.48,1093.0,Bank Transfer,Failed,524.96,False
821,156,2024-11-08,Delivered,Germany,Small Business,2023-06-22,1746.0,91.0,4.0,Electronics,401.38,1093.0,Bank Transfer,Failed,1605.52,False
821,156,2024-11-08,Delivered,Germany,Small Business,2023-06-22,2312.0,29.0,4.0,Clothing,205.22,1093.0,Bank Transfer,Failed,820.88,False
822,291,2024-05-05,Delivered,France,Corporate,2023-12-12,3634.0,47.0,2.0,Electronics,31.08,1557.0,Bank Transfer,Success,62.16,True
823,136,2024-01-12,Delivered,France,Consumer,2024-06-26,1312.0,37.0,2.0,Electronics,438.95,1586.0,Bank Transfer,Success,877.9,True
824,144,2024-01-16,Delivered,Italy,Corporate,2023-03-16,1326.0,8.0,2.0,Electronics,280.12,1128.0,Card,Success,560.24,True
824,144,2024-01-16,Delivered,Italy,Corporate,2023-03-16,2037.0,42.0,4.0,Clothing,96.81,1128.0,Card,Success,387.24,True
824,144,2024-01-16,Delivered,Italy,Corporate,2023-03-16,2372.0,75.0,4.0,Electronics,442.68,1128.0,Card,Success,1770.72,True
824,144,2024-01-16,Delivered,Italy,Corporate,2023-03-16,3878.0,1.0,2.0,Electronics,325.1,1128.0,Card,Success,650.2,True
824,144,2024-01-16,Delivered,Italy,Corporate,2023-03-16,4319.0,6.0,2.0,Clothing,296.19,1128.0,Card,Success,592.38,True
825,106,2024-07-26,Delivered,Germany,Corporate,2024-04-14,2684.0,95.0,1.0,Sports,300.65,877.0,PayPal,Success,300.65,True
825,106,2024-07-26,Delivered,Germany,Corporate,2024-04-14,4298.0,10.0,3.0,Sports,159.86,877.0,PayPal,Success,479.58000000000004,True
826,420,2024-02-12,Delivered,Germany,Consumer,2023-09-21,514.0,99.0,3.0,Clothing,248.14,288.0,Bank Transfer,Success,744.42,True
826,420,2024-02-12,Delivered,Germany,Consumer,2023-09-21,2225.0,68.0,2.0,Clothing,198.86,288.0,Bank Transfer,Success,397.72,True
826,420,2024-02-12,Delivered,Germany,Consumer,2023-09-21,2952.0,23.0,2.0,Sports,185.53,288.0,Bank Transfer,Success,371.06,True
827,158,2024-05-14,Delivered,Germany,Consumer,2024-10-06,4457.0,90.0,1.0,Electronics,413.97,1708.0,Bank Transfer,Success,413.97,True
828,146,2024-08-15,Delivered,Spain,Consumer,2024-10-07,887.0,20.0,3.0,Clothing,263.61,1930.0,Bank Transfer,Success,790.83,True
828,146,2024-08-15,Delivered,Spain,Consumer,2024-10-07,1554.0,6.0,2.0,Clothing,296.19,1930.0,Bank Transfer,Success,592.38,True
828,146,2024-08-15,Delivered,Spain,Consumer,2024-10-07,3512.0,38.0,1.0,Clothing,211.67,1930.0,Bank Transfer,Success,211.67,True
828,146,2024-08-15,Delivered,Spain,Consumer,2024-10-07,4861.0,17.0,3.0,Sports,373.81,1930.0,Bank Transfer,Success,1121.43,True
828,146,2024-08-15,Delivered,Spain,Consumer,2024-10-07,4862.0,64.0,3.0,Sports,142.25,1930.0,Bank Transfer,Success,426.75,True
829,2,2024-04-20,Delivered,Italy,Consumer,2024-05-22,,,,,,137.0,Bank Transfer,Success,,True
830,433,2024-11-02,Delivered,France,Small Business,2023-01-07,999.0,15.0,3.0,Home,213.77,51.0,Card,Success,641.3100000000001,True
830,433,2024-11-02,Delivered,France,Small Business,2023-01-07,2931.0,78.0,4.0,Clothing,494.65,51.0,Card,Success,1978.6,True
830,433,2024-11-02,Delivered,France,Small Business,2023-01-07,3088.0,4.0,1.0,Sports,336.61,51.0,Card,Success,336.61,True
830,433,2024-11-02,Delivered,France,Small Business,2023-01-07,3888.0,71.0,4.0,Electronics,400.0,51.0,Card,Success,1600.0,True
830,433,2024-11-02,Delivered,France,Small Business,2023-01-07,4639.0,37.0,1.0,Electronics,438.95,51.0,Card,Success,438.95,True
831,77,2024-06-08,Delivered,Italy,Corporate,2023-12-29,1287.0,65.0,1.0,Home,455.62,1858.0,Bank Transfer,Success,455.62,True
831,77,2024-06-08,Delivered,Italy,Corporate,2023-12-29,2520.0,37.0,1.0,Electronics,438.95,1858.0,Bank Transfer,Success,438.95,True
832,132,2024-11-26,Delivered,France,Corporate,2024-08-29,528.0,97.0,2.0,Sports,133.82,923.0,Card,Success,267.64,True
832,132,2024-11-26,Delivered,France,Corporate,2024-08-29,2915.0,78.0,1.0,Clothing,494.65,923.0,Card,Success,494.65,True
832,132,2024-11-26,Delivered,France,Corporate,2024-08-29,3220.0,99.0,4.0,Clothing,248.14,923.0,Card,Success,992.56,True
832,132,2024-11-26,Delivered,France,Corporate,2024-08-29,3528.0,17.0,2.0,Sports,373.81,923.0,Card,Success,747.62,True
832,132,2024-11-26,Delivered,France,Corporate,2024-08-29,3797.0,57.0,3.0,Electronics,367.47,923.0,Card,Success,1102.41,True
832,132,2024-11-26,Delivered,France,Corporate,2024-08-29,4163.0,78.0,4.0,Clothing,494.65,923.0,Card,Success,1978.6,True
833,90,2024-09-20,Cancelled,Germany,Small Business,2024-04-18,623.0,72.0,4.0,Sports,133.2,978.0,Card,Success,532.8,False
833,90,2024-09-20,Cancelled,Germany,Small Business,2024-04-18,696.0,7.0,2.0,Electronics,499.68,978.0,Card,Success,999.36,False
833,90,2024-09-20,Cancelled,Germany,Small Business,2024-04-18,875.0,31.0,2.0,Home,402.97,978.0,Card,Success,805.94,False
834,345,2024-08-12,Delivered,Spain,Small Business,2024-10-01,2292.0,10.0,2.0,Sports,159.86,106.0,PayPal,Success,319.72,True
834,345,2024-08-12,Delivered,Spain,Small Business,2024-10-01,3353.0,78.0,3.0,Clothing,494.65,106.0,PayPal,Success,1483.9499999999998,True
834,345,2024-08-12,Delivered,Spain,Small Business,2024-10-01,3485.0,67.0,2.0,Clothing,59.19,106.0,PayPal,Success,118.38,True
835,350,2024-08-04,Delivered,Spain,Small Business,2023-06-29,3994.0,65.0,3.0,Home,455.62,1851.0,Bank Transfer,Success,1366.8600000000001,True
836,459,2024-02-14,Delivered,Spain,Consumer,2023-10-07,980.0,64.0,4.0,Sports,142.25,1935.0,PayPal,Success,569.0,True
836,459,2024-02-14,Delivered,Spain,Consumer,2023-10-07,1083.0,57.0,1.0,Electronics,367.47,1935.0,PayPal,Success,367.47,True
836,459,2024-02-14,Delivered,Spain,Consumer,2023-10-07,1232.0,37.0,3.0,Electronics,438.95,1935.0,PayPal,Success,1316.85,True
836,459,2024-02-14,Delivered,Spain,Consumer,2023-10-07,3593.0,2.0,2.0,Home,348.12,1935.0,PayPal,Success,696.24,True
836,459,2024-02-14,Delivered,Spain,Consumer,2023-10-07,3674.0,83.0,2.0,Sports,119.13,1935.0,PayPal,Success,238.26,True
837,263,2024-08-01,Delivered,France,Small Business,2024-05-31,126.0,46.0,1.0,Electronics,9.7,423.0,Card,Success,9.7,True
838,351,2024-02-28,Delivered,Italy,Consumer,2024-05-15,1494.0,17.0,1.0,Sports,373.81,1816.0,Card,Success,373.81,True
838,351,2024-02-28,Delivered,Italy,Consumer,2024-05-15,4322.0,60.0,1.0,Home,152.02,1816.0,Card,Success,152.02,True
839,108,2024-05-11,Delivered,Italy,Consumer,2024-09-14,210.0,69.0,4.0,Sports,66.6,1632.0,Card,Success,266.4,True
839,108,2024-05-11,Delivered,Italy,Consumer,2024-09-14,1487.0,89.0,1.0,Home,478.85,1632.0,Card,Success,478.85,True
840,74,2024-04-13,Cancelled,Germany,Small Business,2023-01-07,2011.0,92.0,2.0,Home,316.74,1483.0,Bank Transfer,Success,633.48,False
840,74,2024-04-13,Cancelled,Germany,Small Business,2023-01-07,4024.0,59.0,2.0,Home,236.32,1483.0,Bank Transfer,Success,472.64,False
841,39,2024-07-13,Delivered,France,Corporate,2023-02-15,504.0,14.0,2.0,Electronics,62.06,1635.0,PayPal,Failed,124.12,False
841,39,2024-07-13,Delivered,France,Corporate,2023-02-15,1876.0,9.0,4.0,Home,239.24,1635.0,PayPal,Failed,956.96,False
842,397,2024-06-05,Returned,Italy,Consumer,2023-09-21,4645.0,33.0,3.0,Home,332.52,,,,997.56,False
843,159,2024-04-07,Delivered,France,Small Business,2023-11-22,3583.0,46.0,2.0,Electronics,9.7,322.0,Card,Success,19.4,True
843,159,2024-04-07,Delivered,France,Small Business,2023-11-22,4188.0,23.0,1.0,Sports,185.53,322.0,Card,Success,185.53,True
844,71,2024-08-13,Delivered,Germany,Consumer,2024-06-09,409.0,26.0,3.0,Electronics,443.07,181.0,Card,Success,1329.21,True
844,71,2024-08-13,Delivered,Germany,Consumer,2024-06-09,1652.0,71.0,1.0,Electronics,400.0,181.0,Card,Success,400.0,True
844,71,2024-08-13,Delivered,Germany,Consumer,2024-06-09,2707.0,5.0,2.0,Home,26.86,181.0,Card,Success,53.72,True
844,71,2024-08-13,Delivered,Germany,Consumer,2024-06-09,3831.0,58.0,3.0,Home,6.66,181.0,Card,Success,19.98,True
844,71,2024-08-13,Delivered,Germany,Consumer,2024-06-09,4164.0,57.0,1.0,Electronics,367.47,181.0,Card,Success,367.47,True
845,447,2024-07-23,Delivered,Spain,Small Business,2024-01-21,,,,,,35.0,Bank Transfer,Success,,True
846,312,2024-03-19,Delivered,Spain,Corporate,2024-04-06,2414.0,49.0,1.0,Sports,23.61,1528.0,PayPal,Success,23.61,True
846,312,2024-03-19,Delivered,Spain,Corporate,2024-04-06,3905.0,49.0,2.0,Sports,23.61,1528.0,PayPal,Success,47.22,True
847,241,2024-05-03,Delivered,Germany,Corporate,2024-01-26,1202.0,3.0,4.0,Electronics,30.54,132.0,PayPal,Success,122.16,True
847,241,2024-05-03,Delivered,Germany,Corporate,2024-01-26,2429.0,20.0,2.0,Clothing,263.61,132.0,PayPal,Success,527.22,True
847,241,2024-05-03,Delivered,Germany,Corporate,2024-01-26,2760.0,75.0,3.0,Electronics,442.68,132.0,PayPal,Success,1328.04,True
847,241,2024-05-03,Delivered,Germany,Corporate,2024-01-26,3686.0,58.0,4.0,Home,6.66,132.0,PayPal,Success,26.64,True
847,241,2024-05-03,Delivered,Germany,Corporate,2024-01-26,4661.0,30.0,4.0,Sports,288.35,132.0,PayPal,Success,1153.4,True
848,426,2024-08-05,Delivered,France,Consumer,2023-04-30,418.0,43.0,3.0,Electronics,195.06,814.0,Bank Transfer,Success,585.1800000000001,True
848,426,2024-08-05,Delivered,France,Consumer,2023-04-30,1967.0,36.0,3.0,Home,216.27,814.0,Bank Transfer,Success,648.8100000000001,True
848,426,2024-08-05,Delivered,France,Consumer,2023-04-30,4971.0,73.0,1.0,Home,296.33,814.0,Bank Transfer,Success,296.33,True
849,445,2024-01-04,Delivered,Italy,Consumer,2024-05-28,1861.0,14.0,1.0,Electronics,62.06,1995.0,PayPal,Success,62.06,True
849,445,2024-01-04,Delivered,Italy,Consumer,2024-05-28,2753.0,17.0,3.0,Sports,373.81,1995.0,PayPal,Success,1121.43,True
849,445,2024-01-04,Delivered,Italy,Consumer,2024-05-28,2770.0,76.0,1.0,Electronics,302.4,1995.0,PayPal,Success,302.4,True
849,445,2024-01-04,Delivered,Italy,Consumer,2024-05-28,4348.0,93.0,1.0,Electronics,112.08,1995.0,PayPal,Success,112.08,True
849,445,2024-01-04,Delivered,Italy,Consumer,2024-05-28,4834.0,60.0,4.0,Home,152.02,1995.0,PayPal,Success,608.08,True
850,298,2024-03-30,Returned,Spain,Small Business,2023-07-29,36.0,87.0,1.0,Home,195.12,1764.0,Card,Success,195.12,False
850,298,2024-03-30,Returned,Spain,Small Business,2023-07-29,776.0,90.0,4.0,Electronics,413.97,1764.0,Card,Success,1655.88,False
850,298,2024-03-30,Returned,Spain,Small Business,2023-07-29,4084.0,80.0,3.0,Home,37.17,1764.0,Card,Success,111.51,False
850,298,2024-03-30,Returned,Spain,Small Business,2023-07-29,4389.0,12.0,4.0,Sports,366.86,1764.0,Card,Success,1467.44,False
850,298,2024-03-30,Returned,Spain,Small Business,2023-07-29,4475.0,65.0,2.0,Home,455.62,1764.0,Card,Success,911.24,False
851,440,2024-04-13,Cancelled,Spain,Small Business,2024-01-16,3449.0,40.0,4.0,Electronics,495.22,420.0,Card,Success,1980.88,False
851,440,2024-04-13,Cancelled,Spain,Small Business,2024-01-16,3516.0,62.0,4.0,Electronics,359.2,420.0,Card,Success,1436.8,False
851,440,2024-04-13,Cancelled,Spain,Small Business,2024-01-16,3858.0,91.0,4.0,Electronics,401.38,420.0,Card,Success,1605.52,False
851,440,2024-04-13,Cancelled,Spain,Small Business,2024-01-16,4945.0,21.0,4.0,Home,324.05,420.0,Card,Success,1296.2,False
852,36,2024-04-28,Delivered,France,Corporate,2023-08-21,2.0,91.0,3.0,Electronics,401.38,712.0,Bank Transfer,Success,1204.1399999999999,True
852,36,2024-04-28,Delivered,France,Corporate,2023-08-21,3137.0,78.0,1.0,Clothing,494.65,712.0,Bank Transfer,Success,494.65,True
853,84,2024-05-12,Delivered,Italy,Corporate,2024-04-29,556.0,21.0,3.0,Home,324.05,1015.0,Card,Success,972.1500000000001,True
853,84,2024-05-12,Delivered,Italy,Corporate,2024-04-29,2877.0,29.0,2.0,Clothing,205.22,1015.0,Card,Success,410.44,True
854,452,2024-11-07,Delivered,Germany,Corporate,2023-09-18,,,,,,734.0,Card,Success,,True
855,374,2024-04-05,Delivered,Italy,Consumer,2024-03-10,1116.0,42.0,2.0,Clothing,96.81,192.0,Card,Success,193.62,True
855,374,2024-04-05,Delivered,Italy,Consumer,2024-03-10,2222.0,24.0,1.0,Clothing,282.54,192.0,Card,Success,282.54,True
855,374,2024-04-05,Delivered,Italy,Consumer,2024-03-10,4598.0,59.0,3.0,Home,236.32,192.0,Card,Success,708.96,True
856,263,2024-11-26,Delivered,France,Small Business,2024-05-31,3319.0,10.0,3.0,Sports,159.86,550.0,PayPal,Success,479.58000000000004,True
856,263,2024-11-26,Delivered,France,Small Business,2024-05-31,4640.0,97.0,3.0,Sports,133.82,550.0,PayPal,Success,401.46,True
857,310,2024-05-22,Delivered,Unknown,Consumer,2023-02-20,1500.0,98.0,3.0,Electronics,260.05,1849.0,Bank Transfer,Success,780.1500000000001,True
858,385,2024-10-14,Delivered,France,Small Business,2023-01-19,139.0,99.0,4.0,Clothing,248.14,936.0,Bank Transfer,Success,992.56,True
858,385,2024-10-14,Delivered,France,Small Business,2023-01-19,1240.0,69.0,1.0,Sports,66.6,936.0,Bank Transfer,Success,66.6,True
858,385,2024-10-14,Delivered,France,Small Business,2023-01-19,1920.0,74.0,2.0,Home,491.25,936.0,Bank Transfer,Success,982.5,True
858,385,2024-10-14,Delivered,France,Small Business,2023-01-19,2268.0,96.0,3.0,Clothing,264.89,936.0,Bank Transfer,Success,794.67,True
858,385,2024-10-14,Delivered,France,Small Business,2023-01-19,2610.0,74.0,3.0,Home,491.25,936.0,Bank Transfer,Success,1473.75,True
859,172,2024-01-28,Delivered,France,Small Business,2023-05-19,3896.0,87.0,3.0,Home,195.12,583.0,PayPal,Success,585.36,True
860,376,2024-10-04,Returned,Italy,Consumer,2023-02-01,253.0,33.0,4.0,Home,332.52,306.0,Card,Success,1330.08,False
860,376,2024-10-04,Returned,Italy,Consumer,2023-02-01,2678.0,19.0,4.0,Clothing,230.3,306.0,Card,Success,921.2,False
861,173,2024-08-20,Delivered,Unknown,Consumer,2024-05-25,,,,,,260.0,Bank Transfer,Success,,True
862,362,2024-01-17,Returned,France,Corporate,2023-12-27,4895.0,100.0,3.0,Electronics,498.19,1790.0,PayPal,Success,1494.57,False
862,362,2024-01-17,Returned,France,Corporate,2023-12-27,4903.0,15.0,4.0,Home,213.77,1790.0,PayPal,Success,855.08,False
863,47,2024-02-28,Delivered,Italy,Small Business,2023-08-27,4757.0,72.0,4.0,Sports,133.2,1584.0,Card,Failed,532.8,False
864,379,2024-03-30,Delivered,Germany,Small Business,2023-11-01,1933.0,87.0,2.0,Home,195.12,1779.0,Card,Failed,390.24,False
864,379,2024-03-30,Delivered,Germany,Small Business,2023-11-01,2384.0,86.0,3.0,Sports,28.24,1779.0,Card,Failed,84.72,False
864,379,2024-03-30,Delivered,Germany,Small Business,2023-11-01,3185.0,23.0,4.0,Sports,185.53,1779.0,Card,Failed,742.12,False
864,379,2024-03-30,Delivered,Germany,Small Business,2023-11-01,3733.0,4.0,3.0,Sports,336.61,1779.0,Card,Failed,1009.83,False
864,379,2024-03-30,Delivered,Germany,Small Business,2023-11-01,4027.0,73.0,2.0,Home,296.33,1779.0,Card,Failed,592.66,False
864,379,2024-03-30,Delivered,Germany,Small Business,2023-11-01,4042.0,41.0,2.0,Home,5.12,1779.0,Card,Failed,10.24,False
865,141,2024-07-17,Delivered,Italy,Consumer,2023-01-06,581.0,5.0,2.0,Home,26.86,1639.0,PayPal,Success,53.72,True
865,141,2024-07-17,Delivered,Italy,Consumer,2023-01-06,2150.0,38.0,3.0,Clothing,211.67,1639.0,PayPal,Success,635.01,True
865,141,2024-07-17,Delivered,Italy,Consumer,2023-01-06,4625.0,63.0,3.0,Sports,296.61,1639.0,PayPal,Success,889.83,True
866,375,2024-12-27,Delivered,France,Consumer,2023-11-14,243.0,29.0,3.0,Clothing,205.22,,,,615.66,False
866,375,2024-12-27,Delivered,France,Consumer,2023-11-14,4876.0,74.0,4.0,Home,491.25,,,,1965.0,False
867,406,2024-01-26,Delivered,Italy,Corporate,2023-06-27,919.0,92.0,4.0,Home,316.74,119.0,Bank Transfer,Success,1266.96,True
867,406,2024-01-26,Delivered,Italy,Corporate,2023-06-27,2307.0,75.0,1.0,Electronics,442.68,119.0,Bank Transfer,Success,442.68,True
867,406,2024-01-26,Delivered,Italy,Corporate,2023-06-27,3761.0,97.0,1.0,Sports,133.82,119.0,Bank Transfer,Success,133.82,True
868,118,2024-01-25,Delivered,Germany,Small Business,2024-03-18,2641.0,7.0,4.0,Electronics,499.68,1029.0,PayPal,Success,1998.72,True
868,118,2024-01-25,Delivered,Germany,Small Business,2024-03-18,4487.0,75.0,3.0,Electronics,442.68,1029.0,PayPal,Success,1328.04,True
869,277,2024-10-27,Delivered,France,Consumer,2024-11-15,2415.0,80.0,4.0,Home,37.17,832.0,Bank Transfer,Success,148.68,True
869,277,2024-10-27,Delivered,France,Consumer,2024-11-15,2661.0,60.0,1.0,Home,152.02,832.0,Bank Transfer,Success,152.02,True
869,277,2024-10-27,Delivered,France,Consumer,2024-11-15,2875.0,5.0,3.0,Home,26.86,832.0,Bank Transfer,Success,80.58,True
869,277,2024-10-27,Delivered,France,Consumer,2024-11-15,3032.0,68.0,2.0,Clothing,198.86,832.0,Bank Transfer,Success,397.72,True
869,277,2024-10-27,Delivered,France,Consumer,2024-11-15,4430.0,86.0,2.0,Sports,28.24,832.0,Bank Transfer,Success,56.48,True
869,277,2024-10-27,Delivered,France,Consumer,2024-11-15,4501.0,56.0,2.0,Clothing,263.65,832.0,Bank Transfer,Success,527.3,True
869,277,2024-10-27,Delivered,France,Consumer,2024-11-15,4515.0,100.0,3.0,Electronics,498.19,832.0,Bank Transfer,Success,1494.57,True
870,214,2024-12-04,Delivered,Spain,Corporate,2024-02-14,2197.0,27.0,2.0,Sports,267.48,1014.0,PayPal,Success,534.96,True
870,214,2024-12-04,Delivered,Spain,Corporate,2024-02-14,2754.0,82.0,2.0,Home,419.72,1014.0,PayPal,Success,839.44,True
870,214,2024-12-04,Delivered,Spain,Corporate,2024-02-14,4251.0,77.0,4.0,Electronics,452.34,1014.0,PayPal,Success,1809.36,True
871,220,2024-09-23,Delivered,Spain,Consumer,2024-02-06,281.0,73.0,4.0,Home,296.33,708.0,PayPal,Success,1185.32,True
871,220,2024-09-23,Delivered,Spain,Consumer,2024-02-06,3107.0,18.0,4.0,Home,32.17,708.0,PayPal,Success,128.68,True
872,393,2024-06-29,Delivered,Italy,Consumer,2023-04-24,1291.0,60.0,1.0,Home,152.02,1852.0,Bank Transfer,Success,152.02,True
872,393,2024-06-29,Delivered,Italy,Consumer,2023-04-24,2859.0,54.0,1.0,Home,50.39,1852.0,Bank Transfer,Success,50.39,True
872,393,2024-06-29,Delivered,Italy,Consumer,2023-04-24,3183.0,65.0,3.0,Home,455.62,1852.0,Bank Transfer,Success,1366.8600000000001,True
873,26,2024-12-25,Delivered,Germany,Consumer,2023-02-20,2327.0,86.0,1.0,Sports,28.24,122.0,Bank Transfer,Success,28.24,True
873,26,2024-12-25,Delivered,Germany,Consumer,2023-02-20,3453.0,95.0,1.0,Sports,300.65,122.0,Bank Transfer,Success,300.65,True
874,9,2024-03-08,Delivered,Spain,Corporate,2023-02-12,196.0,56.0,3.0,Clothing,263.65,625.0,Bank Transfer,Failed,790.9499999999999,False
874,9,2024-03-08,Delivered,Spain,Corporate,2023-02-12,938.0,61.0,2.0,Clothing,427.15,625.0,Bank Transfer,Failed,854.3,False
874,9,2024-03-08,Delivered,Spain,Corporate,2023-02-12,1853.0,52.0,1.0,Electronics,139.49,625.0,Bank Transfer,Failed,139.49,False
875,271,2024-12-16,Delivered,Germany,Corporate,2023-06-06,1557.0,97.0,2.0,Sports,133.82,1226.0,Card,Success,267.64,True
875,271,2024-12-16,Delivered,Germany,Corporate,2023-06-06,1848.0,54.0,2.0,Home,50.39,1226.0,Card,Success,100.78,True
875,271,2024-12-16,Delivered,Germany,Corporate,2023-06-06,2115.0,91.0,4.0,Electronics,401.38,1226.0,Card,Success,1605.52,True
876,10,2024-11-16,Delivered,Germany,Small Business,2023-04-21,1865.0,33.0,2.0,Home,332.52,1774.0,PayPal,Success,665.04,True
876,10,2024-11-16,Delivered,Germany,Small Business,2023-04-21,2499.0,15.0,1.0,Home,213.77,1774.0,PayPal,Success,213.77,True
876,10,2024-11-16,Delivered,Germany,Small Business,2023-04-21,3275.0,80.0,4.0,Home,37.17,1774.0,PayPal,Success,148.68,True
876,10,2024-11-16,Delivered,Germany,Small Business,2023-04-21,4982.0,43.0,3.0,Electronics,195.06,1774.0,PayPal,Success,585.1800000000001,True
877,472,2024-02-18,Returned,Italy,Corporate,2023-12-25,,,,,,241.0,Card,Success,,False
878,378,2024-06-23,Delivered,France,Corporate,2023-10-12,2589.0,8.0,4.0,Electronics,280.12,1047.0,Card,Success,1120.48,True
879,121,2024-02-21,Delivered,Italy,Small Business,2023-10-16,1154.0,30.0,2.0,Sports,288.35,919.0,Card,Success,576.7,True
880,125,2024-04-11,Delivered,France,Consumer,2024-08-04,454.0,45.0,3.0,Clothing,39.66,848.0,PayPal,Success,118.97999999999999,True
880,125,2024-04-11,Delivered,France,Consumer,2024-08-04,998.0,47.0,3.0,Electronics,31.08,848.0,PayPal,Success,93.24,True
880,125,2024-04-11,Delivered,France,Consumer,2024-08-04,3536.0,40.0,4.0,Electronics,495.22,848.0,PayPal,Success,1980.88,True
881,170,2024-08-03,Delivered,Germany,Consumer,2023-11-16,,,,,,1076.0,PayPal,Success,,True
882,72,2024-07-06,Delivered,Germany,Consumer,2024-11-29,366.0,48.0,3.0,Electronics,48.83,84.0,PayPal,Success,146.49,True
882,72,2024-07-06,Delivered,Germany,Consumer,2024-11-29,2388.0,71.0,4.0,Electronics,400.0,84.0,PayPal,Success,1600.0,True
883,152,2024-02-26,Delivered,Spain,Corporate,2023-07-13,,,,,,1023.0,Card,Success,,True
884,208,2024-02-16,Delivered,Italy,Consumer,2023-09-27,847.0,63.0,4.0,Sports,296.61,1725.0,Card,Success,1186.44,True
884,208,2024-02-16,Delivered,Italy,Consumer,2023-09-27,2042.0,71.0,1.0,Electronics,400.0,1725.0,Card,Success,400.0,True
884,208,2024-02-16,Delivered,Italy,Consumer,2023-09-27,3061.0,98.0,2.0,Electronics,260.05,1725.0,Card,Success,520.1,True
884,208,2024-02-16,Delivered,Italy,Consumer,2023-09-27,4650.0,81.0,4.0,Electronics,203.78,1725.0,Card,Success,815.12,True
884,208,2024-02-16,Delivered,Italy,Consumer,2023-09-27,4977.0,97.0,4.0,Sports,133.82,1725.0,Card,Success,535.28,True
885,49,2024-06-07,Delivered,Germany,Corporate,2023-12-16,,,,,,1169.0,Bank Transfer,Success,,True
886,154,2024-06-22,Delivered,Spain,Consumer,2023-01-26,3543.0,65.0,3.0,Home,455.62,1208.0,Card,Success,1366.8600000000001,True
887,347,2024-08-29,Delivered,Spain,Consumer,2023-07-01,297.0,60.0,2.0,Home,152.02,502.0,Card,Success,304.04,True
887,347,2024-08-29,Delivered,Spain,Consumer,2023-07-01,2933.0,44.0,2.0,Clothing,466.63,502.0,Card,Success,933.26,True
887,347,2024-08-29,Delivered,Spain,Consumer,2023-07-01,3713.0,69.0,2.0,Sports,66.6,502.0,Card,Success,133.2,True
888,293,2024-10-08,Delivered,France,Small Business,2023-12-29,763.0,36.0,2.0,Home,216.27,1092.0,PayPal,Success,432.54,True
889,68,2024-08-28,Returned,France,Corporate,2024-01-21,1909.0,20.0,4.0,Clothing,263.61,1077.0,Bank Transfer,Success,1054.44,False
889,68,2024-08-28,Returned,France,Corporate,2024-01-21,4229.0,17.0,2.0,Sports,373.81,1077.0,Bank Transfer,Success,747.62,False
890,50,2024-01-05,Delivered,Germany,Corporate,2023-04-17,972.0,18.0,3.0,Home,32.17,1778.0,Bank Transfer,Success,96.51,True
890,50,2024-01-05,Delivered,Germany,Corporate,2023-04-17,3513.0,20.0,3.0,Clothing,263.61,1778.0,Bank Transfer,Success,790.83,True
890,50,2024-01-05,Delivered,Germany,Corporate,2023-04-17,3826.0,73.0,2.0,Home,296.33,1778.0,Bank Transfer,Success,592.66,True
891,152,2024-03-24,Delivered,Spain,Corporate,2023-07-13,1339.0,32.0,2.0,Sports,271.51,664.0,Card,Success,543.02,True
891,152,2024-03-24,Delivered,Spain,Corporate,2023-07-13,4158.0,85.0,1.0,Sports,64.57,664.0,Card,Success,64.57,True
892,19,2024-11-03,Delivered,Italy,Corporate,2023-07-14,654.0,47.0,2.0,Electronics,31.08,1793.0,Bank Transfer,Success,62.16,True
892,19,2024-11-03,Delivered,Italy,Corporate,2023-07-14,2843.0,49.0,4.0,Sports,23.61,1793.0,Bank Transfer,Success,94.44,True
893,100,2024-12-26,Delivered,France,Consumer,2023-08-21,16.0,40.0,3.0,Electronics,495.22,380.0,PayPal,Success,1485.66,True
893,100,2024-12-26,Delivered,France,Consumer,2023-08-21,629.0,90.0,2.0,Electronics,413.97,380.0,PayPal,Success,827.94,True
893,100,2024-12-26,Delivered,France,Consumer,2023-08-21,707.0,39.0,4.0,Home,233.66,380.0,PayPal,Success,934.64,True
893,100,2024-12-26,Delivered,France,Consumer,2023-08-21,4359.0,84.0,3.0,Clothing,416.17,380.0,PayPal,Success,1248.51,True
893,100,2024-12-26,Delivered,France,Consumer,2023-08-21,4685.0,96.0,1.0,Clothing,264.89,380.0,PayPal,Success,264.89,True
894,60,2024-09-04,Returned,France,Corporate,2023-10-30,,,,,,436.0,Bank Transfer,Success,,False
895,167,2024-02-23,Delivered,Italy,Consumer,2023-01-01,2569.0,85.0,3.0,Sports,64.57,1428.0,Bank Transfer,Success,193.70999999999998,True
895,167,2024-02-23,Delivered,Italy,Consumer,2023-01-01,3158.0,47.0,2.0,Electronics,31.08,1428.0,Bank Transfer,Success,62.16,True
896,202,2024-06-09,Cancelled,Italy,Consumer,2024-05-27,3428.0,53.0,2.0,Electronics,202.15,1754.0,Card,Success,404.3,False
896,202,2024-06-09,Cancelled,Italy,Consumer,2024-05-27,3917.0,80.0,3.0,Home,37.17,1754.0,Card,Success,111.51,False
897,345,2024-08-13,Cancelled,Spain,Small Business,2024-10-01,2729.0,2.0,4.0,Home,348.12,390.0,Bank Transfer,Success,1392.48,False
897,345,2024-08-13,Cancelled,Spain,Small Business,2024-10-01,4835.0,93.0,2.0,Electronics,112.08,390.0,Bank Transfer,Success,224.16,False
898,146,2024-01-15,Delivered,Spain,Consumer,2024-10-07,635.0,28.0,1.0,Electronics,223.31,1228.0,Card,Success,223.31,True
898,146,2024-01-15,Delivered,Spain,Consumer,2024-10-07,929.0,51.0,1.0,Electronics,292.47,1228.0,Card,Success,292.47,True
898,146,2024-01-15,Delivered,Spain,Consumer,2024-10-07,960.0,83.0,1.0,Sports,119.13,1228.0,Card,Success,119.13,True
898,146,2024-01-15,Delivered,Spain,Consumer,2024-10-07,3595.0,13.0,1.0,Sports,100.34,1228.0,Card,Success,100.34,True
899,403,2024-08-11,Delivered,Spain,Corporate,2023-03-28,1395.0,92.0,3.0,Home,316.74,1039.0,Card,Success,950.22,True
899,403,2024-08-11,Delivered,Spain,Corporate,2023-03-28,2288.0,99.0,1.0,Clothing,248.14,1039.0,Card,Success,248.14,True
899,403,2024-08-11,Delivered,Spain,Corporate,2023-03-28,2783.0,2.0,4.0,Home,348.12,1039.0,Card,Success,1392.48,True
899,403,2024-08-11,Delivered,Spain,Corporate,2023-03-28,4063.0,81.0,1.0,Electronics,203.78,1039.0,Card,Success,203.78,True
900,164,2024-03-01,Delivered,Italy,Consumer,2023-04-23,801.0,8.0,3.0,Electronics,280.12,1220.0,Bank Transfer,Success,840.36,True
900,164,2024-03-01,Delivered,Italy,Consumer,2023-04-23,948.0,65.0,4.0,Home,455.62,1220.0,Bank Transfer,Success,1822.48,True
900,164,2024-03-01,Delivered,Italy,Consumer,2023-04-23,2924.0,8.0,3.0,Electronics,280.12,1220.0,Bank Transfer,Success,840.36,True
901,458,2024-05-01,Returned,Italy,Corporate,2023-12-30,2477.0,91.0,1.0,Electronics,401.38,383.0,Bank Transfer,Success,401.38,False
902,481,2024-10-03,Delivered,Italy,Corporate,2023-04-19,394.0,62.0,4.0,Electronics,359.2,1073.0,Bank Transfer,Success,1436.8,True
902,481,2024-10-03,Delivered,Italy,Corporate,2023-04-19,1046.0,7.0,4.0,Electronics,499.68,1073.0,Bank Transfer,Success,1998.72,True
902,481,2024-10-03,Delivered,Italy,Corporate,2023-04-19,1338.0,26.0,2.0,Electronics,443.07,1073.0,Bank Transfer,Success,886.14,True
902,481,2024-10-03,Delivered,Italy,Corporate,2023-04-19,3269.0,62.0,4.0,Electronics,359.2,1073.0,Bank Transfer,Success,1436.8,True
903,439,2024-02-15,Delivered,Spain,Consumer,2024-09-15,,,,,,642.0,Card,Success,,True
904,242,2024-10-20,Delivered,Spain,Small Business,2023-06-28,4374.0,59.0,4.0,Home,236.32,917.0,Bank Transfer,Success,945.28,True
904,242,2024-10-20,Delivered,Spain,Small Business,2023-06-28,4975.0,7.0,2.0,Electronics,499.68,917.0,Bank Transfer,Success,999.36,True
905,69,2024-03-02,Delivered,Italy,Small Business,2023-12-31,219.0,32.0,4.0,Sports,271.51,73.0,PayPal,Success,1086.04,True
905,69,2024-03-02,Delivered,Italy,Small Business,2023-12-31,486.0,85.0,4.0,Sports,64.57,73.0,PayPal,Success,258.28,True
905,69,2024-03-02,Delivered,Italy,Small Business,2023-12-31,4978.0,89.0,3.0,Home,478.85,73.0,PayPal,Success,1436.5500000000002,True
906,175,2024-03-26,Delivered,Italy,Small Business,2024-11-03,2756.0,56.0,1.0,Clothing,263.65,592.0,Bank Transfer,Success,263.65,True
906,175,2024-03-26,Delivered,Italy,Small Business,2024-11-03,4291.0,4.0,2.0,Sports,336.61,592.0,Bank Transfer,Success,673.22,True
907,49,2024-07-28,Delivered,Germany,Corporate,2023-12-16,317.0,5.0,2.0,Home,26.86,1048.0,Card,Success,53.72,True
907,49,2024-07-28,Delivered,Germany,Corporate,2023-12-16,1822.0,2.0,2.0,Home,348.12,1048.0,Card,Success,696.24,True
907,49,2024-07-28,Delivered,Germany,Corporate,2023-12-16,1869.0,19.0,1.0,Clothing,230.3,1048.0,Card,Success,230.3,True
908,483,2024-03-18,Cancelled,France,Small Business,2023-03-16,,,,,,1184.0,PayPal,Success,,False
909,108,2024-07-20,Cancelled,Italy,Consumer,2024-09-14,2173.0,65.0,4.0,Home,455.62,1105.0,Card,Success,1822.48,False
909,108,2024-07-20,Cancelled,Italy,Consumer,2024-09-14,2874.0,93.0,4.0,Electronics,112.08,1105.0,Card,Success,448.32,False
909,108,2024-07-20,Cancelled,Italy,Consumer,2024-09-14,3328.0,14.0,2.0,Electronics,62.06,1105.0,Card,Success,124.12,False
910,226,2024-10-28,Cancelled,Germany,Corporate,2024-09-28,150.0,4.0,4.0,Sports,336.61,410.0,PayPal,Success,1346.44,False
910,226,2024-10-28,Cancelled,Germany,Corporate,2024-09-28,2841.0,54.0,2.0,Home,50.39,410.0,PayPal,Success,100.78,False
911,161,2024-08-10,Delivered,Spain,Small Business,2023-04-28,331.0,79.0,1.0,Electronics,372.96,174.0,PayPal,Success,372.96,True
911,161,2024-08-10,Delivered,Spain,Small Business,2023-04-28,1823.0,87.0,4.0,Home,195.12,174.0,PayPal,Success,780.48,True
911,161,2024-08-10,Delivered,Spain,Small Business,2023-04-28,2321.0,8.0,2.0,Electronics,280.12,174.0,PayPal,Success,560.24,True
911,161,2024-08-10,Delivered,Spain,Small Business,2023-04-28,4128.0,56.0,1.0,Clothing,263.65,174.0,PayPal,Success,263.65,True
912,119,2024-08-09,Delivered,Italy,Small Business,2023-11-11,475.0,1.0,3.0,Electronics,325.1,1904.0,Bank Transfer,Success,975.3000000000001,True
912,119,2024-08-09,Delivered,Italy,Small Business,2023-11-11,3213.0,85.0,4.0,Sports,64.57,1904.0,Bank Transfer,Success,258.28,True
912,119,2024-08-09,Delivered,Italy,Small Business,2023-11-11,4279.0,14.0,4.0,Electronics,62.06,1904.0,Bank Transfer,Success,248.24,True
913,149,2024-01-03,Delivered,France,Corporate,2024-05-18,564.0,66.0,1.0,Clothing,27.32,822.0,Card,Success,27.32,True
913,149,2024-01-03,Delivered,France,Corporate,2024-05-18,564.0,66.0,1.0,Clothing,27.32,1340.0,Card,Success,27.32,True
913,149,2024-01-03,Delivered,France,Corporate,2024-05-18,984.0,10.0,4.0,Sports,159.86,822.0,Card,Success,639.44,True
913,149,2024-01-03,Delivered,France,Corporate,2024-05-18,984.0,10.0,4.0,Sports,159.86,1340.0,Card,Success,639.44,True
913,149,2024-01-03,Delivered,France,Corporate,2024-05-18,1053.0,59.0,2.0,Home,236.32,822.0,Card,Success,472.64,True
913,149,2024-01-03,Delivered,France,Corporate,2024-05-18,1053.0,59.0,2.0,Home,236.32,1340.0,Card,Success,472.64,True
913,149,2024-01-03,Delivered,France,Corporate,2024-05-18,1469.0,88.0,4.0,Sports,23.18,822.0,Card,Success,92.72,True
913,149,2024-01-03,Delivered,France,Corporate,2024-05-18,1469.0,88.0,4.0,Sports,23.18,1340.0,Card,Success,92.72,True
913,149,2024-01-03,Delivered,France,Corporate,2024-05-18,2402.0,73.0,1.0,Home,296.33,822.0,Card,Success,296.33,True
913,149,2024-01-03,Delivered,France,Corporate,2024-05-18,2402.0,73.0,1.0,Home,296.33,1340.0,Card,Success,296.33,True
913,149,2024-01-03,Delivered,France,Corporate,2024-05-18,2872.0,74.0,3.0,Home,491.25,822.0,Card,Success,1473.75,True
913,149,2024-01-03,Delivered,France,Corporate,2024-05-18,2872.0,74.0,3.0,Home,491.25,1340.0,Card,Success,1473.75,True
913,149,2024-01-03,Delivered,France,Corporate,2024-05-18,2992.0,59.0,3.0,Home,236.32,822.0,Card,Success,708.96,True
913,149,2024-01-03,Delivered,France,Corporate,2024-05-18,2992.0,59.0,3.0,Home,236.32,1340.0,Card,Success,708.96,True
913,149,2024-01-03,Delivered,France,Corporate,2024-05-18,3164.0,29.0,3.0,Clothing,205.22,822.0,Card,Success,615.66,True
913,149,2024-01-03,Delivered,France,Corporate,2024-05-18,3164.0,29.0,3.0,Clothing,205.22,1340.0,Card,Success,615.66,True
913,149,2024-01-03,Delivered,France,Corporate,2024-05-18,3755.0,43.0,3.0,Electronics,195.06,822.0,Card,Success,585.1800000000001,True
913,149,2024-01-03,Delivered,France,Corporate,2024-05-18,3755.0,43.0,3.0,Electronics,195.06,1340.0,Card,Success,585.1800000000001,True
913,149,2024-01-03,Delivered,France,Corporate,2024-05-18,3935.0,84.0,3.0,Clothing,416.17,822.0,Card,Success,1248.51,True
913,149,2024-01-03,Delivered,France,Corporate,2024-05-18,3935.0,84.0,3.0,Clothing,416.17,1340.0,Card,Success,1248.51,True
913,149,2024-01-03,Delivered,France,Corporate,2024-05-18,4560.0,29.0,3.0,Clothing,205.22,822.0,Card,Success,615.66,True
913,149,2024-01-03,Delivered,France,Corporate,2024-05-18,4560.0,29.0,3.0,Clothing,205.22,1340.0,Card,Success,615.66,True
914,465,2024-01-06,Delivered,Italy,Small Business,2023-04-25,,,,,,121.0,Card,Success,,True
915,150,2024-04-02,Delivered,Italy,Corporate,2024-07-27,3725.0,89.0,4.0,Home,478.85,162.0,Card,Success,1915.4,True
915,150,2024-04-02,Delivered,Italy,Corporate,2024-07-27,4361.0,21.0,3.0,Home,324.05,162.0,Card,Success,972.1500000000001,True
915,150,2024-04-02,Delivered,Italy,Corporate,2024-07-27,4589.0,19.0,2.0,Clothing,230.3,162.0,Card,Success,460.6,True
916,432,2024-01-08,Delivered,Germany,Corporate,2024-04-13,1035.0,91.0,1.0,Electronics,401.38,1225.0,Card,Failed,401.38,False
916,432,2024-01-08,Delivered,Germany,Corporate,2024-04-13,1650.0,95.0,3.0,Sports,300.65,1225.0,Card,Failed,901.9499999999999,False
916,432,2024-01-08,Delivered,Germany,Corporate,2024-04-13,1678.0,33.0,3.0,Home,332.52,1225.0,Card,Failed,997.56,False
916,432,2024-01-08,Delivered,Germany,Corporate,2024-04-13,2936.0,90.0,4.0,Electronics,413.97,1225.0,Card,Failed,1655.88,False
916,432,2024-01-08,Delivered,Germany,Corporate,2024-04-13,4031.0,40.0,3.0,Electronics,495.22,1225.0,Card,Failed,1485.66,False
917,293,2024-08-22,Delivered,France,Small Business,2023-12-29,615.0,71.0,1.0,Electronics,400.0,397.0,Card,Success,400.0,True
917,293,2024-08-22,Delivered,France,Small Business,2023-12-29,615.0,71.0,1.0,Electronics,400.0,973.0,Bank Transfer,Success,400.0,True
917,293,2024-08-22,Delivered,France,Small Business,2023-12-29,1863.0,14.0,1.0,Electronics,62.06,397.0,Card,Success,62.06,True
917,293,2024-08-22,Delivered,France,Small Business,2023-12-29,1863.0,14.0,1.0,Electronics,62.06,973.0,Bank Transfer,Success,62.06,True
917,293,2024-08-22,Delivered,France,Small Business,2023-12-29,2417.0,82.0,2.0,Home,419.72,397.0,Card,Success,839.44,True
917,293,2024-08-22,Delivered,France,Small Business,2023-12-29,2417.0,82.0,2.0,Home,419.72,973.0,Bank Transfer,Success,839.44,True
917,293,2024-08-22,Delivered,France,Small Business,2023-12-29,3555.0,81.0,3.0,Electronics,203.78,397.0,Card,Success,611.34,True
917,293,2024-08-22,Delivered,France,Small Business,2023-12-29,3555.0,81.0,3.0,Electronics,203.78,973.0,Bank Transfer,Success,611.34,True
917,293,2024-08-22,Delivered,France,Small Business,2023-12-29,3720.0,73.0,2.0,Home,296.33,397.0,Card,Success,592.66,True
917,293,2024-08-22,Delivered,France,Small Business,2023-12-29,3720.0,73.0,2.0,Home,296.33,973.0,Bank Transfer,Success,592.66,True
917,293,2024-08-22,Delivered,France,Small Business,2023-12-29,4608.0,17.0,4.0,Sports,373.81,397.0,Card,Success,1495.24,True
917,293,2024-08-22,Delivered,France,Small Business,2023-12-29,4608.0,17.0,4.0,Sports,373.81,973.0,Bank Transfer,Success,1495.24,True
918,143,2024-04-17,Returned,Italy,Corporate,2024-04-12,638.0,9.0,1.0,Home,239.24,1843.0,Bank Transfer,Success,239.24,False
919,419,2024-06-09,Delivered,Italy,Corporate,2024-08-26,2240.0,91.0,4.0,Electronics,401.38,99.0,Card,Success,1605.52,True
920,476,2024-07-27,Delivered,Unknown,Corporate,2024-05-08,3179.0,41.0,3.0,Home,5.12,636.0,Card,Success,15.36,True
920,476,2024-07-27,Delivered,Unknown,Corporate,2024-05-08,3918.0,72.0,3.0,Sports,133.2,636.0,Card,Success,399.59999999999997,True
921,455,2024-08-27,Delivered,Unknown,Small Business,2023-02-22,,,,,,1389.0,Bank Transfer,Success,,True
922,160,2024-11-26,Delivered,Italy,Corporate,2024-02-14,1910.0,82.0,2.0,Home,419.72,220.0,Bank Transfer,Success,839.44,True
923,11,2024-11-28,Delivered,Spain,Corporate,2024-10-24,1127.0,85.0,3.0,Sports,64.57,1289.0,PayPal,Success,193.70999999999998,True
923,11,2024-11-28,Delivered,Spain,Corporate,2024-10-24,2502.0,36.0,1.0,Home,216.27,1289.0,PayPal,Success,216.27,True
923,11,2024-11-28,Delivered,Spain,Corporate,2024-10-24,3909.0,91.0,2.0,Electronics,401.38,1289.0,PayPal,Success,802.76,True
923,11,2024-11-28,Delivered,Spain,Corporate,2024-10-24,4407.0,40.0,1.0,Electronics,495.22,1289.0,PayPal,Success,495.22,True
924,138,2024-02-19,Returned,France,Consumer,2023-08-17,89.0,13.0,3.0,Sports,100.34,1638.0,PayPal,Success,301.02,False
924,138,2024-02-19,Returned,France,Consumer,2023-08-17,4267.0,75.0,2.0,Electronics,442.68,1638.0,PayPal,Success,885.36,False
925,457,2024-01-11,Cancelled,Germany,Consumer,2024-05-20,267.0,95.0,3.0,Sports,300.65,749.0,Card,Success,901.9499999999999,False
925,457,2024-01-11,Cancelled,Germany,Consumer,2024-05-20,1638.0,53.0,2.0,Electronics,202.15,749.0,Card,Success,404.3,False
925,457,2024-01-11,Cancelled,Germany,Consumer,2024-05-20,4704.0,68.0,4.0,Clothing,198.86,749.0,Card,Success,795.44,False
926,78,2024-12-16,Returned,Italy,Small Business,2024-05-22,3318.0,15.0,2.0,Home,213.77,1596.0,PayPal,Failed,427.54,False
926,78,2024-12-16,Returned,Italy,Small Business,2024-05-22,3546.0,40.0,2.0,Electronics,495.22,1596.0,PayPal,Failed,990.44,False
927,77,2024-06-04,Returned,Italy,Corporate,2023-12-29,2548.0,21.0,3.0,Home,324.05,1705.0,Card,Success,972.1500000000001,False
927,77,2024-06-04,Returned,Italy,Corporate,2023-12-29,4555.0,48.0,2.0,Electronics,48.83,1705.0,Card,Success,97.66,False
928,441,2024-03-10,Delivered,France,Consumer,2024-07-01,,,,,,488.0,Bank Transfer,Success,,True
929,254,2024-06-17,Delivered,France,Consumer,2024-07-03,606.0,19.0,1.0,Clothing,230.3,1324.0,Bank Transfer,Success,230.3,True
929,254,2024-06-17,Delivered,France,Consumer,2024-07-03,1194.0,94.0,2.0,Clothing,261.54,1324.0,Bank Transfer,Success,523.08,True
929,254,2024-06-17,Delivered,France,Consumer,2024-07-03,2438.0,45.0,1.0,Clothing,39.66,1324.0,Bank Transfer,Success,39.66,True
930,409,2024-09-28,Delivered,Italy,Consumer,2023-01-08,605.0,67.0,4.0,Clothing,59.19,455.0,Card,Success,236.76,True
930,409,2024-09-28,Delivered,Italy,Consumer,2023-01-08,3246.0,1.0,1.0,Electronics,325.1,455.0,Card,Success,325.1,True
931,258,2024-03-08,Delivered,Germany,Corporate,2023-10-16,4775.0,99.0,3.0,Clothing,248.14,1871.0,PayPal,Failed,744.42,False
932,320,2024-12-20,Delivered,Germany,Small Business,2024-02-24,1888.0,8.0,2.0,Electronics,280.12,1700.0,Card,Success,560.24,True
932,320,2024-12-20,Delivered,Germany,Small Business,2024-02-24,3598.0,76.0,1.0,Electronics,302.4,1700.0,Card,Success,302.4,True
933,291,2024-09-08,Delivered,France,Corporate,2023-12-12,3638.0,40.0,4.0,Electronics,495.22,1055.0,Bank Transfer,Success,1980.88,True
933,291,2024-09-08,Delivered,France,Corporate,2023-12-12,3999.0,76.0,1.0,Electronics,302.4,1055.0,Bank Transfer,Success,302.4,True
934,263,2024-02-17,Delivered,France,Small Business,2024-05-31,3044.0,37.0,1.0,Electronics,438.95,374.0,Card,Success,438.95,True
934,263,2024-02-17,Delivered,France,Small Business,2024-05-31,4998.0,13.0,2.0,Sports,100.34,374.0,Card,Success,200.68,True
935,85,2024-07-02,Delivered,Spain,Small Business,2023-01-28,2937.0,58.0,3.0,Home,6.66,998.0,PayPal,Failed,19.98,False
935,85,2024-07-02,Delivered,Spain,Small Business,2023-01-28,3163.0,36.0,2.0,Home,216.27,998.0,PayPal,Failed,432.54,False
936,146,2024-11-15,Delivered,Spain,Consumer,2024-10-07,4411.0,92.0,4.0,Home,316.74,1721.0,Bank Transfer,Failed,1266.96,False
937,323,2024-07-05,Delivered,Italy,Consumer,2024-07-20,1510.0,52.0,3.0,Electronics,139.49,1035.0,Card,Success,418.47,True
937,323,2024-07-05,Delivered,Italy,Consumer,2024-07-20,3635.0,100.0,4.0,Electronics,498.19,1035.0,Card,Success,1992.76,True
938,42,2024-03-30,Delivered,Spain,Consumer,2023-03-14,,,,,,1419.0,PayPal,Success,,True
939,374,2024-11-27,Delivered,Italy,Consumer,2024-03-10,2069.0,73.0,2.0,Home,296.33,1738.0,Card,Success,592.66,True
939,374,2024-11-27,Delivered,Italy,Consumer,2024-03-10,3614.0,21.0,3.0,Home,324.05,1738.0,Card,Success,972.1500000000001,True
940,125,2024-05-18,Delivered,France,Consumer,2024-08-04,48.0,65.0,2.0,Home,455.62,924.0,Bank Transfer,Success,911.24,True
941,167,2024-12-22,Delivered,Italy,Consumer,2023-01-01,1424.0,47.0,4.0,Electronics,31.08,1592.0,PayPal,Success,124.32,True
941,167,2024-12-22,Delivered,Italy,Consumer,2023-01-01,3292.0,90.0,4.0,Electronics,413.97,1592.0,PayPal,Success,1655.88,True
942,425,2024-03-29,Delivered,Italy,Small Business,2023-10-15,46.0,7.0,3.0,Electronics,499.68,68.0,PayPal,Success,1499.04,True
942,425,2024-03-29,Delivered,Italy,Small Business,2023-10-15,1583.0,36.0,1.0,Home,216.27,68.0,PayPal,Success,216.27,True
942,425,2024-03-29,Delivered,Italy,Small Business,2023-10-15,3152.0,58.0,3.0,Home,6.66,68.0,PayPal,Success,19.98,True
942,425,2024-03-29,Delivered,Italy,Small Business,2023-10-15,4017.0,38.0,1.0,Clothing,211.67,68.0,PayPal,Success,211.67,True
943,241,2024-09-30,Delivered,Germany,Corporate,2024-01-26,2736.0,22.0,4.0,Home,326.83,1351.0,Bank Transfer,Failed,1307.32,False
943,241,2024-09-30,Delivered,Germany,Corporate,2024-01-26,3786.0,20.0,3.0,Clothing,263.61,1351.0,Bank Transfer,Failed,790.83,False
944,459,2024-01-19,Delivered,Spain,Consumer,2023-10-07,2591.0,69.0,1.0,Sports,66.6,605.0,PayPal,Failed,66.6,False
945,487,2024-11-06,Delivered,Spain,Corporate,2023-12-22,1868.0,34.0,4.0,Home,370.24,24.0,Card,Success,1480.96,True
945,487,2024-11-06,Delivered,Spain,Corporate,2023-12-22,2501.0,4.0,2.0,Sports,336.61,24.0,Card,Success,673.22,True
945,487,2024-11-06,Delivered,Spain,Corporate,2023-12-22,3892.0,23.0,1.0,Sports,185.53,24.0,Card,Success,185.53,True
946,280,2024-12-23,Delivered,Germany,Corporate,2023-04-05,726.0,89.0,2.0,Home,478.85,1187.0,PayPal,Success,957.7,True
946,280,2024-12-23,Delivered,Germany,Corporate,2023-04-05,3415.0,31.0,3.0,Home,402.97,1187.0,PayPal,Success,1208.91,True
947,188,2024-06-02,Delivered,Spain,Corporate,2023-11-25,2362.0,62.0,1.0,Electronics,359.2,855.0,Bank Transfer,Success,359.2,True
948,302,2024-09-16,Delivered,France,Small Business,2024-04-04,2165.0,47.0,1.0,Electronics,31.08,1252.0,PayPal,Success,31.08,True
948,302,2024-09-16,Delivered,France,Small Business,2024-04-04,3286.0,59.0,4.0,Home,236.32,1252.0,PayPal,Success,945.28,True
948,302,2024-09-16,Delivered,France,Small Business,2024-04-04,4070.0,43.0,3.0,Electronics,195.06,1252.0,PayPal,Success,585.1800000000001,True
949,19,2024-04-17,Delivered,Italy,Corporate,2023-07-14,1570.0,45.0,2.0,Clothing,39.66,925.0,Card,Success,79.32,True
949,19,2024-04-17,Delivered,Italy,Corporate,2023-07-14,1799.0,77.0,4.0,Electronics,452.34,925.0,Card,Success,1809.36,True
949,19,2024-04-17,Delivered,Italy,Corporate,2023-07-14,3946.0,36.0,1.0,Home,216.27,925.0,Card,Success,216.27,True
950,68,2024-10-11,Delivered,France,Corporate,2024-01-21,1243.0,3.0,4.0,Electronics,30.54,1486.0,Card,Success,122.16,True
950,68,2024-10-11,Delivered,France,Corporate,2024-01-21,1825.0,63.0,2.0,Sports,296.61,1486.0,Card,Success,593.22,True
950,68,2024-10-11,Delivered,France,Corporate,2024-01-21,2357.0,85.0,2.0,Sports,64.57,1486.0,Card,Success,129.14,True
950,68,2024-10-11,Delivered,France,Corporate,2024-01-21,2367.0,45.0,2.0,Clothing,39.66,1486.0,Card,Success,79.32,True
950,68,2024-10-11,Delivered,France,Corporate,2024-01-21,2540.0,46.0,1.0,Electronics,9.7,1486.0,Card,Success,9.7,True
951,218,2024-02-28,Delivered,France,Consumer,2023-02-11,4458.0,9.0,3.0,Home,239.24,1872.0,PayPal,Success,717.72,True
951,218,2024-02-28,Delivered,France,Consumer,2023-02-11,4520.0,96.0,3.0,Clothing,264.89,1872.0,PayPal,Success,794.67,True
952,102,2024-05-04,Delivered,Germany,Corporate,2023-05-26,2331.0,90.0,2.0,Electronics,413.97,26.0,Bank Transfer,Success,827.94,True
952,102,2024-05-04,Delivered,Germany,Corporate,2023-05-26,2452.0,18.0,2.0,Home,32.17,26.0,Bank Transfer,Success,64.34,True
952,102,2024-05-04,Delivered,Germany,Corporate,2023-05-26,4941.0,87.0,3.0,Home,195.12,26.0,Bank Transfer,Success,585.36,True
953,42,2024-12-19,Delivered,Spain,Consumer,2023-03-14,708.0,1.0,3.0,Electronics,325.1,1758.0,Card,Success,975.3000000000001,True
953,42,2024-12-19,Delivered,Spain,Consumer,2023-03-14,1841.0,3.0,1.0,Electronics,30.54,1758.0,Card,Success,30.54,True
953,42,2024-12-19,Delivered,Spain,Consumer,2023-03-14,4980.0,3.0,2.0,Electronics,30.54,1758.0,Card,Success,61.08,True
954,288,2024-09-29,Delivered,France,Small Business,2024-07-03,3042.0,61.0,4.0,Clothing,427.15,1189.0,Bank Transfer,Success,1708.6,True
954,288,2024-09-29,Delivered,France,Small Business,2024-07-03,4160.0,29.0,1.0,Clothing,205.22,1189.0,Bank Transfer,Success,205.22,True
954,288,2024-09-29,Delivered,France,Small Business,2024-07-03,4833.0,60.0,4.0,Home,152.02,1189.0,Bank Transfer,Success,608.08,True
955,167,2024-04-16,Delivered,Italy,Consumer,2023-01-01,2400.0,98.0,2.0,Electronics,260.05,1998.0,Bank Transfer,Success,520.1,True
955,167,2024-04-16,Delivered,Italy,Consumer,2023-01-01,4138.0,23.0,1.0,Sports,185.53,1998.0,Bank Transfer,Success,185.53,True
956,109,2024-10-25,Delivered,Germany,Consumer,2024-01-04,3331.0,25.0,3.0,Clothing,243.13,233.0,Card,Success,729.39,True
957,494,2024-09-01,Delivered,Germany,Corporate,2024-08-10,732.0,52.0,1.0,Electronics,139.49,384.0,Bank Transfer,Failed,139.49,False
958,36,2024-12-01,Delivered,France,Corporate,2023-08-21,30.0,37.0,3.0,Electronics,438.95,1098.0,Bank Transfer,Success,1316.85,True
959,232,2024-09-03,Delivered,Italy,Consumer,2023-05-25,1150.0,45.0,2.0,Clothing,39.66,1714.0,PayPal,Success,79.32,True
959,232,2024-09-03,Delivered,Italy,Consumer,2023-05-25,3719.0,38.0,2.0,Clothing,211.67,1714.0,PayPal,Success,423.34,True
959,232,2024-09-03,Delivered,Italy,Consumer,2023-05-25,4260.0,7.0,1.0,Electronics,499.68,1714.0,PayPal,Success,499.68,True
959,232,2024-09-03,Delivered,Italy,Consumer,2023-05-25,4508.0,76.0,4.0,Electronics,302.4,1714.0,PayPal,Success,1209.6,True
959,232,2024-09-03,Delivered,Italy,Consumer,2023-05-25,4922.0,85.0,4.0,Sports,64.57,1714.0,PayPal,Success,258.28,True
960,229,2024-01-08,Delivered,France,Consumer,2024-07-28,1974.0,6.0,3.0,Clothing,296.19,506.0,PayPal,Success,888.5699999999999,True
961,353,2024-05-20,Delivered,France,Corporate,2023-06-26,851.0,31.0,2.0,Home,402.97,745.0,Bank Transfer,Success,805.94,True
961,353,2024-05-20,Delivered,France,Corporate,2023-06-26,2607.0,77.0,2.0,Electronics,452.34,745.0,Bank Transfer,Success,904.68,True
962,164,2024-12-27,Delivered,Italy,Consumer,2023-04-23,2804.0,75.0,3.0,Electronics,442.68,1241.0,Card,Failed,1328.04,False
962,164,2024-12-27,Delivered,Italy,Consumer,2023-04-23,4878.0,94.0,2.0,Clothing,261.54,1241.0,Card,Failed,523.08,False
963,387,2024-01-08,Delivered,Spain,Corporate,2024-08-12,2710.0,21.0,2.0,Home,324.05,373.0,Bank Transfer,Success,648.1,True
963,387,2024-01-08,Delivered,Spain,Corporate,2024-08-12,3483.0,46.0,1.0,Electronics,9.7,373.0,Bank Transfer,Success,9.7,True
963,387,2024-01-08,Delivered,Spain,Corporate,2024-08-12,4293.0,1.0,2.0,Electronics,325.1,373.0,Bank Transfer,Success,650.2,True
963,387,2024-01-08,Delivered,Spain,Corporate,2024-08-12,4659.0,52.0,1.0,Electronics,139.49,373.0,Bank Transfer,Success,139.49,True
964,73,2024-12-17,Delivered,France,Consumer,2023-11-08,413.0,66.0,4.0,Clothing,27.32,1522.0,Card,Success,109.28,True
965,136,2024-04-03,Returned,France,Consumer,2024-06-26,510.0,97.0,1.0,Sports,133.82,1277.0,Card,Success,133.82,False
965,136,2024-04-03,Returned,France,Consumer,2024-06-26,4294.0,34.0,2.0,Home,370.24,1277.0,Card,Success,740.48,False
966,353,2024-11-16,Delivered,France,Corporate,2023-06-26,1051.0,25.0,4.0,Clothing,243.13,1833.0,PayPal,Success,972.52,True
966,353,2024-11-16,Delivered,France,Corporate,2023-06-26,1471.0,6.0,2.0,Clothing,296.19,1833.0,PayPal,Success,592.38,True
966,353,2024-11-16,Delivered,France,Corporate,2023-06-26,3030.0,42.0,2.0,Clothing,96.81,1833.0,PayPal,Success,193.62,True
966,353,2024-11-16,Delivered,France,Corporate,2023-06-26,3176.0,33.0,1.0,Home,332.52,1833.0,PayPal,Success,332.52,True
967,379,2024-02-08,Delivered,Germany,Small Business,2023-11-01,376.0,32.0,2.0,Sports,271.51,1896.0,PayPal,Success,543.02,True
967,379,2024-02-08,Delivered,Germany,Small Business,2023-11-01,2002.0,48.0,4.0,Electronics,48.83,1896.0,PayPal,Success,195.32,True
967,379,2024-02-08,Delivered,Germany,Small Business,2023-11-01,2350.0,4.0,2.0,Sports,336.61,1896.0,PayPal,Success,673.22,True
967,379,2024-02-08,Delivered,Germany,Small Business,2023-11-01,2531.0,59.0,1.0,Home,236.32,1896.0,PayPal,Success,236.32,True
967,379,2024-02-08,Delivered,Germany,Small Business,2023-11-01,3625.0,11.0,3.0,Home,64.66,1896.0,PayPal,Success,193.98,True
968,70,2024-03-21,Delivered,Germany,Consumer,2024-10-27,1764.0,46.0,1.0,Electronics,9.7,718.0,Card,Failed,9.7,False
968,70,2024-03-21,Delivered,Germany,Consumer,2024-10-27,1854.0,66.0,4.0,Clothing,27.32,718.0,Card,Failed,109.28,False
969,425,2024-07-05,Delivered,Italy,Small Business,2023-10-15,1209.0,54.0,1.0,Home,50.39,1929.0,PayPal,Success,50.39,True
969,425,2024-07-05,Delivered,Italy,Small Business,2023-10-15,1660.0,61.0,4.0,Clothing,427.15,1929.0,PayPal,Success,1708.6,True
970,487,2024-03-24,Delivered,Spain,Corporate,2023-12-22,1060.0,4.0,1.0,Sports,336.61,1847.0,Card,Success,336.61,True
970,487,2024-03-24,Delivered,Spain,Corporate,2023-12-22,1142.0,94.0,2.0,Clothing,261.54,1847.0,Card,Success,523.08,True
970,487,2024-03-24,Delivered,Spain,Corporate,2023-12-22,4734.0,67.0,4.0,Clothing,59.19,1847.0,Card,Success,236.76,True
971,196,2024-03-28,Delivered,Germany,Corporate,2023-11-30,2582.0,18.0,1.0,Home,32.17,673.0,Card,Success,32.17,True
972,269,2024-08-29,Delivered,Spain,Consumer,2024-11-26,1443.0,31.0,3.0,Home,402.97,1481.0,PayPal,Success,1208.91,True
972,269,2024-08-29,Delivered,Spain,Consumer,2024-11-26,2436.0,91.0,2.0,Electronics,401.38,1481.0,PayPal,Success,802.76,True
973,49,2024-12-07,Cancelled,Germany,Corporate,2023-12-16,1845.0,83.0,1.0,Sports,119.13,566.0,Bank Transfer,Success,119.13,False
973,49,2024-12-07,Cancelled,Germany,Corporate,2023-12-16,2228.0,42.0,1.0,Clothing,96.81,566.0,Bank Transfer,Success,96.81,False
974,316,2024-04-02,Delivered,Italy,Small Business,2024-09-04,179.0,48.0,2.0,Electronics,48.83,1841.0,Bank Transfer,Success,97.66,True
974,316,2024-04-02,Delivered,Italy,Small Business,2024-09-04,368.0,12.0,1.0,Sports,366.86,1841.0,Bank Transfer,Success,366.86,True
974,316,2024-04-02,Delivered,Italy,Small Business,2024-09-04,2846.0,86.0,3.0,Sports,28.24,1841.0,Bank Transfer,Success,84.72,True
974,316,2024-04-02,Delivered,Italy,Small Business,2024-09-04,3540.0,75.0,2.0,Electronics,442.68,1841.0,Bank Transfer,Success,885.36,True
975,130,2024-03-26,Delivered,Unknown,Corporate,2024-03-21,986.0,97.0,3.0,Sports,133.82,521.0,PayPal,Success,401.46,True
975,130,2024-03-26,Delivered,Unknown,Corporate,2024-03-21,2791.0,23.0,3.0,Sports,185.53,521.0,PayPal,Success,556.59,True
975,130,2024-03-26,Delivered,Unknown,Corporate,2024-03-21,3264.0,84.0,4.0,Clothing,416.17,521.0,PayPal,Success,1664.68,True
975,130,2024-03-26,Delivered,Unknown,Corporate,2024-03-21,3903.0,69.0,3.0,Sports,66.6,521.0,PayPal,Success,199.79999999999998,True
976,444,2024-02-13,Cancelled,Italy,Consumer,2023-03-23,1680.0,92.0,4.0,Home,316.74,1941.0,Card,Success,1266.96,False
976,444,2024-02-13,Cancelled,Italy,Consumer,2023-03-23,2401.0,75.0,4.0,Electronics,442.68,1941.0,Card,Success,1770.72,False
977,5,2024-05-16,Delivered,Spain,Consumer,2023-02-22,414.0,99.0,1.0,Clothing,248.14,1519.0,Bank Transfer,Success,248.14,True
977,5,2024-05-16,Delivered,Spain,Consumer,2023-02-22,661.0,79.0,2.0,Electronics,372.96,1519.0,Bank Transfer,Success,745.92,True
977,5,2024-05-16,Delivered,Spain,Consumer,2023-02-22,1838.0,65.0,4.0,Home,455.62,1519.0,Bank Transfer,Success,1822.48,True
978,428,2024-03-14,Cancelled,Italy,Consumer,2024-03-27,,,,,,611.0,PayPal,Success,,False
979,27,2024-02-05,Delivered,Germany,Consumer,2024-02-07,2156.0,5.0,2.0,Home,26.86,471.0,Bank Transfer,Success,53.72,True
979,27,2024-02-05,Delivered,Germany,Consumer,2024-02-07,2156.0,5.0,2.0,Home,26.86,492.0,Bank Transfer,Success,53.72,True
980,160,2024-04-10,Cancelled,Italy,Corporate,2024-02-14,1835.0,45.0,1.0,Clothing,39.66,1246.0,PayPal,Success,39.66,False
981,149,2024-06-04,Delivered,France,Corporate,2024-05-18,2103.0,87.0,1.0,Home,195.12,1235.0,PayPal,Success,195.12,True
982,264,2024-09-11,Delivered,France,Consumer,2024-09-26,13.0,55.0,1.0,Sports,171.5,876.0,Bank Transfer,Success,171.5,True
982,264,2024-09-11,Delivered,France,Consumer,2024-09-26,363.0,15.0,1.0,Home,213.77,876.0,Bank Transfer,Success,213.77,True
982,264,2024-09-11,Delivered,France,Consumer,2024-09-26,1901.0,86.0,4.0,Sports,28.24,876.0,Bank Transfer,Success,112.96,True
982,264,2024-09-11,Delivered,France,Consumer,2024-09-26,3737.0,10.0,4.0,Sports,159.86,876.0,Bank Transfer,Success,639.44,True
983,230,2024-06-19,Returned,France,Small Business,2023-05-23,770.0,57.0,4.0,Electronics,367.47,761.0,PayPal,Success,1469.88,False
983,230,2024-06-19,Returned,France,Small Business,2023-05-23,4656.0,77.0,4.0,Electronics,452.34,761.0,PayPal,Success,1809.36,False
983,230,2024-06-19,Returned,France,Small Business,2023-05-23,4892.0,30.0,1.0,Sports,288.35,761.0,PayPal,Success,288.35,False
984,200,2024-08-03,Delivered,Spain,Consumer,2024-08-10,1477.0,94.0,2.0,Clothing,261.54,1706.0,Bank Transfer,Failed,523.08,False
984,200,2024-08-03,Delivered,Spain,Consumer,2024-08-10,2643.0,4.0,1.0,Sports,336.61,1706.0,Bank Transfer,Failed,336.61,False
985,50,2024-06-18,Delivered,Germany,Corporate,2023-04-17,51.0,13.0,2.0,Sports,100.34,1755.0,Bank Transfer,Success,200.68,True
985,50,2024-06-18,Delivered,Germany,Corporate,2023-04-17,580.0,80.0,3.0,Home,37.17,1755.0,Bank Transfer,Success,111.51,True
985,50,2024-06-18,Delivered,Germany,Corporate,2023-04-17,4049.0,48.0,1.0,Electronics,48.83,1755.0,Bank Transfer,Success,48.83,True
985,50,2024-06-18,Delivered,Germany,Corporate,2023-04-17,4395.0,35.0,1.0,Sports,262.48,1755.0,Bank Transfer,Success,262.48,True
986,67,2024-09-08,Delivered,Italy,Small Business,2023-08-04,841.0,54.0,3.0,Home,50.39,1718.0,Bank Transfer,Success,151.17000000000002,True
986,67,2024-09-08,Delivered,Italy,Small Business,2023-08-04,1229.0,26.0,3.0,Electronics,443.07,1718.0,Bank Transfer,Success,1329.21,True
986,67,2024-09-08,Delivered,Italy,Small Business,2023-08-04,3322.0,48.0,3.0,Electronics,48.83,1718.0,Bank Transfer,Success,146.49,True
987,300,2024-12-25,Delivered,Italy,Consumer,2024-09-07,314.0,84.0,3.0,Clothing,416.17,477.0,Bank Transfer,Success,1248.51,True
987,300,2024-12-25,Delivered,Italy,Consumer,2024-09-07,3208.0,71.0,1.0,Electronics,400.0,477.0,Bank Transfer,Success,400.0,True
987,300,2024-12-25,Delivered,Italy,Consumer,2024-09-07,4259.0,85.0,3.0,Sports,64.57,477.0,Bank Transfer,Success,193.70999999999998,True
987,300,2024-12-25,Delivered,Italy,Consumer,2024-09-07,4437.0,13.0,2.0,Sports,100.34,477.0,Bank Transfer,Success,200.68,True
987,300,2024-12-25,Delivered,Italy,Consumer,2024-09-07,4441.0,5.0,4.0,Home,26.86,477.0,Bank Transfer,Success,107.44,True
988,381,2024-11-17,Delivered,Italy,Corporate,2024-04-21,149.0,68.0,2.0,Clothing,198.86,1634.0,Bank Transfer,Success,397.72,True
988,381,2024-11-17,Delivered,Italy,Corporate,2024-04-21,1882.0,58.0,4.0,Home,6.66,1634.0,Bank Transfer,Success,26.64,True
988,381,2024-11-17,Delivered,Italy,Corporate,2024-04-21,4323.0,68.0,4.0,Clothing,198.86,1634.0,Bank Transfer,Success,795.44,True
988,381,2024-11-17,Delivered,Italy,Corporate,2024-04-21,4375.0,31.0,4.0,Home,402.97,1634.0,Bank Transfer,Success,1611.88,True
988,381,2024-11-17,Delivered,Italy,Corporate,2024-04-21,4495.0,23.0,2.0,Sports,185.53,1634.0,Bank Transfer,Success,371.06,True
989,58,2024-02-24,Delivered,France,Corporate,2023-09-10,548.0,89.0,3.0,Home,478.85,993.0,Bank Transfer,Success,1436.5500000000002,True
989,58,2024-02-24,Delivered,France,Corporate,2023-09-10,820.0,95.0,2.0,Sports,300.65,993.0,Bank Transfer,Success,601.3,True
989,58,2024-02-24,Delivered,France,Corporate,2023-09-10,1761.0,23.0,4.0,Sports,185.53,993.0,Bank Transfer,Success,742.12,True
989,58,2024-02-24,Delivered,France,Corporate,2023-09-10,4881.0,75.0,3.0,Electronics,442.68,993.0,Bank Transfer,Success,1328.04,True
990,259,2024-03-31,Delivered,Italy,Small Business,2023-09-11,1705.0,88.0,2.0,Sports,23.18,1521.0,Card,Success,46.36,True
991,342,2024-10-04,Delivered,Italy,Small Business,2024-02-22,273.0,17.0,2.0,Sports,373.81,1818.0,Card,Failed,747.62,False
991,342,2024-10-04,Delivered,Italy,Small Business,2024-02-22,2026.0,29.0,1.0,Clothing,205.22,1818.0,Card,Failed,205.22,False
991,342,2024-10-04,Delivered,Italy,Small Business,2024-02-22,4206.0,89.0,3.0,Home,478.85,1818.0,Card,Failed,1436.5500000000002,False
991,342,2024-10-04,Delivered,Italy,Small Business,2024-02-22,4763.0,41.0,1.0,Home,5.12,1818.0,Card,Failed,5.12,False
992,326,2024-04-10,Delivered,Germany,Consumer,2024-03-06,593.0,90.0,3.0,Electronics,413.97,1761.0,Bank Transfer,Success,1241.91,True
992,326,2024-04-10,Delivered,Germany,Consumer,2024-03-06,4300.0,50.0,2.0,Electronics,242.49,1761.0,Bank Transfer,Success,484.98,True
993,130,2024-06-03,Delivered,Unknown,Corporate,2024-03-21,649.0,56.0,4.0,Clothing,263.65,1050.0,Card,Success,1054.6,True
993,130,2024-06-03,Delivered,Unknown,Corporate,2024-03-21,664.0,82.0,2.0,Home,419.72,1050.0,Card,Success,839.44,True
993,130,2024-06-03,Delivered,Unknown,Corporate,2024-03-21,1606.0,50.0,4.0,Electronics,242.49,1050.0,Card,Success,969.96,True
993,130,2024-06-03,Delivered,Unknown,Corporate,2024-03-21,2092.0,87.0,4.0,Home,195.12,1050.0,Card,Success,780.48,True
993,130,2024-06-03,Delivered,Unknown,Corporate,2024-03-21,3431.0,51.0,4.0,Electronics,292.47,1050.0,Card,Success,1169.88,True
993,130,2024-06-03,Delivered,Unknown,Corporate,2024-03-21,3440.0,10.0,1.0,Sports,159.86,1050.0,Card,Success,159.86,True
994,215,2024-12-14,Delivered,Spain,Consumer,2024-07-27,2669.0,84.0,4.0,Clothing,416.17,776.0,PayPal,Success,1664.68,True
994,215,2024-12-14,Delivered,Spain,Consumer,2024-07-27,3092.0,65.0,1.0,Home,455.62,776.0,PayPal,Success,455.62,True
994,215,2024-12-14,Delivered,Spain,Consumer,2024-07-27,3631.0,31.0,3.0,Home,402.97,776.0,PayPal,Success,1208.91,True
994,215,2024-12-14,Delivered,Spain,Consumer,2024-07-27,4916.0,36.0,1.0,Home,216.27,776.0,PayPal,Success,216.27,True
995,172,2024-12-29,Delivered,France,Small Business,2023-05-19,1104.0,69.0,4.0,Sports,66.6,437.0,Card,Success,266.4,True
996,258,2024-05-20,Delivered,Germany,Corporate,2023-10-16,511.0,19.0,2.0,Clothing,230.3,1334.0,Bank Transfer,Success,460.6,True
997,102,2024-06-21,Delivered,Germany,Corporate,2023-05-26,2619.0,67.0,3.0,Clothing,59.19,1962.0,Bank Transfer,Success,177.57,True
998,209,2024-01-10,Delivered,Germany,Small Business,2023-10-18,338.0,23.0,4.0,Sports,185.53,868.0,PayPal,Success,742.12,True
998,209,2024-01-10,Delivered,Germany,Small Business,2023-10-18,571.0,7.0,1.0,Electronics,499.68,868.0,PayPal,Success,499.68,True
998,209,2024-01-10,Delivered,Germany,Small Business,2023-10-18,2055.0,73.0,2.0,Home,296.33,868.0,PayPal,Success,592.66,True
998,209,2024-01-10,Delivered,Germany,Small Business,2023-10-18,3083.0,30.0,4.0,Sports,288.35,868.0,PayPal,Success,1153.4,True
999,291,2024-08-15,Delivered,France,Corporate,2023-12-12,730.0,74.0,2.0,Home,491.25,602.0,Card,Success,982.5,True
999,291,2024-08-15,Delivered,France,Corporate,2023-12-12,3590.0,65.0,4.0,Home,455.62,602.0,Card,Success,1822.48,True
999,291,2024-08-15,Delivered,France,Corporate,2023-12-12,4705.0,92.0,2.0,Home,316.74,602.0,Card,Success,633.48,True
1000,354,2024-09-21,Delivered,Italy,Corporate,2023-10-12,2787.0,41.0,2.0,Home,5.12,1298.0,PayPal,Success,10.24,True
1000,354,2024-09-21,Delivered,Italy,Corporate,2023-10-12,2890.0,49.0,4.0,Sports,23.61,1298.0,PayPal,Success,94.44,True
1000,354,2024-09-21,Delivered,Italy,Corporate,2023-10-12,3578.0,92.0,1.0,Home,316.74,1298.0,PayPal,Success,316.74,True
1001,471,2024-09-04,Cancelled,France,Corporate,2023-10-08,437.0,77.0,1.0,Electronics,452.34,887.0,PayPal,Success,452.34,False
1001,471,2024-09-04,Cancelled,France,Corporate,2023-10-08,3034.0,47.0,3.0,Electronics,31.08,887.0,PayPal,Success,93.24,False
1001,471,2024-09-04,Cancelled,France,Corporate,2023-10-08,3864.0,22.0,4.0,Home,326.83,887.0,PayPal,Success,1307.32,False
1001,471,2024-09-04,Cancelled,France,Corporate,2023-10-08,4701.0,16.0,3.0,Home,398.69,887.0,PayPal,Success,1196.07,False
1002,286,2024-09-03,Delivered,Spain,Consumer,2023-01-11,537.0,9.0,2.0,Home,239.24,815.0,Card,Success,478.48,True
1002,286,2024-09-03,Delivered,Spain,Consumer,2023-01-11,1276.0,27.0,4.0,Sports,267.48,815.0,Card,Success,1069.92,True
1003,116,2024-06-03,Delivered,Italy,Corporate,2023-10-09,2373.0,89.0,2.0,Home,478.85,438.0,PayPal,Success,957.7,True
1004,264,2024-02-03,Delivered,France,Consumer,2024-09-26,3317.0,34.0,2.0,Home,370.24,1243.0,Card,Failed,740.48,False
1005,150,2024-05-08,Delivered,Italy,Corporate,2024-07-27,759.0,51.0,3.0,Electronics,292.47,1535.0,Bank Transfer,Failed,877.4100000000001,False
1005,150,2024-05-08,Delivered,Italy,Corporate,2024-07-27,1126.0,50.0,4.0,Electronics,242.49,1535.0,Bank Transfer,Failed,969.96,False
1005,150,2024-05-08,Delivered,Italy,Corporate,2024-07-27,2226.0,56.0,4.0,Clothing,263.65,1535.0,Bank Transfer,Failed,1054.6,False
1005,150,2024-05-08,Delivered,Italy,Corporate,2024-07-27,4270.0,34.0,1.0,Home,370.24,1535.0,Bank Transfer,Failed,370.24,False
1006,300,2024-06-08,Returned,Italy,Consumer,2024-09-07,1582.0,31.0,4.0,Home,402.97,878.0,Card,Failed,1611.88,False
1006,300,2024-06-08,Returned,Italy,Consumer,2024-09-07,3843.0,76.0,2.0,Electronics,302.4,878.0,Card,Failed,604.8,False
1006,300,2024-06-08,Returned,Italy,Consumer,2024-09-07,4157.0,16.0,2.0,Home,398.69,878.0,Card,Failed,797.38,False
1007,442,2024-03-29,Delivered,Italy,Consumer,2023-10-12,1610.0,63.0,1.0,Sports,296.61,658.0,Bank Transfer,Success,296.61,True
1007,442,2024-03-29,Delivered,Italy,Consumer,2023-10-12,1610.0,63.0,1.0,Sports,296.61,1506.0,Bank Transfer,Success,296.61,True
1007,442,2024-03-29,Delivered,Italy,Consumer,2023-10-12,4178.0,37.0,4.0,Electronics,438.95,658.0,Bank Transfer,Success,1755.8,True
1007,442,2024-03-29,Delivered,Italy,Consumer,2023-10-12,4178.0,37.0,4.0,Electronics,438.95,1506.0,Bank Transfer,Success,1755.8,True
1008,36,2024-04-02,Delivered,France,Corporate,2023-08-21,,,,,,453.0,Bank Transfer,Success,,True
1009,453,2024-11-22,Cancelled,Germany,Corporate,2023-09-13,4341.0,86.0,2.0,Sports,28.24,1341.0,Card,Success,56.48,False
1010,333,2024-08-28,Delivered,Italy,Consumer,2024-10-27,209.0,91.0,3.0,Electronics,401.38,,,,1204.1399999999999,False
1011,477,2024-11-18,Delivered,France,Corporate,2023-01-04,,,,,,185.0,PayPal,Failed,,False
1012,287,2024-04-26,Delivered,France,Corporate,2023-09-11,482.0,34.0,2.0,Home,370.24,312.0,Card,Success,740.48,True
1012,287,2024-04-26,Delivered,France,Corporate,2023-09-11,3738.0,94.0,3.0,Clothing,261.54,312.0,Card,Success,784.6200000000001,True
1013,303,2024-04-03,Delivered,Spain,Small Business,2023-12-22,29.0,13.0,1.0,Sports,100.34,541.0,Card,Failed,100.34,False
1013,303,2024-04-03,Delivered,Spain,Small Business,2023-12-22,3703.0,18.0,1.0,Home,32.17,541.0,Card,Failed,32.17,False
1013,303,2024-04-03,Delivered,Spain,Small Business,2023-12-22,4924.0,24.0,4.0,Clothing,282.54,541.0,Card,Failed,1130.16,False
1014,311,2024-06-11,Returned,Italy,Consumer,2023-01-29,1133.0,61.0,2.0,Clothing,427.15,1767.0,PayPal,Success,854.3,False
1014,311,2024-06-11,Returned,Italy,Consumer,2023-01-29,1949.0,46.0,2.0,Electronics,9.7,1767.0,PayPal,Success,19.4,False
1014,311,2024-06-11,Returned,Italy,Consumer,2023-01-29,2746.0,25.0,1.0,Clothing,243.13,1767.0,PayPal,Success,243.13,False
1015,208,2024-04-08,Returned,Italy,Consumer,2023-09-27,2971.0,37.0,4.0,Electronics,438.95,1502.0,PayPal,Success,1755.8,False
1016,106,2024-04-22,Delivered,Germany,Corporate,2024-04-14,,,,,,414.0,Bank Transfer,Success,,True
1017,446,2024-12-24,Delivered,Spain,Corporate,2024-06-06,4053.0,89.0,4.0,Home,478.85,1863.0,Bank Transfer,Success,1915.4,True
1018,158,2024-03-31,Cancelled,Germany,Consumer,2024-10-06,1238.0,3.0,2.0,Electronics,30.54,1574.0,Card,Success,61.08,False
1018,158,2024-03-31,Cancelled,Germany,Consumer,2024-10-06,1242.0,14.0,1.0,Electronics,62.06,1574.0,Card,Success,62.06,False
1018,158,2024-03-31,Cancelled,Germany,Consumer,2024-10-06,2763.0,51.0,4.0,Electronics,292.47,1574.0,Card,Success,1169.88,False
1018,158,2024-03-31,Cancelled,Germany,Consumer,2024-10-06,3460.0,38.0,3.0,Clothing,211.67,1574.0,Card,Success,635.01,False
1019,121,2024-12-11,Delivered,Italy,Small Business,2023-10-16,1832.0,14.0,1.0,Electronics,62.06,1292.0,Card,Failed,62.06,False
1019,121,2024-12-11,Delivered,Italy,Small Business,2023-10-16,2646.0,76.0,3.0,Electronics,302.4,1292.0,Card,Failed,907.1999999999999,False
1019,121,2024-12-11,Delivered,Italy,Small Business,2023-10-16,3833.0,19.0,3.0,Clothing,230.3,1292.0,Card,Failed,690.9000000000001,False
1020,55,2024-07-24,Delivered,Spain,Consumer,2023-09-14,162.0,19.0,4.0,Clothing,230.3,1627.0,Bank Transfer,Success,921.2,True
1020,55,2024-07-24,Delivered,Spain,Consumer,2023-09-14,1044.0,1.0,4.0,Electronics,325.1,1627.0,Bank Transfer,Success,1300.4,True
1020,55,2024-07-24,Delivered,Spain,Consumer,2023-09-14,2962.0,47.0,2.0,Electronics,31.08,1627.0,Bank Transfer,Success,62.16,True
1021,400,2024-01-17,Cancelled,France,Consumer,2024-04-02,,,,,,139.0,Bank Transfer,Success,,False
1022,12,2024-09-30,Delivered,Spain,Corporate,2023-07-02,1386.0,81.0,4.0,Electronics,203.78,525.0,PayPal,Success,815.12,True
1023,145,2024-06-21,Delivered,Italy,Corporate,2023-01-04,3469.0,88.0,2.0,Sports,23.18,1800.0,Bank Transfer,Success,46.36,True
1023,145,2024-06-21,Delivered,Italy,Corporate,2023-01-04,3683.0,57.0,2.0,Electronics,367.47,1800.0,Bank Transfer,Success,734.94,True
1024,400,2024-04-25,Delivered,France,Consumer,2024-04-02,1267.0,9.0,4.0,Home,239.24,1060.0,Bank Transfer,Success,956.96,True
1025,396,2024-12-14,Cancelled,Italy,Corporate,2024-10-05,1784.0,5.0,4.0,Home,26.86,1363.0,PayPal,Success,107.44,False
1025,396,2024-12-14,Cancelled,Italy,Corporate,2024-10-05,3102.0,34.0,1.0,Home,370.24,1363.0,PayPal,Success,370.24,False
1025,396,2024-12-14,Cancelled,Italy,Corporate,2024-10-05,4449.0,37.0,3.0,Electronics,438.95,1363.0,PayPal,Success,1316.85,False
1025,396,2024-12-14,Cancelled,Italy,Corporate,2024-10-05,4828.0,18.0,3.0,Home,32.17,1363.0,PayPal,Success,96.51,False
1026,136,2024-06-29,Delivered,France,Consumer,2024-06-26,332.0,26.0,2.0,Electronics,443.07,988.0,PayPal,Success,886.14,True
1026,136,2024-06-29,Delivered,France,Consumer,2024-06-26,402.0,60.0,3.0,Home,152.02,988.0,PayPal,Success,456.06000000000006,True
1026,136,2024-06-29,Delivered,France,Consumer,2024-06-26,476.0,14.0,2.0,Electronics,62.06,988.0,PayPal,Success,124.12,True
1027,468,2024-03-31,Delivered,France,Small Business,2024-06-04,25.0,36.0,4.0,Home,216.27,503.0,Bank Transfer,Success,865.08,True
1027,468,2024-03-31,Delivered,France,Small Business,2024-06-04,2845.0,100.0,2.0,Electronics,498.19,503.0,Bank Transfer,Success,996.38,True
1028,3,2024-03-22,Delivered,France,Consumer,2023-03-10,2422.0,91.0,4.0,Electronics,401.38,775.0,Card,Success,1605.52,True
1029,144,2024-11-19,Delivered,Italy,Corporate,2023-03-16,2462.0,27.0,2.0,Sports,267.48,,,,534.96,False
1030,30,2024-04-23,Delivered,Italy,Small Business,2024-08-26,2876.0,11.0,4.0,Home,64.66,516.0,PayPal,Success,258.64,True
1030,30,2024-04-23,Delivered,Italy,Small Business,2024-08-26,4313.0,98.0,1.0,Electronics,260.05,516.0,PayPal,Success,260.05,True
1031,237,2024-09-13,Delivered,Unknown,Small Business,2023-02-08,,,,,,352.0,Card,Failed,,False
1032,279,2024-02-27,Delivered,France,Consumer,2024-02-15,685.0,60.0,3.0,Home,152.02,531.0,Card,Failed,456.06000000000006,False
1032,279,2024-02-27,Delivered,France,Consumer,2024-02-15,1315.0,95.0,1.0,Sports,300.65,531.0,Card,Failed,300.65,False
1032,279,2024-02-27,Delivered,France,Consumer,2024-02-15,1659.0,61.0,1.0,Clothing,427.15,531.0,Card,Failed,427.15,False
1032,279,2024-02-27,Delivered,France,Consumer,2024-02-15,2455.0,58.0,2.0,Home,6.66,531.0,Card,Failed,13.32,False
1032,279,2024-02-27,Delivered,France,Consumer,2024-02-15,3354.0,13.0,1.0,Sports,100.34,531.0,Card,Failed,100.34,False
1033,348,2024-06-02,Delivered,Italy,Corporate,2024-10-25,2758.0,20.0,2.0,Clothing,263.61,1377.0,Card,Failed,527.22,False
1033,348,2024-06-02,Delivered,Italy,Corporate,2024-10-25,4543.0,74.0,3.0,Home,491.25,1377.0,Card,Failed,1473.75,False
1034,115,2024-12-30,Returned,Spain,Consumer,2024-11-22,2738.0,55.0,2.0,Sports,171.5,1470.0,Bank Transfer,Success,343.0,False
1035,104,2024-04-25,Delivered,Italy,Small Business,2023-08-16,114.0,15.0,1.0,Home,213.77,1856.0,Bank Transfer,Success,213.77,True
1036,118,2024-12-08,Returned,Germany,Small Business,2024-03-18,,,,,,,,,,False
1037,5,2024-09-22,Delivered,Spain,Consumer,2023-02-22,316.0,67.0,4.0,Clothing,59.19,1580.0,PayPal,Success,236.76,True
1037,5,2024-09-22,Delivered,Spain,Consumer,2023-02-22,1777.0,28.0,4.0,Electronics,223.31,1580.0,PayPal,Success,893.24,True
1037,5,2024-09-22,Delivered,Spain,Consumer,2023-02-22,1880.0,74.0,2.0,Home,491.25,1580.0,PayPal,Success,982.5,True
1037,5,2024-09-22,Delivered,Spain,Consumer,2023-02-22,1994.0,52.0,1.0,Electronics,139.49,1580.0,PayPal,Success,139.49,True
1037,5,2024-09-22,Delivered,Spain,Consumer,2023-02-22,4296.0,63.0,3.0,Sports,296.61,1580.0,PayPal,Success,889.83,True
1038,468,2024-11-10,Delivered,France,Small Business,2024-06-04,3186.0,27.0,3.0,Sports,267.48,321.0,Bank Transfer,Success,802.44,True
1038,468,2024-11-10,Delivered,France,Small Business,2024-06-04,4986.0,38.0,3.0,Clothing,211.67,321.0,Bank Transfer,Success,635.01,True
1039,360,2024-07-21,Delivered,Spain,Corporate,2023-02-18,168.0,46.0,2.0,Electronics,9.7,856.0,PayPal,Success,19.4,True
1039,360,2024-07-21,Delivered,Spain,Corporate,2023-02-18,773.0,74.0,1.0,Home,491.25,856.0,PayPal,Success,491.25,True
1039,360,2024-07-21,Delivered,Spain,Corporate,2023-02-18,1618.0,67.0,3.0,Clothing,59.19,856.0,PayPal,Success,177.57,True
1040,248,2024-02-10,Delivered,France,Consumer,2024-10-30,,,,,,1819.0,Card,Success,,True
1041,364,2024-04-14,Returned,Germany,Corporate,2023-05-28,728.0,81.0,2.0,Electronics,203.78,195.0,Bank Transfer,Success,407.56,False
1041,364,2024-04-14,Returned,Germany,Corporate,2023-05-28,2803.0,6.0,3.0,Clothing,296.19,195.0,Bank Transfer,Success,888.5699999999999,False
1042,321,2024-07-11,Delivered,Italy,Consumer,2023-07-01,857.0,65.0,2.0,Home,455.62,1781.0,Card,Success,911.24,True
1042,321,2024-07-11,Delivered,Italy,Consumer,2023-07-01,1607.0,52.0,4.0,Electronics,139.49,1781.0,Card,Success,557.96,True
1042,321,2024-07-11,Delivered,Italy,Consumer,2023-07-01,3298.0,2.0,1.0,Home,348.12,1781.0,Card,Success,348.12,True
1042,321,2024-07-11,Delivered,Italy,Consumer,2023-07-01,4823.0,30.0,4.0,Sports,288.35,1781.0,Card,Success,1153.4,True
1043,121,2024-10-04,Delivered,Italy,Small Business,2023-10-16,676.0,41.0,2.0,Home,5.12,1600.0,Card,Success,10.24,True
1043,121,2024-10-04,Delivered,Italy,Small Business,2023-10-16,1534.0,90.0,3.0,Electronics,413.97,1600.0,Card,Success,1241.91,True
1043,121,2024-10-04,Delivered,Italy,Small Business,2023-10-16,1928.0,52.0,4.0,Electronics,139.49,1600.0,Card,Success,557.96,True
1043,121,2024-10-04,Delivered,Italy,Small Business,2023-10-16,4893.0,18.0,4.0,Home,32.17,1600.0,Card,Success,128.68,True
1044,286,2024-12-19,Delivered,Spain,Consumer,2023-01-11,2318.0,20.0,4.0,Clothing,263.61,1007.0,Bank Transfer,Success,1054.44,True
1044,286,2024-12-19,Delivered,Spain,Consumer,2023-01-11,2558.0,73.0,1.0,Home,296.33,1007.0,Bank Transfer,Success,296.33,True
1044,286,2024-12-19,Delivered,Spain,Consumer,2023-01-11,3253.0,44.0,4.0,Clothing,466.63,1007.0,Bank Transfer,Success,1866.52,True
1045,149,2024-08-24,Delivered,France,Corporate,2024-05-18,3974.0,97.0,3.0,Sports,133.82,743.0,PayPal,Success,401.46,True
1046,84,2024-08-08,Delivered,Italy,Corporate,2024-04-29,819.0,8.0,3.0,Electronics,280.12,931.0,Bank Transfer,Failed,840.36,False
1046,84,2024-08-08,Delivered,Italy,Corporate,2024-04-29,874.0,71.0,4.0,Electronics,400.0,931.0,Bank Transfer,Failed,1600.0,False
1047,454,2024-03-08,Delivered,Germany,Small Business,2023-08-14,306.0,6.0,1.0,Clothing,296.19,1097.0,Card,Success,296.19,True
1047,454,2024-03-08,Delivered,Germany,Small Business,2023-08-14,538.0,5.0,3.0,Home,26.86,1097.0,Card,Success,80.58,True
1047,454,2024-03-08,Delivered,Germany,Small Business,2023-08-14,3500.0,46.0,2.0,Electronics,9.7,1097.0,Card,Success,19.4,True
1047,454,2024-03-08,Delivered,Germany,Small Business,2023-08-14,3597.0,68.0,1.0,Clothing,198.86,1097.0,Card,Success,198.86,True
1047,454,2024-03-08,Delivered,Germany,Small Business,2023-08-14,4595.0,56.0,1.0,Clothing,263.65,1097.0,Card,Success,263.65,True
1048,406,2024-07-15,Delivered,Italy,Corporate,2023-06-27,1503.0,36.0,1.0,Home,216.27,949.0,Bank Transfer,Success,216.27,True
1048,406,2024-07-15,Delivered,Italy,Corporate,2023-06-27,3265.0,78.0,2.0,Clothing,494.65,949.0,Bank Transfer,Success,989.3,True
1048,406,2024-07-15,Delivered,Italy,Corporate,2023-06-27,4381.0,55.0,1.0,Sports,171.5,949.0,Bank Transfer,Success,171.5,True
1049,466,2024-09-12,Delivered,Spain,Small Business,2023-07-28,1664.0,40.0,3.0,Electronics,495.22,748.0,Card,Failed,1485.66,False
1049,466,2024-09-12,Delivered,Spain,Small Business,2023-07-28,4885.0,58.0,4.0,Home,6.66,748.0,Card,Failed,26.64,False
1050,456,2024-05-18,Delivered,Spain,Corporate,2024-05-14,992.0,21.0,3.0,Home,324.05,107.0,PayPal,Success,972.1500000000001,True
1050,456,2024-05-18,Delivered,Spain,Corporate,2024-05-14,2183.0,55.0,3.0,Sports,171.5,107.0,PayPal,Success,514.5,True
1050,456,2024-05-18,Delivered,Spain,Corporate,2024-05-14,2187.0,71.0,3.0,Electronics,400.0,107.0,PayPal,Success,1200.0,True
1050,456,2024-05-18,Delivered,Spain,Corporate,2024-05-14,4569.0,32.0,3.0,Sports,271.51,107.0,PayPal,Success,814.53,True
1051,231,2024-11-07,Delivered,Germany,Small Business,2024-10-26,811.0,23.0,2.0,Sports,185.53,219.0,PayPal,Success,371.06,True
1051,231,2024-11-07,Delivered,Germany,Small Business,2024-10-26,2282.0,72.0,4.0,Sports,133.2,219.0,PayPal,Success,532.8,True
1051,231,2024-11-07,Delivered,Germany,Small Business,2024-10-26,2956.0,26.0,3.0,Electronics,443.07,219.0,PayPal,Success,1329.21,True
1051,231,2024-11-07,Delivered,Germany,Small Business,2024-10-26,3303.0,54.0,4.0,Home,50.39,219.0,PayPal,Success,201.56,True
1052,288,2024-05-28,Delivered,France,Small Business,2024-07-03,2013.0,78.0,2.0,Clothing,494.65,543.0,PayPal,Failed,989.3,False
1052,288,2024-05-28,Delivered,France,Small Business,2024-07-03,3455.0,76.0,4.0,Electronics,302.4,543.0,PayPal,Failed,1209.6,False
1052,288,2024-05-28,Delivered,France,Small Business,2024-07-03,3795.0,59.0,1.0,Home,236.32,543.0,PayPal,Failed,236.32,False
1053,161,2024-04-08,Delivered,Spain,Small Business,2023-04-28,1417.0,3.0,3.0,Electronics,30.54,1737.0,Card,Success,91.62,True
1054,272,2024-03-16,Delivered,Italy,Consumer,2024-10-09,4453.0,84.0,3.0,Clothing,416.17,724.0,PayPal,Failed,1248.51,False
1054,272,2024-03-16,Delivered,Italy,Consumer,2024-10-09,4542.0,93.0,3.0,Electronics,112.08,724.0,PayPal,Failed,336.24,False
1055,460,2024-10-08,Delivered,Spain,Corporate,2024-08-15,183.0,34.0,4.0,Home,370.24,1696.0,PayPal,Success,1480.96,True
1055,460,2024-10-08,Delivered,Spain,Corporate,2024-08-15,671.0,60.0,1.0,Home,152.02,1696.0,PayPal,Success,152.02,True
1055,460,2024-10-08,Delivered,Spain,Corporate,2024-08-15,1484.0,1.0,1.0,Electronics,325.1,1696.0,PayPal,Success,325.1,True
1055,460,2024-10-08,Delivered,Spain,Corporate,2024-08-15,3060.0,98.0,2.0,Electronics,260.05,1696.0,PayPal,Success,520.1,True
1056,38,2024-04-18,Delivered,France,Consumer,2023-12-12,1174.0,69.0,3.0,Sports,66.6,703.0,Bank Transfer,Success,199.79999999999998,True
1056,38,2024-04-18,Delivered,France,Consumer,2023-12-12,3010.0,54.0,4.0,Home,50.39,703.0,Bank Transfer,Success,201.56,True
1057,500,2024-07-06,Delivered,Italy,Consumer,2024-10-07,690.0,61.0,3.0,Clothing,427.15,1286.0,Bank Transfer,Success,1281.4499999999998,True
1058,226,2024-07-17,Returned,Germany,Corporate,2024-09-28,1296.0,99.0,1.0,Clothing,248.14,153.0,Bank Transfer,Success,248.14,False
1058,226,2024-07-17,Returned,Germany,Corporate,2024-09-28,1352.0,52.0,1.0,Electronics,139.49,153.0,Bank Transfer,Success,139.49,False
1058,226,2024-07-17,Returned,Germany,Corporate,2024-09-28,1951.0,26.0,2.0,Electronics,443.07,153.0,Bank Transfer,Success,886.14,False
1058,226,2024-07-17,Returned,Germany,Corporate,2024-09-28,2332.0,78.0,4.0,Clothing,494.65,153.0,Bank Transfer,Success,1978.6,False
1058,226,2024-07-17,Returned,Germany,Corporate,2024-09-28,4518.0,50.0,4.0,Electronics,242.49,153.0,Bank Transfer,Success,969.96,False
1058,226,2024-07-17,Returned,Germany,Corporate,2024-09-28,4636.0,77.0,3.0,Electronics,452.34,153.0,Bank Transfer,Success,1357.02,False
1058,226,2024-07-17,Returned,Germany,Corporate,2024-09-28,4723.0,98.0,3.0,Electronics,260.05,153.0,Bank Transfer,Success,780.1500000000001,False
1059,142,2024-10-29,Delivered,France,Small Business,2023-11-18,1167.0,32.0,2.0,Sports,271.51,1113.0,Bank Transfer,Success,543.02,True
1059,142,2024-10-29,Delivered,France,Small Business,2023-11-18,1796.0,51.0,2.0,Electronics,292.47,1113.0,Bank Transfer,Success,584.94,True
1059,142,2024-10-29,Delivered,France,Small Business,2023-11-18,4506.0,62.0,3.0,Electronics,359.2,1113.0,Bank Transfer,Success,1077.6,True
1060,292,2024-11-22,Delivered,Spain,Consumer,2023-10-29,2821.0,3.0,1.0,Electronics,30.54,1147.0,Card,Success,30.54,True
1060,292,2024-11-22,Delivered,Spain,Consumer,2023-10-29,3473.0,46.0,2.0,Electronics,9.7,1147.0,Card,Success,19.4,True
1060,292,2024-11-22,Delivered,Spain,Consumer,2023-10-29,3594.0,78.0,2.0,Clothing,494.65,1147.0,Card,Success,989.3,True
1060,292,2024-11-22,Delivered,Spain,Consumer,2023-10-29,4043.0,3.0,1.0,Electronics,30.54,1147.0,Card,Success,30.54,True
1061,481,2024-06-02,Cancelled,Italy,Corporate,2023-04-19,670.0,8.0,3.0,Electronics,280.12,1591.0,PayPal,Failed,840.36,False
1061,481,2024-06-02,Cancelled,Italy,Corporate,2023-04-19,1992.0,94.0,3.0,Clothing,261.54,1591.0,PayPal,Failed,784.6200000000001,False
1061,481,2024-06-02,Cancelled,Italy,Corporate,2023-04-19,3037.0,24.0,1.0,Clothing,282.54,1591.0,PayPal,Failed,282.54,False
1062,151,2024-02-09,Cancelled,Spain,Small Business,2024-03-16,3602.0,68.0,4.0,Clothing,198.86,754.0,PayPal,Success,795.44,False
1063,114,2024-05-12,Delivered,Germany,Small Business,2024-06-01,610.0,33.0,4.0,Home,332.52,246.0,Card,Success,1330.08,True
1063,114,2024-05-12,Delivered,Germany,Small Business,2024-06-01,1255.0,82.0,4.0,Home,419.72,246.0,Card,Success,1678.88,True
1063,114,2024-05-12,Delivered,Germany,Small Business,2024-06-01,3116.0,85.0,3.0,Sports,64.57,246.0,Card,Success,193.70999999999998,True
1063,114,2024-05-12,Delivered,Germany,Small Business,2024-06-01,3235.0,59.0,1.0,Home,236.32,246.0,Card,Success,236.32,True
1064,237,2024-05-11,Returned,Unknown,Small Business,2023-02-08,889.0,72.0,3.0,Sports,133.2,1186.0,Bank Transfer,Success,399.59999999999997,False
1065,66,2024-10-05,Delivered,Germany,Corporate,2023-03-19,4228.0,19.0,3.0,Clothing,230.3,1982.0,Bank Transfer,Success,690.9000000000001,True
1066,361,2024-12-27,Delivered,Italy,Consumer,2023-03-25,2309.0,50.0,1.0,Electronics,242.49,1839.0,Bank Transfer,Success,242.49,True
1067,341,2024-03-24,Delivered,Spain,Small Business,2024-04-19,3587.0,13.0,4.0,Sports,100.34,905.0,PayPal,Success,401.36,True
1067,341,2024-03-24,Delivered,Spain,Small Business,2024-04-19,3823.0,76.0,2.0,Electronics,302.4,905.0,PayPal,Success,604.8,True
1068,258,2024-08-29,Delivered,Germany,Corporate,2023-10-16,1788.0,72.0,2.0,Sports,133.2,1887.0,PayPal,Success,266.4,True
1068,258,2024-08-29,Delivered,Germany,Corporate,2023-10-16,4065.0,62.0,2.0,Electronics,359.2,1887.0,PayPal,Success,718.4,True
1069,475,2024-04-25,Delivered,Spain,Small Business,2023-08-23,1521.0,17.0,4.0,Sports,373.81,1848.0,Bank Transfer,Success,1495.24,True
1069,475,2024-04-25,Delivered,Spain,Small Business,2023-08-23,2766.0,75.0,4.0,Electronics,442.68,1848.0,Bank Transfer,Success,1770.72,True
1069,475,2024-04-25,Delivered,Spain,Small Business,2023-08-23,3441.0,8.0,4.0,Electronics,280.12,1848.0,Bank Transfer,Success,1120.48,True
1069,475,2024-04-25,Delivered,Spain,Small Business,2023-08-23,3756.0,99.0,3.0,Clothing,248.14,1848.0,Bank Transfer,Success,744.42,True
1070,249,2024-04-18,Delivered,France,Consumer,2023-10-16,322.0,40.0,2.0,Electronics,495.22,1631.0,Card,Success,990.44,True
1070,249,2024-04-18,Delivered,France,Consumer,2023-10-16,2006.0,93.0,2.0,Electronics,112.08,1631.0,Card,Success,224.16,True
1070,249,2024-04-18,Delivered,France,Consumer,2023-10-16,2199.0,9.0,3.0,Home,239.24,1631.0,Card,Success,717.72,True
1071,457,2024-08-08,Delivered,Germany,Consumer,2024-05-20,2709.0,18.0,2.0,Home,32.17,255.0,PayPal,Success,64.34,True
1071,457,2024-08-08,Delivered,Germany,Consumer,2024-05-20,3026.0,51.0,3.0,Electronics,292.47,255.0,PayPal,Success,877.4100000000001,True
1071,457,2024-08-08,Delivered,Germany,Consumer,2024-05-20,3822.0,15.0,4.0,Home,213.77,255.0,PayPal,Success,855.08,True
1072,449,2024-02-10,Cancelled,Spain,Corporate,2023-04-29,389.0,74.0,1.0,Home,491.25,490.0,Card,Success,491.25,False
1072,449,2024-02-10,Cancelled,Spain,Corporate,2023-04-29,389.0,74.0,1.0,Home,491.25,564.0,Card,Success,491.25,False
1072,449,2024-02-10,Cancelled,Spain,Corporate,2023-04-29,822.0,2.0,4.0,Home,348.12,490.0,Card,Success,1392.48,False
1072,449,2024-02-10,Cancelled,Spain,Corporate,2023-04-29,822.0,2.0,4.0,Home,348.12,564.0,Card,Success,1392.48,False
1072,449,2024-02-10,Cancelled,Spain,Corporate,2023-04-29,2481.0,95.0,1.0,Sports,300.65,490.0,Card,Success,300.65,False
1072,449,2024-02-10,Cancelled,Spain,Corporate,2023-04-29,2481.0,95.0,1.0,Sports,300.65,564.0,Card,Success,300.65,False
1072,449,2024-02-10,Cancelled,Spain,Corporate,2023-04-29,3751.0,26.0,1.0,Electronics,443.07,490.0,Card,Success,443.07,False
1072,449,2024-02-10,Cancelled,Spain,Corporate,2023-04-29,3751.0,26.0,1.0,Electronics,443.07,564.0,Card,Success,443.07,False
1073,331,2024-05-26,Cancelled,France,Corporate,2023-11-09,,,,,,796.0,PayPal,Success,,False
1074,323,2024-04-21,Delivered,Italy,Consumer,2024-07-20,2409.0,67.0,3.0,Clothing,59.19,1366.0,Bank Transfer,Success,177.57,True
1074,323,2024-04-21,Delivered,Italy,Consumer,2024-07-20,4103.0,38.0,1.0,Clothing,211.67,1366.0,Bank Transfer,Success,211.67,True
1074,323,2024-04-21,Delivered,Italy,Consumer,2024-07-20,4204.0,69.0,4.0,Sports,66.6,1366.0,Bank Transfer,Success,266.4,True
1075,180,2024-04-12,Cancelled,Spain,Corporate,2023-06-21,258.0,88.0,2.0,Sports,23.18,696.0,Bank Transfer,Failed,46.36,False
1075,180,2024-04-12,Cancelled,Spain,Corporate,2023-06-21,532.0,10.0,3.0,Sports,159.86,696.0,Bank Transfer,Failed,479.58000000000004,False
1075,180,2024-04-12,Cancelled,Spain,Corporate,2023-06-21,1565.0,3.0,1.0,Electronics,30.54,696.0,Bank Transfer,Failed,30.54,False
1075,180,2024-04-12,Cancelled,Spain,Corporate,2023-06-21,4965.0,63.0,2.0,Sports,296.61,696.0,Bank Transfer,Failed,593.22,False
1076,190,2024-02-15,Cancelled,Unknown,Corporate,2024-02-23,170.0,93.0,2.0,Electronics,112.08,1897.0,Bank Transfer,Success,224.16,False
1076,190,2024-02-15,Cancelled,Unknown,Corporate,2024-02-23,1681.0,44.0,1.0,Clothing,466.63,1897.0,Bank Transfer,Success,466.63,False
1076,190,2024-02-15,Cancelled,Unknown,Corporate,2024-02-23,2863.0,21.0,1.0,Home,324.05,1897.0,Bank Transfer,Success,324.05,False
1076,190,2024-02-15,Cancelled,Unknown,Corporate,2024-02-23,3350.0,30.0,2.0,Sports,288.35,1897.0,Bank Transfer,Success,576.7,False
1077,407,2024-11-19,Delivered,Germany,Small Business,2024-01-26,178.0,91.0,2.0,Electronics,401.38,1654.0,Card,Success,802.76,True
1077,407,2024-11-19,Delivered,Germany,Small Business,2024-01-26,804.0,22.0,1.0,Home,326.83,1654.0,Card,Success,326.83,True
1077,407,2024-11-19,Delivered,Germany,Small Business,2024-01-26,2204.0,6.0,3.0,Clothing,296.19,1654.0,Card,Success,888.5699999999999,True
1077,407,2024-11-19,Delivered,Germany,Small Business,2024-01-26,3128.0,66.0,4.0,Clothing,27.32,1654.0,Card,Success,109.28,True
1077,407,2024-11-19,Delivered,Germany,Small Business,2024-01-26,4509.0,67.0,2.0,Clothing,59.19,1654.0,Card,Success,118.38,True
1078,154,2024-09-27,Delivered,Spain,Consumer,2023-01-26,1895.0,30.0,1.0,Sports,288.35,240.0,Bank Transfer,Success,288.35,True
1078,154,2024-09-27,Delivered,Spain,Consumer,2023-01-26,1966.0,77.0,3.0,Electronics,452.34,240.0,Bank Transfer,Success,1357.02,True
1079,196,2024-07-13,Delivered,Germany,Corporate,2023-11-30,4326.0,92.0,2.0,Home,316.74,1199.0,PayPal,Success,633.48,True
1080,466,2024-10-06,Returned,Spain,Small Business,2023-07-28,840.0,82.0,1.0,Home,419.72,683.0,Bank Transfer,Success,419.72,False
1080,466,2024-10-06,Returned,Spain,Small Business,2023-07-28,1591.0,79.0,1.0,Electronics,372.96,683.0,Bank Transfer,Success,372.96,False
1080,466,2024-10-06,Returned,Spain,Small Business,2023-07-28,2996.0,65.0,3.0,Home,455.62,683.0,Bank Transfer,Success,1366.8600000000001,False
1080,466,2024-10-06,Returned,Spain,Small Business,2023-07-28,3090.0,3.0,1.0,Electronics,30.54,683.0,Bank Transfer,Success,30.54,False
1081,311,2024-10-09,Delivered,Italy,Consumer,2023-01-29,552.0,17.0,2.0,Sports,373.81,138.0,Bank Transfer,Success,747.62,True
1081,311,2024-10-09,Delivered,Italy,Consumer,2023-01-29,552.0,17.0,2.0,Sports,373.81,1939.0,Bank Transfer,Failed,747.62,False
1081,311,2024-10-09,Delivered,Italy,Consumer,2023-01-29,2135.0,75.0,3.0,Electronics,442.68,138.0,Bank Transfer,Success,1328.04,True
1081,311,2024-10-09,Delivered,Italy,Consumer,2023-01-29,2135.0,75.0,3.0,Electronics,442.68,1939.0,Bank Transfer,Failed,1328.04,False
1081,311,2024-10-09,Delivered,Italy,Consumer,2023-01-29,2974.0,52.0,1.0,Electronics,139.49,138.0,Bank Transfer,Success,139.49,True
1081,311,2024-10-09,Delivered,Italy,Consumer,2023-01-29,2974.0,52.0,1.0,Electronics,139.49,1939.0,Bank Transfer,Failed,139.49,False
1081,311,2024-10-09,Delivered,Italy,Consumer,2023-01-29,4211.0,48.0,2.0,Electronics,48.83,138.0,Bank Transfer,Success,97.66,True
1081,311,2024-10-09,Delivered,Italy,Consumer,2023-01-29,4211.0,48.0,2.0,Electronics,48.83,1939.0,Bank Transfer,Failed,97.66,False
1082,262,2024-02-09,Delivered,Germany,Small Business,2024-06-05,2133.0,18.0,3.0,Home,32.17,546.0,PayPal,Success,96.51,True
1082,262,2024-02-09,Delivered,Germany,Small Business,2024-06-05,2686.0,51.0,2.0,Electronics,292.47,546.0,PayPal,Success,584.94,True
1083,419,2024-07-07,Delivered,Italy,Corporate,2024-08-26,746.0,90.0,2.0,Electronics,413.97,294.0,Card,Success,827.94,True
1083,419,2024-07-07,Delivered,Italy,Corporate,2024-08-26,927.0,65.0,3.0,Home,455.62,294.0,Card,Success,1366.8600000000001,True
1083,419,2024-07-07,Delivered,Italy,Corporate,2024-08-26,3619.0,17.0,1.0,Sports,373.81,294.0,Card,Success,373.81,True
1083,419,2024-07-07,Delivered,Italy,Corporate,2024-08-26,3672.0,38.0,2.0,Clothing,211.67,294.0,Card,Success,423.34,True
1083,419,2024-07-07,Delivered,Italy,Corporate,2024-08-26,3865.0,13.0,1.0,Sports,100.34,294.0,Card,Success,100.34,True
1084,406,2024-06-12,Delivered,Italy,Corporate,2023-06-27,2507.0,39.0,1.0,Home,233.66,1980.0,Bank Transfer,Success,233.66,True
1084,406,2024-06-12,Delivered,Italy,Corporate,2023-06-27,2894.0,48.0,2.0,Electronics,48.83,1980.0,Bank Transfer,Success,97.66,True
1084,406,2024-06-12,Delivered,Italy,Corporate,2023-06-27,3680.0,56.0,4.0,Clothing,263.65,1980.0,Bank Transfer,Success,1054.6,True
1084,406,2024-06-12,Delivered,Italy,Corporate,2023-06-27,4303.0,87.0,3.0,Home,195.12,1980.0,Bank Transfer,Success,585.36,True
1085,427,2024-01-24,Delivered,France,Small Business,2024-05-05,1260.0,60.0,1.0,Home,152.02,1452.0,Card,Success,152.02,True
1085,427,2024-01-24,Delivered,France,Small Business,2024-05-05,3065.0,95.0,2.0,Sports,300.65,1452.0,Card,Success,601.3,True
1086,143,2024-01-24,Delivered,Italy,Corporate,2024-04-12,2316.0,84.0,4.0,Clothing,416.17,1533.0,Card,Success,1664.68,True
1086,143,2024-01-24,Delivered,Italy,Corporate,2024-04-12,2773.0,2.0,2.0,Home,348.12,1533.0,Card,Success,696.24,True
1087,342,2024-01-04,Delivered,Italy,Small Business,2024-02-22,,,,,,1262.0,PayPal,Success,,True
1088,316,2024-11-18,Cancelled,Italy,Small Business,2024-09-04,375.0,34.0,1.0,Home,370.24,470.0,Bank Transfer,Success,370.24,False
1089,101,2024-10-16,Cancelled,Spain,Corporate,2023-04-19,341.0,14.0,4.0,Electronics,62.06,1217.0,Bank Transfer,Success,248.24,False
1089,101,2024-10-16,Cancelled,Spain,Corporate,2023-04-19,424.0,6.0,4.0,Clothing,296.19,1217.0,Bank Transfer,Success,1184.76,False
1089,101,2024-10-16,Cancelled,Spain,Corporate,2023-04-19,2625.0,78.0,4.0,Clothing,494.65,1217.0,Bank Transfer,Success,1978.6,False
1089,101,2024-10-16,Cancelled,Spain,Corporate,2023-04-19,4484.0,39.0,2.0,Home,233.66,1217.0,Bank Transfer,Success,467.32,False
1090,244,2024-06-29,Delivered,France,Consumer,2024-03-23,2509.0,44.0,4.0,Clothing,466.63,1956.0,Card,Success,1866.52,True
1090,244,2024-06-29,Delivered,France,Consumer,2024-03-23,4959.0,25.0,2.0,Clothing,243.13,1956.0,Card,Success,486.26,True
1091,490,2024-09-04,Returned,France,Consumer,2023-01-17,481.0,60.0,3.0,Home,152.02,290.0,Bank Transfer,Success,456.06000000000006,False
1091,490,2024-09-04,Returned,France,Consumer,2023-01-17,481.0,60.0,3.0,Home,152.02,672.0,Card,Success,456.06000000000006,False
1091,490,2024-09-04,Returned,France,Consumer,2023-01-17,1037.0,56.0,4.0,Clothing,263.65,290.0,Bank Transfer,Success,1054.6,False
1091,490,2024-09-04,Returned,France,Consumer,2023-01-17,1037.0,56.0,4.0,Clothing,263.65,672.0,Card,Success,1054.6,False
1091,490,2024-09-04,Returned,France,Consumer,2023-01-17,2697.0,76.0,4.0,Electronics,302.4,290.0,Bank Transfer,Success,1209.6,False
1091,490,2024-09-04,Returned,France,Consumer,2023-01-17,2697.0,76.0,4.0,Electronics,302.4,672.0,Card,Success,1209.6,False
1091,490,2024-09-04,Returned,France,Consumer,2023-01-17,3151.0,31.0,2.0,Home,402.97,290.0,Bank Transfer,Success,805.94,False
1091,490,2024-09-04,Returned,France,Consumer,2023-01-17,3151.0,31.0,2.0,Home,402.97,672.0,Card,Success,805.94,False
1091,490,2024-09-04,Returned,France,Consumer,2023-01-17,3895.0,39.0,2.0,Home,233.66,290.0,Bank Transfer,Success,467.32,False
1091,490,2024-09-04,Returned,France,Consumer,2023-01-17,3895.0,39.0,2.0,Home,233.66,672.0,Card,Success,467.32,False
1092,12,2024-04-25,Delivered,Spain,Corporate,2023-07-02,1216.0,59.0,4.0,Home,236.32,764.0,Card,Failed,945.28,False
1092,12,2024-04-25,Delivered,Spain,Corporate,2023-07-02,2295.0,30.0,2.0,Sports,288.35,764.0,Card,Failed,576.7,False
1092,12,2024-04-25,Delivered,Spain,Corporate,2023-07-02,2747.0,85.0,3.0,Sports,64.57,764.0,Card,Failed,193.70999999999998,False
1093,239,2024-10-05,Delivered,Spain,Small Business,2024-10-07,1434.0,15.0,2.0,Home,213.77,846.0,Bank Transfer,Success,427.54,True
1093,239,2024-10-05,Delivered,Spain,Small Business,2024-10-07,2141.0,54.0,3.0,Home,50.39,846.0,Bank Transfer,Success,151.17000000000002,True
1093,239,2024-10-05,Delivered,Spain,Small Business,2024-10-07,3889.0,9.0,2.0,Home,239.24,846.0,Bank Transfer,Success,478.48,True
1094,49,2024-12-30,Delivered,Germany,Corporate,2023-12-16,812.0,61.0,3.0,Clothing,427.15,305.0,PayPal,Success,1281.4499999999998,True
1094,49,2024-12-30,Delivered,Germany,Corporate,2023-12-16,858.0,33.0,3.0,Home,332.52,305.0,PayPal,Success,997.56,True
1094,49,2024-12-30,Delivered,Germany,Corporate,2023-12-16,2480.0,34.0,1.0,Home,370.24,305.0,PayPal,Success,370.24,True
1095,42,2024-03-09,Cancelled,Spain,Consumer,2023-03-14,2834.0,12.0,3.0,Sports,366.86,,,,1100.58,False
1095,42,2024-03-09,Cancelled,Spain,Consumer,2023-03-14,2983.0,63.0,2.0,Sports,296.61,,,,593.22,False
1095,42,2024-03-09,Cancelled,Spain,Consumer,2023-03-14,3022.0,88.0,3.0,Sports,23.18,,,,69.53999999999999,False
1095,42,2024-03-09,Cancelled,Spain,Consumer,2023-03-14,3024.0,61.0,2.0,Clothing,427.15,,,,854.3,False
1095,42,2024-03-09,Cancelled,Spain,Consumer,2023-03-14,4086.0,45.0,1.0,Clothing,39.66,,,,39.66,False
1096,166,2024-12-16,Returned,France,Small Business,2024-07-12,645.0,30.0,4.0,Sports,288.35,1869.0,Bank Transfer,Success,1153.4,False
1096,166,2024-12-16,Returned,France,Small Business,2024-07-12,835.0,93.0,2.0,Electronics,112.08,1869.0,Bank Transfer,Success,224.16,False
1097,82,2024-09-10,Delivered,Italy,Corporate,2023-07-11,248.0,91.0,3.0,Electronics,401.38,549.0,Card,Success,1204.1399999999999,True
1097,82,2024-09-10,Delivered,Italy,Corporate,2023-07-11,2820.0,21.0,3.0,Home,324.05,549.0,Card,Success,972.1500000000001,True
1097,82,2024-09-10,Delivered,Italy,Corporate,2023-07-11,3971.0,48.0,3.0,Electronics,48.83,549.0,Card,Success,146.49,True
1098,429,2024-06-29,Cancelled,France,Consumer,2024-05-14,349.0,6.0,1.0,Clothing,296.19,820.0,Card,Success,296.19,False
1098,429,2024-06-29,Cancelled,France,Consumer,2024-05-14,1834.0,85.0,4.0,Sports,64.57,820.0,Card,Success,258.28,False
1099,291,2024-11-13,Delivered,France,Corporate,2023-12-12,2896.0,37.0,2.0,Electronics,438.95,1658.0,Bank Transfer,Success,877.9,True
1099,291,2024-11-13,Delivered,France,Corporate,2023-12-12,4539.0,45.0,1.0,Clothing,39.66,1658.0,Bank Transfer,Success,39.66,True
1100,158,2024-06-17,Delivered,Germany,Consumer,2024-10-06,4.0,100.0,2.0,Electronics,498.19,1490.0,PayPal,Success,996.38,True
1100,158,2024-06-17,Delivered,Germany,Consumer,2024-10-06,257.0,85.0,2.0,Sports,64.57,1490.0,PayPal,Success,129.14,True
1100,158,2024-06-17,Delivered,Germany,Consumer,2024-10-06,4308.0,95.0,3.0,Sports,300.65,1490.0,PayPal,Success,901.9499999999999,True
1101,216,2024-11-08,Delivered,France,Consumer,2023-05-12,793.0,27.0,3.0,Sports,267.48,247.0,PayPal,Success,802.44,True
1101,216,2024-11-08,Delivered,France,Consumer,2023-05-12,805.0,46.0,2.0,Electronics,9.7,247.0,PayPal,Success,19.4,True
1101,216,2024-11-08,Delivered,France,Consumer,2023-05-12,1529.0,50.0,1.0,Electronics,242.49,247.0,PayPal,Success,242.49,True
1101,216,2024-11-08,Delivered,France,Consumer,2023-05-12,2111.0,95.0,2.0,Sports,300.65,247.0,PayPal,Success,601.3,True
1101,216,2024-11-08,Delivered,France,Consumer,2023-05-12,3071.0,39.0,3.0,Home,233.66,247.0,PayPal,Success,700.98,True
1101,216,2024-11-08,Delivered,France,Consumer,2023-05-12,3399.0,34.0,3.0,Home,370.24,247.0,PayPal,Success,1110.72,True
1101,216,2024-11-08,Delivered,France,Consumer,2023-05-12,4460.0,99.0,3.0,Clothing,248.14,247.0,PayPal,Success,744.42,True
1102,490,2024-09-05,Delivered,France,Consumer,2023-01-17,1955.0,22.0,1.0,Home,326.83,169.0,Bank Transfer,Success,326.83,True
1103,158,2024-07-06,Delivered,Germany,Consumer,2024-10-06,2987.0,86.0,1.0,Sports,28.24,837.0,PayPal,Success,28.24,True
1103,158,2024-07-06,Delivered,Germany,Consumer,2024-10-06,4642.0,72.0,4.0,Sports,133.2,837.0,PayPal,Success,532.8,True
1104,462,2024-02-23,Cancelled,France,Small Business,2024-09-23,441.0,7.0,2.0,Electronics,499.68,787.0,Bank Transfer,Success,999.36,False
1104,462,2024-02-23,Cancelled,France,Small Business,2024-09-23,441.0,7.0,2.0,Electronics,499.68,1651.0,PayPal,Success,999.36,False
1104,462,2024-02-23,Cancelled,France,Small Business,2024-09-23,4005.0,49.0,4.0,Sports,23.61,787.0,Bank Transfer,Success,94.44,False
1104,462,2024-02-23,Cancelled,France,Small Business,2024-09-23,4005.0,49.0,4.0,Sports,23.61,1651.0,PayPal,Success,94.44,False
1105,134,2024-11-21,Delivered,France,Corporate,2023-05-17,2171.0,44.0,2.0,Clothing,466.63,509.0,Card,Success,933.26,True
1105,134,2024-11-21,Delivered,France,Corporate,2023-05-17,3856.0,87.0,1.0,Home,195.12,509.0,Card,Success,195.12,True
1105,134,2024-11-21,Delivered,France,Corporate,2023-05-17,3951.0,77.0,3.0,Electronics,452.34,509.0,Card,Success,1357.02,True
1105,134,2024-11-21,Delivered,France,Corporate,2023-05-17,4510.0,63.0,4.0,Sports,296.61,509.0,Card,Success,1186.44,True
1106,67,2024-12-22,Delivered,Italy,Small Business,2023-08-04,,,,,,,,,,False
1107,336,2024-11-08,Delivered,Italy,Consumer,2024-06-20,231.0,48.0,1.0,Electronics,48.83,1794.0,Card,Success,48.83,True
1107,336,2024-11-08,Delivered,Italy,Consumer,2024-06-20,1322.0,42.0,4.0,Clothing,96.81,1794.0,Card,Success,387.24,True
1107,336,2024-11-08,Delivered,Italy,Consumer,2024-06-20,4064.0,65.0,2.0,Home,455.62,1794.0,Card,Success,911.24,True
1108,7,2024-05-17,Delivered,France,Corporate,2023-07-24,3860.0,51.0,3.0,Electronics,292.47,,,,877.4100000000001,False
1109,436,2024-06-16,Cancelled,Italy,Corporate,2023-05-31,,,,,,1451.0,Bank Transfer,Success,,False
1110,14,2024-04-12,Delivered,Spain,Corporate,2024-01-09,894.0,63.0,4.0,Sports,296.61,1472.0,Bank Transfer,Failed,1186.44,False
1110,14,2024-04-12,Delivered,Spain,Corporate,2024-01-09,1388.0,22.0,3.0,Home,326.83,1472.0,Bank Transfer,Failed,980.49,False
1110,14,2024-04-12,Delivered,Spain,Corporate,2024-01-09,2354.0,43.0,2.0,Electronics,195.06,1472.0,Bank Transfer,Failed,390.12,False
1110,14,2024-04-12,Delivered,Spain,Corporate,2024-01-09,2706.0,30.0,4.0,Sports,288.35,1472.0,Bank Transfer,Failed,1153.4,False
1110,14,2024-04-12,Delivered,Spain,Corporate,2024-01-09,4388.0,27.0,2.0,Sports,267.48,1472.0,Bank Transfer,Failed,534.96,False
1111,73,2024-03-25,Delivered,France,Consumer,2023-11-08,619.0,22.0,2.0,Home,326.83,1365.0,PayPal,Success,653.66,True
1111,73,2024-03-25,Delivered,France,Consumer,2023-11-08,1199.0,87.0,4.0,Home,195.12,1365.0,PayPal,Success,780.48,True
1111,73,2024-03-25,Delivered,France,Consumer,2023-11-08,2154.0,40.0,1.0,Electronics,495.22,1365.0,PayPal,Success,495.22,True
1111,73,2024-03-25,Delivered,France,Consumer,2023-11-08,3063.0,43.0,3.0,Electronics,195.06,1365.0,PayPal,Success,585.1800000000001,True
1111,73,2024-03-25,Delivered,France,Consumer,2023-11-08,4191.0,41.0,1.0,Home,5.12,1365.0,PayPal,Success,5.12,True
1111,73,2024-03-25,Delivered,France,Consumer,2023-11-08,4321.0,80.0,2.0,Home,37.17,1365.0,PayPal,Success,74.34,True
1112,399,2024-11-12,Cancelled,Italy,Small Business,2024-10-04,2542.0,10.0,2.0,Sports,159.86,681.0,Card,Success,319.72,False
1113,405,2024-07-30,Delivered,Italy,Consumer,2024-04-20,118.0,52.0,4.0,Electronics,139.49,1684.0,Bank Transfer,Success,557.96,True
1113,405,2024-07-30,Delivered,Italy,Consumer,2024-04-20,1289.0,24.0,2.0,Clothing,282.54,1684.0,Bank Transfer,Success,565.08,True
1113,405,2024-07-30,Delivered,Italy,Consumer,2024-04-20,1762.0,44.0,1.0,Clothing,466.63,1684.0,Bank Transfer,Success,466.63,True
1113,405,2024-07-30,Delivered,Italy,Consumer,2024-04-20,4651.0,62.0,3.0,Electronics,359.2,1684.0,Bank Transfer,Success,1077.6,True
1114,163,2024-01-03,Delivered,Italy,Consumer,2024-06-15,517.0,53.0,4.0,Electronics,202.15,105.0,Card,Success,808.6,True
1114,163,2024-01-03,Delivered,Italy,Consumer,2024-06-15,4778.0,71.0,1.0,Electronics,400.0,105.0,Card,Success,400.0,True
1115,66,2024-06-27,Delivered,Germany,Corporate,2023-03-19,2598.0,98.0,4.0,Electronics,260.05,,,,1040.2,False
1116,347,2024-12-07,Delivered,Spain,Consumer,2023-07-01,995.0,89.0,3.0,Home,478.85,1602.0,PayPal,Success,1436.5500000000002,True
1117,130,2024-10-29,Delivered,Unknown,Corporate,2024-03-21,1205.0,14.0,4.0,Electronics,62.06,1255.0,Card,Success,248.24,True
1117,130,2024-10-29,Delivered,Unknown,Corporate,2024-03-21,1323.0,42.0,4.0,Clothing,96.81,1255.0,Card,Success,387.24,True
1117,130,2024-10-29,Delivered,Unknown,Corporate,2024-03-21,2254.0,83.0,2.0,Sports,119.13,1255.0,Card,Success,238.26,True
1117,130,2024-10-29,Delivered,Unknown,Corporate,2024-03-21,4996.0,22.0,2.0,Home,326.83,1255.0,Card,Success,653.66,True
1118,419,2024-11-27,Delivered,Italy,Corporate,2024-08-26,1461.0,66.0,2.0,Clothing,27.32,1823.0,Bank Transfer,Success,54.64,True
1118,419,2024-11-27,Delivered,Italy,Corporate,2024-08-26,2716.0,66.0,1.0,Clothing,27.32,1823.0,Bank Transfer,Success,27.32,True
1119,466,2024-02-07,Cancelled,Spain,Small Business,2023-07-28,1111.0,43.0,3.0,Electronics,195.06,1595.0,Card,Success,585.1800000000001,False
1119,466,2024-02-07,Cancelled,Spain,Small Business,2023-07-28,1213.0,78.0,4.0,Clothing,494.65,1595.0,Card,Success,1978.6,False
1119,466,2024-02-07,Cancelled,Spain,Small Business,2023-07-28,1633.0,51.0,4.0,Electronics,292.47,1595.0,Card,Success,1169.88,False
1119,466,2024-02-07,Cancelled,Spain,Small Business,2023-07-28,3267.0,26.0,1.0,Electronics,443.07,1595.0,Card,Success,443.07,False
1120,206,2024-08-26,Cancelled,France,Consumer,2023-12-15,1022.0,38.0,3.0,Clothing,211.67,36.0,PayPal,Failed,635.01,False
1121,276,2024-06-17,Delivered,Italy,Corporate,2023-11-20,3277.0,3.0,4.0,Electronics,30.54,1860.0,Bank Transfer,Success,122.16,True
1122,466,2024-12-08,Delivered,Spain,Small Business,2023-07-28,4908.0,64.0,4.0,Sports,142.25,637.0,Card,Success,569.0,True
1123,256,2024-11-09,Cancelled,Spain,Corporate,2023-04-07,1649.0,6.0,1.0,Clothing,296.19,826.0,Card,Success,296.19,False
1123,256,2024-11-09,Cancelled,Spain,Corporate,2023-04-07,3700.0,21.0,1.0,Home,324.05,826.0,Card,Success,324.05,False
1124,266,2024-11-01,Delivered,Germany,Small Business,2023-06-08,546.0,3.0,4.0,Electronics,30.54,995.0,PayPal,Success,122.16,True
1124,266,2024-11-01,Delivered,Germany,Small Business,2023-06-08,4112.0,78.0,2.0,Clothing,494.65,995.0,PayPal,Success,989.3,True
1125,25,2024-01-30,Delivered,Italy,Consumer,2024-09-25,880.0,32.0,4.0,Sports,271.51,666.0,Bank Transfer,Success,1086.04,True
1125,25,2024-01-30,Delivered,Italy,Consumer,2024-09-25,2441.0,2.0,4.0,Home,348.12,666.0,Bank Transfer,Success,1392.48,True
1126,450,2024-07-08,Delivered,Germany,Corporate,2024-01-31,66.0,94.0,4.0,Clothing,261.54,150.0,Card,Failed,1046.16,False
1126,450,2024-07-08,Delivered,Germany,Corporate,2024-01-31,2287.0,3.0,2.0,Electronics,30.54,150.0,Card,Failed,61.08,False
1126,450,2024-07-08,Delivered,Germany,Corporate,2024-01-31,3542.0,64.0,2.0,Sports,142.25,150.0,Card,Failed,284.5,False
1127,281,2024-12-22,Cancelled,Italy,Small Business,2024-09-18,2074.0,79.0,2.0,Electronics,372.96,1304.0,PayPal,Failed,745.92,False
1127,281,2024-12-22,Cancelled,Italy,Small Business,2024-09-18,2945.0,34.0,3.0,Home,370.24,1304.0,PayPal,Failed,1110.72,False
1127,281,2024-12-22,Cancelled,Italy,Small Business,2024-09-18,2998.0,64.0,4.0,Sports,142.25,1304.0,PayPal,Failed,569.0,False
1127,281,2024-12-22,Cancelled,Italy,Small Business,2024-09-18,3036.0,30.0,1.0,Sports,288.35,1304.0,PayPal,Failed,288.35,False
1127,281,2024-12-22,Cancelled,Italy,Small Business,2024-09-18,3172.0,28.0,1.0,Electronics,223.31,1304.0,PayPal,Failed,223.31,False
1127,281,2024-12-22,Cancelled,Italy,Small Business,2024-09-18,4842.0,64.0,1.0,Sports,142.25,1304.0,PayPal,Failed,142.25,False
1127,281,2024-12-22,Cancelled,Italy,Small Business,2024-09-18,4887.0,78.0,4.0,Clothing,494.65,1304.0,PayPal,Failed,1978.6,False
1128,253,2024-01-25,Delivered,Italy,Consumer,2023-06-06,3926.0,9.0,4.0,Home,239.24,1693.0,Bank Transfer,Success,956.96,True
1128,253,2024-01-25,Delivered,Italy,Consumer,2023-06-06,3947.0,71.0,3.0,Electronics,400.0,1693.0,Bank Transfer,Success,1200.0,True
1129,310,2024-04-21,Delivered,Unknown,Consumer,2023-02-20,3288.0,69.0,4.0,Sports,66.6,1130.0,Card,Success,266.4,True
1129,310,2024-04-21,Delivered,Unknown,Consumer,2023-02-20,4328.0,8.0,4.0,Electronics,280.12,1130.0,Card,Success,1120.48,True
1130,289,2024-07-24,Delivered,France,Consumer,2023-05-14,3981.0,36.0,1.0,Home,216.27,456.0,Card,Success,216.27,True
1130,289,2024-07-24,Delivered,France,Consumer,2023-05-14,4110.0,76.0,4.0,Electronics,302.4,456.0,Card,Success,1209.6,True
1130,289,2024-07-24,Delivered,France,Consumer,2023-05-14,4503.0,39.0,4.0,Home,233.66,456.0,Card,Success,934.64,True
1131,164,2024-07-03,Cancelled,Italy,Consumer,2023-04-23,932.0,25.0,3.0,Clothing,243.13,476.0,Card,Failed,729.39,False
1131,164,2024-07-03,Cancelled,Italy,Consumer,2023-04-23,1755.0,45.0,3.0,Clothing,39.66,476.0,Card,Failed,118.97999999999999,False
1132,95,2024-02-16,Delivered,Germany,Corporate,2023-07-31,,,,,,,,,,False
1133,270,2024-08-15,Returned,Spain,Corporate,2023-01-15,1795.0,15.0,2.0,Home,213.77,1553.0,Card,Success,427.54,False
1133,270,2024-08-15,Returned,Spain,Corporate,2023-01-15,2749.0,86.0,1.0,Sports,28.24,1553.0,Card,Success,28.24,False
1133,270,2024-08-15,Returned,Spain,Corporate,2023-01-15,4301.0,44.0,4.0,Clothing,466.63,1553.0,Card,Success,1866.52,False
1134,321,2024-02-08,Delivered,Italy,Consumer,2023-07-01,987.0,87.0,1.0,Home,195.12,291.0,PayPal,Success,195.12,True
1134,321,2024-02-08,Delivered,Italy,Consumer,2023-07-01,2391.0,65.0,2.0,Home,455.62,291.0,PayPal,Success,911.24,True
1134,321,2024-02-08,Delivered,Italy,Consumer,2023-07-01,2516.0,97.0,3.0,Sports,133.82,291.0,PayPal,Success,401.46,True
1134,321,2024-02-08,Delivered,Italy,Consumer,2023-07-01,3204.0,85.0,3.0,Sports,64.57,291.0,PayPal,Success,193.70999999999998,True
1134,321,2024-02-08,Delivered,Italy,Consumer,2023-07-01,4342.0,100.0,1.0,Electronics,498.19,291.0,PayPal,Success,498.19,True
1135,110,2024-01-16,Delivered,Spain,Consumer,2024-08-17,3133.0,79.0,1.0,Electronics,372.96,1285.0,Bank Transfer,Success,372.96,True
1135,110,2024-01-16,Delivered,Spain,Consumer,2024-08-17,3644.0,4.0,1.0,Sports,336.61,1285.0,Bank Transfer,Success,336.61,True
1136,336,2024-01-22,Delivered,Italy,Consumer,2024-06-20,1361.0,70.0,2.0,Home,478.43,1891.0,Card,Success,956.86,True
1137,310,2024-07-31,Delivered,Unknown,Consumer,2023-02-20,601.0,53.0,1.0,Electronics,202.15,1323.0,PayPal,Success,202.15,True
1137,310,2024-07-31,Delivered,Unknown,Consumer,2023-02-20,1281.0,8.0,3.0,Electronics,280.12,1323.0,PayPal,Success,840.36,True
1137,310,2024-07-31,Delivered,Unknown,Consumer,2023-02-20,4208.0,19.0,3.0,Clothing,230.3,1323.0,PayPal,Success,690.9000000000001,True
1138,238,2024-11-05,Returned,Germany,Corporate,2023-07-17,287.0,8.0,4.0,Electronics,280.12,675.0,Bank Transfer,Success,1120.48,False
1138,238,2024-11-05,Returned,Germany,Corporate,2023-07-17,947.0,35.0,2.0,Sports,262.48,675.0,Bank Transfer,Success,524.96,False
1138,238,2024-11-05,Returned,Germany,Corporate,2023-07-17,2020.0,61.0,1.0,Clothing,427.15,675.0,Bank Transfer,Success,427.15,False
1139,381,2024-05-28,Delivered,Italy,Corporate,2024-04-21,1236.0,52.0,4.0,Electronics,139.49,869.0,Bank Transfer,Success,557.96,True
1139,381,2024-05-28,Delivered,Italy,Corporate,2024-04-21,1886.0,89.0,2.0,Home,478.85,869.0,Bank Transfer,Success,957.7,True
1139,381,2024-05-28,Delivered,Italy,Corporate,2024-04-21,2396.0,41.0,3.0,Home,5.12,869.0,Bank Transfer,Success,15.36,True
1139,381,2024-05-28,Delivered,Italy,Corporate,2024-04-21,2779.0,84.0,2.0,Clothing,416.17,869.0,Bank Transfer,Success,832.34,True
1139,381,2024-05-28,Delivered,Italy,Corporate,2024-04-21,3563.0,30.0,2.0,Sports,288.35,869.0,Bank Transfer,Success,576.7,True
1140,436,2024-08-28,Delivered,Italy,Corporate,2023-05-31,3124.0,15.0,2.0,Home,213.77,1679.0,Card,Success,427.54,True
1140,436,2024-08-28,Delivered,Italy,Corporate,2023-05-31,4789.0,39.0,4.0,Home,233.66,1679.0,Card,Success,934.64,True
1140,436,2024-08-28,Delivered,Italy,Corporate,2023-05-31,4938.0,69.0,2.0,Sports,66.6,1679.0,Card,Success,133.2,True
1141,387,2024-09-28,Delivered,Spain,Corporate,2024-08-12,4013.0,32.0,3.0,Sports,271.51,446.0,Card,Success,814.53,True
1141,387,2024-09-28,Delivered,Spain,Corporate,2024-08-12,4917.0,94.0,1.0,Clothing,261.54,446.0,Card,Success,261.54,True
1142,483,2024-02-28,Delivered,France,Small Business,2023-03-16,2328.0,34.0,3.0,Home,370.24,79.0,PayPal,Success,1110.72,True
1142,483,2024-02-28,Delivered,France,Small Business,2023-03-16,2465.0,64.0,4.0,Sports,142.25,79.0,PayPal,Success,569.0,True
1142,483,2024-02-28,Delivered,France,Small Business,2023-03-16,2652.0,66.0,2.0,Clothing,27.32,79.0,PayPal,Success,54.64,True
1143,425,2024-10-13,Delivered,Italy,Small Business,2023-10-15,1996.0,76.0,3.0,Electronics,302.4,974.0,Bank Transfer,Success,907.1999999999999,True
1144,390,2024-07-20,Delivered,France,Corporate,2023-07-13,1780.0,28.0,1.0,Electronics,223.31,1430.0,Bank Transfer,Success,223.31,True
1144,390,2024-07-20,Delivered,France,Corporate,2023-07-13,2599.0,12.0,3.0,Sports,366.86,1430.0,Bank Transfer,Success,1100.58,True
1144,390,2024-07-20,Delivered,France,Corporate,2023-07-13,3332.0,39.0,2.0,Home,233.66,1430.0,Bank Transfer,Success,467.32,True
1144,390,2024-07-20,Delivered,France,Corporate,2023-07-13,4077.0,63.0,2.0,Sports,296.61,1430.0,Bank Transfer,Success,593.22,True
1144,390,2024-07-20,Delivered,France,Corporate,2023-07-13,4225.0,7.0,1.0,Electronics,499.68,1430.0,Bank Transfer,Success,499.68,True
1144,390,2024-07-20,Delivered,France,Corporate,2023-07-13,4602.0,61.0,2.0,Clothing,427.15,1430.0,Bank Transfer,Success,854.3,True
1145,25,2024-02-01,Returned,Italy,Consumer,2024-09-25,,,,,,1284.0,Bank Transfer,Success,,False
1146,141,2024-06-10,Delivered,Italy,Consumer,2023-01-06,561.0,73.0,1.0,Home,296.33,1681.0,PayPal,Success,296.33,True
1146,141,2024-06-10,Delivered,Italy,Consumer,2023-01-06,1096.0,84.0,1.0,Clothing,416.17,1681.0,PayPal,Success,416.17,True
1146,141,2024-06-10,Delivered,Italy,Consumer,2023-01-06,3505.0,29.0,4.0,Clothing,205.22,1681.0,PayPal,Success,820.88,True
1146,141,2024-06-10,Delivered,Italy,Consumer,2023-01-06,4127.0,90.0,1.0,Electronics,413.97,1681.0,PayPal,Success,413.97,True
1147,117,2024-09-11,Delivered,France,Consumer,2023-11-16,689.0,38.0,2.0,Clothing,211.67,1578.0,Bank Transfer,Success,423.34,True
1148,482,2024-09-10,Delivered,Germany,Corporate,2024-09-01,816.0,79.0,1.0,Electronics,372.96,1647.0,Card,Success,372.96,True
1148,482,2024-09-10,Delivered,Germany,Corporate,2024-09-01,2301.0,47.0,4.0,Electronics,31.08,1647.0,Card,Success,124.32,True
1149,392,2024-01-09,Delivered,Spain,Consumer,2023-04-23,749.0,95.0,2.0,Sports,300.65,961.0,Bank Transfer,Success,601.3,True
1150,405,2024-05-18,Delivered,Italy,Consumer,2024-04-20,497.0,22.0,1.0,Home,326.83,1222.0,Card,Success,326.83,True
1150,405,2024-05-18,Delivered,Italy,Consumer,2024-04-20,2550.0,22.0,4.0,Home,326.83,1222.0,Card,Success,1307.32,True
1151,482,2024-01-10,Cancelled,Germany,Corporate,2024-09-01,,,,,,514.0,PayPal,Success,,False
1152,452,2024-08-01,Delivered,Germany,Corporate,2023-09-18,1407.0,19.0,2.0,Clothing,230.3,738.0,Card,Success,460.6,True
1152,452,2024-08-01,Delivered,Germany,Corporate,2023-09-18,1767.0,84.0,2.0,Clothing,416.17,738.0,Card,Success,832.34,True
1152,452,2024-08-01,Delivered,Germany,Corporate,2023-09-18,2403.0,40.0,3.0,Electronics,495.22,738.0,Card,Success,1485.66,True
1152,452,2024-08-01,Delivered,Germany,Corporate,2023-09-18,4115.0,83.0,4.0,Sports,119.13,738.0,Card,Success,476.52,True
1153,25,2024-09-29,Delivered,Italy,Consumer,2024-09-25,2488.0,19.0,1.0,Clothing,230.3,393.0,PayPal,Failed,230.3,False
1153,25,2024-09-29,Delivered,Italy,Consumer,2024-09-25,4026.0,37.0,4.0,Electronics,438.95,393.0,PayPal,Failed,1755.8,False
1154,79,2024-11-19,Delivered,Spain,Small Business,2023-10-01,1878.0,67.0,1.0,Clothing,59.19,1054.0,PayPal,Success,59.19,True
1154,79,2024-11-19,Delivered,Spain,Small Business,2023-10-01,4209.0,30.0,4.0,Sports,288.35,1054.0,PayPal,Success,1153.4,True
1155,68,2024-02-17,Returned,France,Corporate,2024-01-21,65.0,6.0,2.0,Clothing,296.19,515.0,PayPal,Success,592.38,False
1155,68,2024-02-17,Returned,France,Corporate,2024-01-21,3409.0,74.0,2.0,Home,491.25,515.0,PayPal,Success,982.5,False
1156,173,2024-04-20,Delivered,Unknown,Consumer,2024-05-25,2126.0,64.0,3.0,Sports,142.25,538.0,Card,Success,426.75,True
1156,173,2024-04-20,Delivered,Unknown,Consumer,2024-05-25,2611.0,24.0,2.0,Clothing,282.54,538.0,Card,Success,565.08,True
1156,173,2024-04-20,Delivered,Unknown,Consumer,2024-05-25,3196.0,17.0,3.0,Sports,373.81,538.0,Card,Success,1121.43,True
1156,173,2024-04-20,Delivered,Unknown,Consumer,2024-05-25,4485.0,87.0,2.0,Home,195.12,538.0,Card,Success,390.24,True
1157,444,2024-06-01,Delivered,Italy,Consumer,2023-03-23,59.0,48.0,3.0,Electronics,48.83,1968.0,Card,Success,146.49,True
1158,12,2024-05-02,Delivered,Spain,Corporate,2023-07-02,2060.0,23.0,4.0,Sports,185.53,1072.0,Bank Transfer,Success,742.12,True
1158,12,2024-05-02,Delivered,Spain,Corporate,2023-07-02,3520.0,97.0,1.0,Sports,133.82,1072.0,Bank Transfer,Success,133.82,True
1159,288,2024-12-22,Delivered,France,Small Business,2024-07-03,184.0,61.0,3.0,Clothing,427.15,1698.0,Bank Transfer,Success,1281.4499999999998,True
1159,288,2024-12-22,Delivered,France,Small Business,2024-07-03,1814.0,79.0,4.0,Electronics,372.96,1698.0,Bank Transfer,Success,1491.84,True
1160,128,2024-04-11,Delivered,France,Small Business,2024-05-30,698.0,16.0,1.0,Home,398.69,821.0,Card,Success,398.69,True
1160,128,2024-04-11,Delivered,France,Small Business,2024-05-30,1179.0,20.0,3.0,Clothing,263.61,821.0,Card,Success,790.83,True
1160,128,2024-04-11,Delivered,France,Small Business,2024-05-30,3622.0,45.0,1.0,Clothing,39.66,821.0,Card,Success,39.66,True
1161,96,2024-08-28,Delivered,Germany,Small Business,2023-01-25,829.0,64.0,2.0,Sports,142.25,1926.0,Bank Transfer,Success,284.5,True
1161,96,2024-08-28,Delivered,Germany,Small Business,2023-01-25,2483.0,71.0,2.0,Electronics,400.0,1926.0,Bank Transfer,Success,800.0,True
1162,92,2024-11-16,Delivered,Italy,Consumer,2024-06-20,367.0,27.0,3.0,Sports,267.48,289.0,PayPal,Failed,802.44,False
1162,92,2024-11-16,Delivered,Italy,Consumer,2024-06-20,367.0,27.0,3.0,Sports,267.48,1807.0,Bank Transfer,Success,802.44,True
1162,92,2024-11-16,Delivered,Italy,Consumer,2024-06-20,734.0,76.0,1.0,Electronics,302.4,289.0,PayPal,Failed,302.4,False
1162,92,2024-11-16,Delivered,Italy,Consumer,2024-06-20,734.0,76.0,1.0,Electronics,302.4,1807.0,Bank Transfer,Success,302.4,True
1162,92,2024-11-16,Delivered,Italy,Consumer,2024-06-20,798.0,68.0,3.0,Clothing,198.86,289.0,PayPal,Failed,596.58,False
1162,92,2024-11-16,Delivered,Italy,Consumer,2024-06-20,798.0,68.0,3.0,Clothing,198.86,1807.0,Bank Transfer,Success,596.58,True
1162,92,2024-11-16,Delivered,Italy,Consumer,2024-06-20,2189.0,19.0,2.0,Clothing,230.3,289.0,PayPal,Failed,460.6,False
1162,92,2024-11-16,Delivered,Italy,Consumer,2024-06-20,2189.0,19.0,2.0,Clothing,230.3,1807.0,Bank Transfer,Success,460.6,True
1162,92,2024-11-16,Delivered,Italy,Consumer,2024-06-20,2266.0,72.0,2.0,Sports,133.2,289.0,PayPal,Failed,266.4,False
1162,92,2024-11-16,Delivered,Italy,Consumer,2024-06-20,2266.0,72.0,2.0,Sports,133.2,1807.0,Bank Transfer,Success,266.4,True
1162,92,2024-11-16,Delivered,Italy,Consumer,2024-06-20,3380.0,20.0,4.0,Clothing,263.61,289.0,PayPal,Failed,1054.44,False
1162,92,2024-11-16,Delivered,Italy,Consumer,2024-06-20,3380.0,20.0,4.0,Clothing,263.61,1807.0,Bank Transfer,Success,1054.44,True
1162,92,2024-11-16,Delivered,Italy,Consumer,2024-06-20,4683.0,7.0,1.0,Electronics,499.68,289.0,PayPal,Failed,499.68,False
1162,92,2024-11-16,Delivered,Italy,Consumer,2024-06-20,4683.0,7.0,1.0,Electronics,499.68,1807.0,Bank Transfer,Success,499.68,True
1163,141,2024-07-09,Delivered,Italy,Consumer,2023-01-06,,,,,,13.0,Bank Transfer,Success,,True
1164,31,2024-08-04,Cancelled,France,Consumer,2024-11-12,,,,,,329.0,Bank Transfer,Success,,False
1165,334,2024-02-20,Delivered,Spain,Consumer,2024-07-28,882.0,8.0,4.0,Electronics,280.12,1057.0,Bank Transfer,Success,1120.48,True
1165,334,2024-02-20,Delivered,Spain,Consumer,2024-07-28,2209.0,6.0,2.0,Clothing,296.19,1057.0,Bank Transfer,Success,592.38,True
1166,20,2024-10-18,Delivered,Spain,Small Business,2023-07-14,1041.0,71.0,2.0,Electronics,400.0,1231.0,Card,Success,800.0,True
1166,20,2024-10-18,Delivered,Spain,Small Business,2023-07-14,1584.0,81.0,3.0,Electronics,203.78,1231.0,Card,Success,611.34,True
1166,20,2024-10-18,Delivered,Spain,Small Business,2023-07-14,3742.0,88.0,3.0,Sports,23.18,1231.0,Card,Success,69.53999999999999,True
1166,20,2024-10-18,Delivered,Spain,Small Business,2023-07-14,4104.0,12.0,2.0,Sports,366.86,1231.0,Card,Success,733.72,True
1166,20,2024-10-18,Delivered,Spain,Small Business,2023-07-14,4272.0,77.0,1.0,Electronics,452.34,1231.0,Card,Success,452.34,True
1166,20,2024-10-18,Delivered,Spain,Small Business,2023-07-14,4490.0,88.0,3.0,Sports,23.18,1231.0,Card,Success,69.53999999999999,True
1167,146,2024-03-21,Delivered,Spain,Consumer,2024-10-07,1684.0,65.0,3.0,Home,455.62,1902.0,Card,Failed,1366.8600000000001,False
1168,477,2024-03-28,Delivered,France,Corporate,2023-01-04,909.0,21.0,3.0,Home,324.05,115.0,PayPal,Success,972.1500000000001,True
1168,477,2024-03-28,Delivered,France,Corporate,2023-01-04,3913.0,16.0,1.0,Home,398.69,115.0,PayPal,Success,398.69,True
1169,316,2024-07-12,Delivered,Italy,Small Business,2024-09-04,4241.0,67.0,4.0,Clothing,59.19,17.0,Card,Success,236.76,True
1169,316,2024-07-12,Delivered,Italy,Small Business,2024-09-04,4527.0,69.0,3.0,Sports,66.6,17.0,Card,Success,199.79999999999998,True
1169,316,2024-07-12,Delivered,Italy,Small Business,2024-09-04,4969.0,97.0,1.0,Sports,133.82,17.0,Card,Success,133.82,True
1170,447,2024-04-13,Delivered,Spain,Small Business,2024-01-21,706.0,1.0,1.0,Electronics,325.1,765.0,Card,Success,325.1,True
1170,447,2024-04-13,Delivered,Spain,Small Business,2024-01-21,2711.0,86.0,3.0,Sports,28.24,765.0,Card,Success,84.72,True
1170,447,2024-04-13,Delivered,Spain,Small Business,2024-01-21,3374.0,85.0,2.0,Sports,64.57,765.0,Card,Success,129.14,True
1170,447,2024-04-13,Delivered,Spain,Small Business,2024-01-21,3626.0,61.0,1.0,Clothing,427.15,765.0,Card,Success,427.15,True
1170,447,2024-04-13,Delivered,Spain,Small Business,2024-01-21,4195.0,37.0,1.0,Electronics,438.95,765.0,Card,Success,438.95,True
1171,390,2024-09-27,Delivered,France,Corporate,2023-07-13,784.0,69.0,1.0,Sports,66.6,1104.0,PayPal,Success,66.6,True
1171,390,2024-09-27,Delivered,France,Corporate,2023-07-13,2941.0,26.0,2.0,Electronics,443.07,1104.0,PayPal,Success,886.14,True
1172,160,2024-04-05,Delivered,Italy,Corporate,2024-02-14,3734.0,43.0,3.0,Electronics,195.06,1379.0,Card,Success,585.1800000000001,True
1172,160,2024-04-05,Delivered,Italy,Corporate,2024-02-14,4072.0,40.0,2.0,Electronics,495.22,1379.0,Card,Success,990.44,True
1172,160,2024-04-05,Delivered,Italy,Corporate,2024-02-14,4894.0,54.0,1.0,Home,50.39,1379.0,Card,Success,50.39,True
1173,349,2024-07-16,Returned,Italy,Small Business,2023-01-25,3929.0,18.0,4.0,Home,32.17,1743.0,Card,Success,128.68,False
1173,349,2024-07-16,Returned,Italy,Small Business,2023-01-25,4409.0,32.0,1.0,Sports,271.51,1743.0,Card,Success,271.51,False
1173,349,2024-07-16,Returned,Italy,Small Business,2023-01-25,4751.0,47.0,2.0,Electronics,31.08,1743.0,Card,Success,62.16,False
1173,349,2024-07-16,Returned,Italy,Small Business,2023-01-25,4807.0,90.0,2.0,Electronics,413.97,1743.0,Card,Success,827.94,False
1174,43,2024-01-01,Delivered,Germany,Consumer,2023-09-06,2241.0,42.0,4.0,Clothing,96.81,480.0,Card,Success,387.24,True
1174,43,2024-01-01,Delivered,Germany,Consumer,2023-09-06,2597.0,18.0,1.0,Home,32.17,480.0,Card,Success,32.17,True
1175,254,2024-06-15,Returned,France,Consumer,2024-07-03,3109.0,46.0,3.0,Electronics,9.7,1418.0,Bank Transfer,Success,29.099999999999998,False
1176,130,2024-05-05,Delivered,Unknown,Corporate,2024-03-21,2286.0,31.0,4.0,Home,402.97,693.0,PayPal,Success,1611.88,True
1176,130,2024-05-05,Delivered,Unknown,Corporate,2024-03-21,3242.0,1.0,4.0,Electronics,325.1,693.0,PayPal,Success,1300.4,True
1177,60,2024-11-08,Delivered,France,Corporate,2023-10-30,3608.0,43.0,1.0,Electronics,195.06,1753.0,PayPal,Success,195.06,True
1177,60,2024-11-08,Delivered,France,Corporate,2023-10-30,4247.0,11.0,3.0,Home,64.66,1753.0,PayPal,Success,193.98,True
1178,151,2024-03-21,Delivered,Spain,Small Business,2024-03-16,659.0,38.0,3.0,Clothing,211.67,1712.0,Bank Transfer,Success,635.01,True
1178,151,2024-03-21,Delivered,Spain,Small Business,2024-03-16,1121.0,63.0,1.0,Sports,296.61,1712.0,Bank Transfer,Success,296.61,True
1178,151,2024-03-21,Delivered,Spain,Small Business,2024-03-16,2277.0,95.0,1.0,Sports,300.65,1712.0,Bank Transfer,Success,300.65,True
1179,467,2024-09-07,Delivered,Italy,Small Business,2024-06-09,2523.0,90.0,2.0,Electronics,413.97,1312.0,Bank Transfer,Success,827.94,True
1179,467,2024-09-07,Delivered,Italy,Small Business,2024-06-09,4459.0,65.0,1.0,Home,455.62,1312.0,Bank Transfer,Success,455.62,True
1179,467,2024-09-07,Delivered,Italy,Small Business,2024-06-09,4532.0,20.0,4.0,Clothing,263.61,1312.0,Bank Transfer,Success,1054.44,True
1180,287,2024-06-17,Delivered,France,Corporate,2023-09-11,263.0,53.0,3.0,Electronics,202.15,709.0,Bank Transfer,Success,606.45,True
1180,287,2024-06-17,Delivered,France,Corporate,2023-09-11,1833.0,92.0,2.0,Home,316.74,709.0,Bank Transfer,Success,633.48,True
1180,287,2024-06-17,Delivered,France,Corporate,2023-09-11,4653.0,69.0,4.0,Sports,66.6,709.0,Bank Transfer,Success,266.4,True
1181,499,2024-03-13,Delivered,France,Corporate,2023-10-14,344.0,63.0,3.0,Sports,296.61,688.0,Card,Success,889.83,True
1181,499,2024-03-13,Delivered,France,Corporate,2023-10-14,767.0,64.0,1.0,Sports,142.25,688.0,Card,Success,142.25,True
1181,499,2024-03-13,Delivered,France,Corporate,2023-10-14,3402.0,18.0,2.0,Home,32.17,688.0,Card,Success,64.34,True
1181,499,2024-03-13,Delivered,France,Corporate,2023-10-14,3561.0,18.0,2.0,Home,32.17,688.0,Card,Success,64.34,True
1182,5,2024-05-20,Returned,Spain,Consumer,2023-02-22,188.0,62.0,4.0,Electronics,359.2,907.0,Bank Transfer,Success,1436.8,False
1183,467,2024-03-10,Cancelled,Italy,Small Business,2024-06-09,1908.0,18.0,2.0,Home,32.17,1159.0,PayPal,Failed,64.34,False
1183,467,2024-03-10,Cancelled,Italy,Small Business,2024-06-09,3188.0,32.0,3.0,Sports,271.51,1159.0,PayPal,Failed,814.53,False
1183,467,2024-03-10,Cancelled,Italy,Small Business,2024-06-09,3425.0,1.0,3.0,Electronics,325.1,1159.0,PayPal,Failed,975.3000000000001,False
1184,418,2024-09-18,Delivered,Germany,Small Business,2024-08-31,436.0,73.0,2.0,Home,296.33,941.0,Bank Transfer,Success,592.66,True
1184,418,2024-09-18,Delivered,Germany,Small Business,2024-08-31,1960.0,36.0,1.0,Home,216.27,941.0,Bank Transfer,Success,216.27,True
1185,266,2024-12-05,Delivered,Germany,Small Business,2023-06-08,611.0,52.0,2.0,Electronics,139.49,1410.0,PayPal,Success,278.98,True
1185,266,2024-12-05,Delivered,Germany,Small Business,2023-06-08,3105.0,24.0,2.0,Clothing,282.54,1410.0,PayPal,Success,565.08,True
1185,266,2024-12-05,Delivered,Germany,Small Business,2023-06-08,4564.0,23.0,2.0,Sports,185.53,1410.0,PayPal,Success,371.06,True
1185,266,2024-12-05,Delivered,Germany,Small Business,2023-06-08,4815.0,9.0,4.0,Home,239.24,1410.0,PayPal,Success,956.96,True
1186,345,2024-11-03,Delivered,Spain,Small Business,2024-10-01,2242.0,34.0,4.0,Home,370.24,1797.0,PayPal,Success,1480.96,True
1186,345,2024-11-03,Delivered,Spain,Small Business,2024-10-01,2303.0,63.0,3.0,Sports,296.61,1797.0,PayPal,Success,889.83,True
1186,345,2024-11-03,Delivered,Spain,Small Business,2024-10-01,3610.0,14.0,3.0,Electronics,62.06,1797.0,PayPal,Success,186.18,True
1186,345,2024-11-03,Delivered,Spain,Small Business,2024-10-01,3890.0,63.0,1.0,Sports,296.61,1797.0,PayPal,Success,296.61,True
1187,130,2024-09-01,Delivered,Unknown,Corporate,2024-03-21,225.0,59.0,2.0,Home,236.32,1438.0,Bank Transfer,Success,472.64,True
1187,130,2024-09-01,Delivered,Unknown,Corporate,2024-03-21,2633.0,19.0,4.0,Clothing,230.3,1438.0,Bank Transfer,Success,921.2,True
1188,382,2024-01-03,Delivered,Germany,Corporate,2023-10-13,512.0,88.0,3.0,Sports,23.18,1468.0,Card,Success,69.53999999999999,True
1188,382,2024-01-03,Delivered,Germany,Corporate,2023-10-13,853.0,24.0,2.0,Clothing,282.54,1468.0,Card,Success,565.08,True
1188,382,2024-01-03,Delivered,Germany,Corporate,2023-10-13,2700.0,25.0,1.0,Clothing,243.13,1468.0,Card,Success,243.13,True
1188,382,2024-01-03,Delivered,Germany,Corporate,2023-10-13,3077.0,17.0,2.0,Sports,373.81,1468.0,Card,Success,747.62,True
1188,382,2024-01-03,Delivered,Germany,Corporate,2023-10-13,3527.0,89.0,1.0,Home,478.85,1468.0,Card,Success,478.85,True
1189,267,2024-12-02,Returned,Italy,Corporate,2023-08-16,1342.0,33.0,1.0,Home,332.52,1434.0,PayPal,Success,332.52,False
1189,267,2024-12-02,Returned,Italy,Corporate,2023-08-16,1859.0,35.0,2.0,Sports,262.48,1434.0,PayPal,Success,524.96,False
1189,267,2024-12-02,Returned,Italy,Corporate,2023-08-16,2922.0,23.0,2.0,Sports,185.53,1434.0,PayPal,Success,371.06,False
1190,178,2024-03-03,Delivered,Spain,Consumer,2023-09-18,468.0,90.0,1.0,Electronics,413.97,72.0,PayPal,Success,413.97,True
1190,178,2024-03-03,Delivered,Spain,Consumer,2023-09-18,949.0,59.0,4.0,Home,236.32,72.0,PayPal,Success,945.28,True
1190,178,2024-03-03,Delivered,Spain,Consumer,2023-09-18,2068.0,79.0,3.0,Electronics,372.96,72.0,PayPal,Success,1118.8799999999999,True
1190,178,2024-03-03,Delivered,Spain,Consumer,2023-09-18,2093.0,19.0,2.0,Clothing,230.3,72.0,PayPal,Success,460.6,True
1190,178,2024-03-03,Delivered,Spain,Consumer,2023-09-18,3714.0,56.0,3.0,Clothing,263.65,72.0,PayPal,Success,790.9499999999999,True
1191,253,2024-02-18,Delivered,Italy,Consumer,2023-06-06,87.0,66.0,2.0,Clothing,27.32,44.0,PayPal,Success,54.64,True
1191,253,2024-02-18,Delivered,Italy,Consumer,2023-06-06,2246.0,29.0,4.0,Clothing,205.22,44.0,PayPal,Success,820.88,True
1191,253,2024-02-18,Delivered,Italy,Consumer,2023-06-06,3835.0,71.0,3.0,Electronics,400.0,44.0,PayPal,Success,1200.0,True
1192,415,2024-03-16,Delivered,Spain,Small Business,2023-08-17,2596.0,17.0,2.0,Sports,373.81,361.0,Card,Success,747.62,True
1192,415,2024-03-16,Delivered,Spain,Small Business,2023-08-17,4948.0,17.0,1.0,Sports,373.81,361.0,Card,Success,373.81,True
1193,56,2024-06-23,Delivered,Italy,Corporate,2023-01-08,,,,,,1520.0,Card,Success,,True
1194,463,2024-04-18,Delivered,Germany,Consumer,2023-02-28,416.0,51.0,4.0,Electronics,292.47,1544.0,Bank Transfer,Success,1169.88,True
1194,463,2024-04-18,Delivered,Germany,Consumer,2023-02-28,479.0,51.0,1.0,Electronics,292.47,1544.0,Bank Transfer,Success,292.47,True
1194,463,2024-04-18,Delivered,Germany,Consumer,2023-02-28,1542.0,1.0,4.0,Electronics,325.1,1544.0,Bank Transfer,Success,1300.4,True
1194,463,2024-04-18,Delivered,Germany,Consumer,2023-02-28,1645.0,7.0,4.0,Electronics,499.68,1544.0,Bank Transfer,Success,1998.72,True
1194,463,2024-04-18,Delivered,Germany,Consumer,2023-02-28,2095.0,13.0,2.0,Sports,100.34,1544.0,Bank Transfer,Success,200.68,True
1195,457,2024-07-01,Delivered,Germany,Consumer,2024-05-20,524.0,57.0,4.0,Electronics,367.47,798.0,PayPal,Success,1469.88,True
1196,471,2024-07-10,Delivered,France,Corporate,2023-10-08,140.0,64.0,4.0,Sports,142.25,1205.0,Bank Transfer,Success,569.0,True
1196,471,2024-07-10,Delivered,France,Corporate,2023-10-08,2910.0,95.0,4.0,Sports,300.65,1205.0,Bank Transfer,Success,1202.6,True
1196,471,2024-07-10,Delivered,France,Corporate,2023-10-08,2995.0,9.0,3.0,Home,239.24,1205.0,Bank Transfer,Success,717.72,True
1196,471,2024-07-10,Delivered,France,Corporate,2023-10-08,3327.0,70.0,2.0,Home,478.43,1205.0,Bank Transfer,Success,956.86,True
1196,471,2024-07-10,Delivered,France,Corporate,2023-10-08,4329.0,63.0,3.0,Sports,296.61,1205.0,Bank Transfer,Success,889.83,True
1197,83,2024-03-05,Delivered,France,Corporate,2024-09-22,1003.0,66.0,1.0,Clothing,27.32,287.0,PayPal,Success,27.32,True
1197,83,2024-03-05,Delivered,France,Corporate,2024-09-22,2088.0,31.0,3.0,Home,402.97,287.0,PayPal,Success,1208.91,True
1197,83,2024-03-05,Delivered,France,Corporate,2024-09-22,2296.0,94.0,3.0,Clothing,261.54,287.0,PayPal,Success,784.6200000000001,True
1197,83,2024-03-05,Delivered,France,Corporate,2024-09-22,4675.0,65.0,1.0,Home,455.62,287.0,PayPal,Success,455.62,True
1197,83,2024-03-05,Delivered,France,Corporate,2024-09-22,4850.0,90.0,4.0,Electronics,413.97,287.0,PayPal,Success,1655.88,True
1198,393,2024-12-02,Delivered,Italy,Consumer,2023-04-24,2274.0,92.0,1.0,Home,316.74,649.0,Card,Success,316.74,True
1198,393,2024-12-02,Delivered,Italy,Consumer,2023-04-24,2425.0,52.0,3.0,Electronics,139.49,649.0,Card,Success,418.47,True
1198,393,2024-12-02,Delivered,Italy,Consumer,2023-04-24,3812.0,83.0,3.0,Sports,119.13,649.0,Card,Success,357.39,True
1199,99,2024-09-27,Returned,Germany,Consumer,2023-03-08,910.0,80.0,2.0,Home,37.17,1034.0,PayPal,Success,74.34,False
1199,99,2024-09-27,Returned,Germany,Consumer,2023-03-08,1602.0,15.0,2.0,Home,213.77,1034.0,PayPal,Success,427.54,False
1199,99,2024-09-27,Returned,Germany,Consumer,2023-03-08,2628.0,65.0,3.0,Home,455.62,1034.0,PayPal,Success,1366.8600000000001,False
1199,99,2024-09-27,Returned,Germany,Consumer,2023-03-08,3078.0,89.0,1.0,Home,478.85,1034.0,PayPal,Success,478.85,False
1200,149,2024-04-09,Delivered,France,Corporate,2024-05-18,63.0,15.0,1.0,Home,213.77,1354.0,Bank Transfer,Success,213.77,True
1201,329,2024-02-01,Delivered,Italy,Consumer,2023-07-21,,,,,,899.0,PayPal,Success,,True
1202,156,2024-12-17,Delivered,Germany,Small Business,2023-06-22,1437.0,25.0,3.0,Clothing,243.13,1376.0,PayPal,Success,729.39,True
1202,156,2024-12-17,Delivered,Germany,Small Business,2023-06-22,2164.0,14.0,1.0,Electronics,62.06,1376.0,PayPal,Success,62.06,True
1202,156,2024-12-17,Delivered,Germany,Small Business,2023-06-22,4410.0,38.0,4.0,Clothing,211.67,1376.0,PayPal,Success,846.68,True
1203,190,2024-05-07,Delivered,Unknown,Corporate,2024-02-23,2090.0,68.0,4.0,Clothing,198.86,527.0,Bank Transfer,Success,795.44,True
1203,190,2024-05-07,Delivered,Unknown,Corporate,2024-02-23,3135.0,9.0,4.0,Home,239.24,527.0,Bank Transfer,Success,956.96,True
1204,494,2024-12-04,Delivered,Germany,Corporate,2024-08-10,1185.0,84.0,3.0,Clothing,416.17,1402.0,Bank Transfer,Success,1248.51,True
1204,494,2024-12-04,Delivered,Germany,Corporate,2024-08-10,1266.0,42.0,4.0,Clothing,96.81,1402.0,Bank Transfer,Success,387.24,True
1204,494,2024-12-04,Delivered,Germany,Corporate,2024-08-10,1379.0,61.0,4.0,Clothing,427.15,1402.0,Bank Transfer,Success,1708.6,True
1204,494,2024-12-04,Delivered,Germany,Corporate,2024-08-10,2079.0,23.0,4.0,Sports,185.53,1402.0,Bank Transfer,Success,742.12,True
1204,494,2024-12-04,Delivered,Germany,Corporate,2024-08-10,2595.0,24.0,2.0,Clothing,282.54,1402.0,Bank Transfer,Success,565.08,True
1204,494,2024-12-04,Delivered,Germany,Corporate,2024-08-10,2687.0,74.0,1.0,Home,491.25,1402.0,Bank Transfer,Success,491.25,True
1205,371,2024-02-12,Cancelled,Italy,Consumer,2023-11-23,439.0,54.0,1.0,Home,50.39,324.0,PayPal,Success,50.39,False
1205,371,2024-02-12,Cancelled,Italy,Consumer,2023-11-23,2490.0,74.0,1.0,Home,491.25,324.0,PayPal,Success,491.25,False
1205,371,2024-02-12,Cancelled,Italy,Consumer,2023-11-23,4921.0,63.0,4.0,Sports,296.61,324.0,PayPal,Success,1186.44,False
1206,263,2024-03-18,Delivered,France,Small Business,2024-05-31,1415.0,43.0,4.0,Electronics,195.06,1390.0,Bank Transfer,Success,780.24,True
1206,263,2024-03-18,Delivered,France,Small Business,2024-05-31,3983.0,100.0,4.0,Electronics,498.19,1390.0,Bank Transfer,Success,1992.76,True
1207,80,2024-11-09,Delivered,Italy,Small Business,2024-05-20,144.0,17.0,2.0,Sports,373.81,1114.0,PayPal,Success,747.62,True
1207,80,2024-11-09,Delivered,Italy,Small Business,2024-05-20,823.0,22.0,4.0,Home,326.83,1114.0,PayPal,Success,1307.32,True
1207,80,2024-11-09,Delivered,Italy,Small Business,2024-05-20,1995.0,7.0,3.0,Electronics,499.68,1114.0,PayPal,Success,1499.04,True
1207,80,2024-11-09,Delivered,Italy,Small Business,2024-05-20,3325.0,28.0,2.0,Electronics,223.31,1114.0,PayPal,Success,446.62,True
1207,80,2024-11-09,Delivered,Italy,Small Business,2024-05-20,4354.0,92.0,2.0,Home,316.74,1114.0,PayPal,Success,633.48,True
1207,80,2024-11-09,Delivered,Italy,Small Business,2024-05-20,4743.0,5.0,2.0,Home,26.86,1114.0,PayPal,Success,53.72,True
1208,400,2024-10-15,Delivered,France,Consumer,2024-04-02,678.0,93.0,3.0,Electronics,112.08,1475.0,PayPal,Success,336.24,True
1208,400,2024-10-15,Delivered,France,Consumer,2024-04-02,1422.0,64.0,4.0,Sports,142.25,1475.0,PayPal,Success,569.0,True
1208,400,2024-10-15,Delivered,France,Consumer,2024-04-02,3313.0,53.0,3.0,Electronics,202.15,1475.0,PayPal,Success,606.45,True
1209,252,2024-09-26,Delivered,France,Small Business,2024-02-24,1670.0,21.0,1.0,Home,324.05,604.0,PayPal,Success,324.05,True
1210,97,2024-06-10,Cancelled,Germany,Small Business,2024-08-02,1563.0,27.0,4.0,Sports,267.48,1873.0,Bank Transfer,Failed,1069.92,False
1211,260,2024-07-07,Cancelled,Spain,Corporate,2023-07-15,1286.0,40.0,3.0,Electronics,495.22,201.0,Card,Success,1485.66,False
1212,260,2024-09-03,Delivered,Spain,Corporate,2023-07-15,825.0,87.0,3.0,Home,195.12,316.0,Card,Success,585.36,True
1212,260,2024-09-03,Delivered,Spain,Corporate,2023-07-15,4095.0,46.0,4.0,Electronics,9.7,316.0,Card,Success,38.8,True
1213,103,2024-08-03,Delivered,Germany,Consumer,2023-04-21,280.0,85.0,1.0,Sports,64.57,1108.0,PayPal,Success,64.57,True
1213,103,2024-08-03,Delivered,Germany,Consumer,2023-04-21,473.0,60.0,1.0,Home,152.02,1108.0,PayPal,Success,152.02,True
1213,103,2024-08-03,Delivered,Germany,Consumer,2023-04-21,848.0,98.0,4.0,Electronics,260.05,1108.0,PayPal,Success,1040.2,True
1213,103,2024-08-03,Delivered,Germany,Consumer,2023-04-21,3182.0,49.0,4.0,Sports,23.61,1108.0,PayPal,Success,94.44,True
1213,103,2024-08-03,Delivered,Germany,Consumer,2023-04-21,4037.0,7.0,1.0,Electronics,499.68,1108.0,PayPal,Success,499.68,True
1213,103,2024-08-03,Delivered,Germany,Consumer,2023-04-21,4224.0,62.0,4.0,Electronics,359.2,1108.0,PayPal,Success,1436.8,True
1213,103,2024-08-03,Delivered,Germany,Consumer,2023-04-21,4414.0,88.0,1.0,Sports,23.18,1108.0,PayPal,Success,23.18,True
1214,40,2024-11-10,Delivered,Spain,Small Business,2024-06-29,3701.0,34.0,1.0,Home,370.24,1259.0,Card,Success,370.24,True
1215,273,2024-12-04,Returned,Italy,Consumer,2023-09-18,92.0,56.0,3.0,Clothing,263.65,1066.0,PayPal,Success,790.9499999999999,False
1215,273,2024-12-04,Returned,Italy,Consumer,2023-09-18,933.0,74.0,1.0,Home,491.25,1066.0,PayPal,Success,491.25,False
1215,273,2024-12-04,Returned,Italy,Consumer,2023-09-18,2705.0,39.0,2.0,Home,233.66,1066.0,PayPal,Success,467.32,False
1215,273,2024-12-04,Returned,Italy,Consumer,2023-09-18,3278.0,87.0,1.0,Home,195.12,1066.0,PayPal,Success,195.12,False
1215,273,2024-12-04,Returned,Italy,Consumer,2023-09-18,4496.0,43.0,2.0,Electronics,195.06,1066.0,PayPal,Success,390.12,False
1216,101,2024-06-16,Delivered,Spain,Corporate,2023-04-19,157.0,13.0,4.0,Sports,100.34,63.0,PayPal,Success,401.36,True
1216,101,2024-06-16,Delivered,Spain,Corporate,2023-04-19,1528.0,93.0,2.0,Electronics,112.08,63.0,PayPal,Success,224.16,True
1216,101,2024-06-16,Delivered,Spain,Corporate,2023-04-19,4489.0,75.0,4.0,Electronics,442.68,63.0,PayPal,Success,1770.72,True
1217,359,2024-12-04,Returned,France,Corporate,2024-04-13,1729.0,5.0,1.0,Home,26.86,1013.0,Bank Transfer,Success,26.86,False
1217,359,2024-12-04,Returned,France,Corporate,2024-04-13,2769.0,60.0,3.0,Home,152.02,1013.0,Bank Transfer,Success,456.06000000000006,False
1217,359,2024-12-04,Returned,France,Corporate,2024-04-13,3538.0,59.0,3.0,Home,236.32,1013.0,Bank Transfer,Success,708.96,False
1217,359,2024-12-04,Returned,France,Corporate,2024-04-13,3592.0,92.0,1.0,Home,316.74,1013.0,Bank Transfer,Success,316.74,False
1217,359,2024-12-04,Returned,France,Corporate,2024-04-13,3906.0,50.0,4.0,Electronics,242.49,1013.0,Bank Transfer,Success,969.96,False
1218,380,2024-07-11,Delivered,France,Consumer,2024-03-04,2806.0,4.0,4.0,Sports,336.61,1948.0,Bank Transfer,Failed,1346.44,False
1218,380,2024-07-11,Delivered,France,Consumer,2024-03-04,3307.0,69.0,1.0,Sports,66.6,1948.0,Bank Transfer,Failed,66.6,False
1219,308,2024-10-09,Delivered,Germany,Corporate,2024-08-26,2852.0,90.0,4.0,Electronics,413.97,32.0,PayPal,Success,1655.88,True
1220,221,2024-12-01,Delivered,Spain,Small Business,2023-10-23,1180.0,72.0,1.0,Sports,133.2,1332.0,Card,Success,133.2,True
1220,221,2024-12-01,Delivered,Spain,Small Business,2023-10-23,1549.0,83.0,3.0,Sports,119.13,1332.0,Card,Success,357.39,True
1220,221,2024-12-01,Delivered,Spain,Small Business,2023-10-23,3800.0,34.0,2.0,Home,370.24,1332.0,Card,Success,740.48,True
1220,221,2024-12-01,Delivered,Spain,Small Business,2023-10-23,4739.0,79.0,4.0,Electronics,372.96,1332.0,Card,Success,1491.84,True
1221,308,2024-01-13,Returned,Germany,Corporate,2024-08-26,607.0,1.0,4.0,Electronics,325.1,315.0,Bank Transfer,Success,1300.4,False
1221,308,2024-01-13,Returned,Germany,Corporate,2024-08-26,4802.0,4.0,4.0,Sports,336.61,315.0,Bank Transfer,Success,1346.44,False
1222,420,2024-08-27,Cancelled,Germany,Consumer,2023-09-21,4376.0,64.0,1.0,Sports,142.25,932.0,Bank Transfer,Success,142.25,False
1223,124,2024-11-15,Delivered,Spain,Consumer,2023-10-04,299.0,5.0,1.0,Home,26.86,1213.0,Bank Transfer,Success,26.86,True
1223,124,2024-11-15,Delivered,Spain,Consumer,2023-10-04,2637.0,71.0,3.0,Electronics,400.0,1213.0,Bank Transfer,Success,1200.0,True
1224,422,2024-05-26,Delivered,Germany,Small Business,2023-04-06,1135.0,83.0,3.0,Sports,119.13,1907.0,Card,Success,357.39,True
1224,422,2024-05-26,Delivered,Germany,Small Business,2023-04-06,2044.0,77.0,2.0,Electronics,452.34,1907.0,Card,Success,904.68,True
1225,231,2024-07-22,Delivered,Germany,Small Business,2024-10-26,2932.0,17.0,3.0,Sports,373.81,1435.0,Bank Transfer,Success,1121.43,True
1226,178,2024-03-20,Delivered,Spain,Consumer,2023-09-18,3426.0,77.0,3.0,Electronics,452.34,1916.0,Bank Transfer,Success,1357.02,True
1226,178,2024-03-20,Delivered,Spain,Consumer,2023-09-18,3600.0,74.0,4.0,Home,491.25,1916.0,Bank Transfer,Success,1965.0,True
1226,178,2024-03-20,Delivered,Spain,Consumer,2023-09-18,3849.0,25.0,3.0,Clothing,243.13,1916.0,Bank Transfer,Success,729.39,True
1226,178,2024-03-20,Delivered,Spain,Consumer,2023-09-18,4343.0,17.0,4.0,Sports,373.81,1916.0,Bank Transfer,Success,1495.24,True
1227,63,2024-02-12,Delivered,France,Corporate,2024-06-09,3697.0,19.0,2.0,Clothing,230.3,1757.0,Card,Success,460.6,True
1227,63,2024-02-12,Delivered,France,Corporate,2024-06-09,4378.0,23.0,3.0,Sports,185.53,1757.0,Card,Success,556.59,True
1228,485,2024-03-29,Delivered,France,Small Business,2023-05-08,428.0,39.0,3.0,Home,233.66,947.0,PayPal,Failed,700.98,False
1228,485,2024-03-29,Delivered,France,Small Business,2023-05-08,2909.0,27.0,2.0,Sports,267.48,947.0,PayPal,Failed,534.96,False
1229,116,2024-05-27,Cancelled,Italy,Corporate,2023-10-09,1568.0,97.0,4.0,Sports,133.82,1954.0,Card,Success,535.28,False
1230,191,2024-04-04,Delivered,Spain,Small Business,2024-08-28,,,,,,1053.0,PayPal,Failed,,False
1231,62,2024-05-30,Cancelled,Spain,Corporate,2023-02-25,138.0,79.0,4.0,Electronics,372.96,1688.0,PayPal,Success,1491.84,False
1231,62,2024-05-30,Cancelled,Spain,Corporate,2023-02-25,758.0,87.0,1.0,Home,195.12,1688.0,PayPal,Success,195.12,False
1231,62,2024-05-30,Cancelled,Spain,Corporate,2023-02-25,997.0,100.0,2.0,Electronics,498.19,1688.0,PayPal,Success,996.38,False
1231,62,2024-05-30,Cancelled,Spain,Corporate,2023-02-25,4261.0,17.0,4.0,Sports,373.81,1688.0,PayPal,Success,1495.24,False
1231,62,2024-05-30,Cancelled,Spain,Corporate,2023-02-25,4477.0,45.0,2.0,Clothing,39.66,1688.0,PayPal,Success,79.32,False
1232,256,2024-01-02,Delivered,Spain,Corporate,2023-04-07,1275.0,52.0,4.0,Electronics,139.49,893.0,PayPal,Success,557.96,True
1232,256,2024-01-02,Delivered,Spain,Corporate,2023-04-07,3272.0,80.0,3.0,Home,37.17,893.0,PayPal,Success,111.51,True
1232,256,2024-01-02,Delivered,Spain,Corporate,2023-04-07,3804.0,21.0,2.0,Home,324.05,893.0,PayPal,Success,648.1,True
1232,256,2024-01-02,Delivered,Spain,Corporate,2023-04-07,4059.0,39.0,4.0,Home,233.66,893.0,PayPal,Success,934.64,True
1233,483,2024-01-22,Delivered,France,Small Business,2023-03-16,91.0,32.0,3.0,Sports,271.51,70.0,Card,Success,814.53,True
1233,483,2024-01-22,Delivered,France,Small Business,2023-03-16,122.0,4.0,2.0,Sports,336.61,70.0,Card,Success,673.22,True
1233,483,2024-01-22,Delivered,France,Small Business,2023-03-16,2949.0,13.0,3.0,Sports,100.34,70.0,Card,Success,301.02,True
1234,7,2024-11-08,Delivered,France,Corporate,2023-07-24,245.0,31.0,4.0,Home,402.97,1337.0,Bank Transfer,Success,1611.88,True
1234,7,2024-11-08,Delivered,France,Corporate,2023-07-24,1334.0,82.0,3.0,Home,419.72,1337.0,Bank Transfer,Success,1259.16,True
1235,155,2024-11-23,Delivered,France,Consumer,2024-03-10,892.0,88.0,2.0,Sports,23.18,601.0,Card,Success,46.36,True
1235,155,2024-11-23,Delivered,France,Consumer,2024-03-10,4767.0,35.0,4.0,Sports,262.48,601.0,Card,Success,1049.92,True
1236,92,2024-01-07,Delivered,Italy,Consumer,2024-06-20,4134.0,21.0,2.0,Home,324.05,1759.0,Bank Transfer,Failed,648.1,False
1237,470,2024-07-24,Delivered,Italy,Consumer,2023-08-25,3571.0,44.0,1.0,Clothing,466.63,545.0,Card,Failed,466.63,False
1238,14,2024-04-23,Delivered,Spain,Corporate,2024-01-09,1843.0,31.0,1.0,Home,402.97,1559.0,PayPal,Success,402.97,True
1238,14,2024-04-23,Delivered,Spain,Corporate,2024-01-09,2389.0,19.0,3.0,Clothing,230.3,1559.0,PayPal,Success,690.9000000000001,True
1238,14,2024-04-23,Delivered,Spain,Corporate,2024-01-09,2537.0,2.0,4.0,Home,348.12,1559.0,PayPal,Success,1392.48,True
1239,455,2024-09-28,Delivered,Unknown,Small Business,2023-02-22,2398.0,6.0,3.0,Clothing,296.19,904.0,PayPal,Failed,888.5699999999999,False
1239,455,2024-09-28,Delivered,Unknown,Small Business,2023-02-22,4205.0,5.0,2.0,Home,26.86,904.0,PayPal,Failed,53.72,False
1239,455,2024-09-28,Delivered,Unknown,Small Business,2023-02-22,4596.0,81.0,1.0,Electronics,203.78,904.0,PayPal,Failed,203.78,False
1240,229,2024-03-23,Delivered,France,Consumer,2024-07-28,1969.0,90.0,1.0,Electronics,413.97,,,,413.97,False
1240,229,2024-03-23,Delivered,France,Consumer,2024-07-28,4731.0,30.0,1.0,Sports,288.35,,,,288.35,False
1240,229,2024-03-23,Delivered,France,Consumer,2024-07-28,4812.0,99.0,2.0,Clothing,248.14,,,,496.28,False
1241,86,2024-06-27,Delivered,Spain,Consumer,2023-02-08,330.0,62.0,2.0,Electronics,359.2,421.0,Bank Transfer,Success,718.4,True
1241,86,2024-06-27,Delivered,Spain,Consumer,2023-02-08,1738.0,76.0,4.0,Electronics,302.4,421.0,Bank Transfer,Success,1209.6,True
1241,86,2024-06-27,Delivered,Spain,Consumer,2023-02-08,2036.0,61.0,4.0,Clothing,427.15,421.0,Bank Transfer,Success,1708.6,True
1241,86,2024-06-27,Delivered,Spain,Consumer,2023-02-08,3881.0,88.0,2.0,Sports,23.18,421.0,Bank Transfer,Success,46.36,True
1242,133,2024-07-28,Cancelled,France,Consumer,2024-10-25,618.0,49.0,3.0,Sports,23.61,158.0,PayPal,Failed,70.83,False
1242,133,2024-07-28,Cancelled,France,Consumer,2024-10-25,618.0,49.0,3.0,Sports,23.61,1122.0,Bank Transfer,Success,70.83,False
1242,133,2024-07-28,Cancelled,France,Consumer,2024-10-25,624.0,64.0,1.0,Sports,142.25,158.0,PayPal,Failed,142.25,False
1242,133,2024-07-28,Cancelled,France,Consumer,2024-10-25,624.0,64.0,1.0,Sports,142.25,1122.0,Bank Transfer,Success,142.25,False
1242,133,2024-07-28,Cancelled,France,Consumer,2024-10-25,1020.0,36.0,1.0,Home,216.27,158.0,PayPal,Failed,216.27,False
1242,133,2024-07-28,Cancelled,France,Consumer,2024-10-25,1020.0,36.0,1.0,Home,216.27,1122.0,Bank Transfer,Success,216.27,False
1242,133,2024-07-28,Cancelled,France,Consumer,2024-10-25,1176.0,13.0,3.0,Sports,100.34,158.0,PayPal,Failed,301.02,False
1242,133,2024-07-28,Cancelled,France,Consumer,2024-10-25,1176.0,13.0,3.0,Sports,100.34,1122.0,Bank Transfer,Success,301.02,False
1243,183,2024-11-23,Returned,Germany,Consumer,2024-10-03,435.0,62.0,4.0,Electronics,359.2,831.0,Card,Success,1436.8,False
1243,183,2024-11-23,Returned,Germany,Consumer,2024-10-03,2464.0,49.0,4.0,Sports,23.61,831.0,Card,Success,94.44,False
1244,386,2024-05-03,Delivered,Italy,Consumer,2023-01-18,3223.0,100.0,2.0,Electronics,498.19,1720.0,Bank Transfer,Success,996.38,True
1244,386,2024-05-03,Delivered,Italy,Consumer,2023-01-18,4119.0,51.0,4.0,Electronics,292.47,1720.0,Bank Transfer,Success,1169.88,True
1244,386,2024-05-03,Delivered,Italy,Consumer,2023-01-18,4217.0,31.0,4.0,Home,402.97,1720.0,Bank Transfer,Success,1611.88,True
1245,62,2024-04-22,Delivered,Spain,Corporate,2023-02-25,143.0,9.0,2.0,Home,239.24,750.0,Card,Success,478.48,True
1245,62,2024-04-22,Delivered,Spain,Corporate,2023-02-25,320.0,90.0,2.0,Electronics,413.97,750.0,Card,Success,827.94,True
1245,62,2024-04-22,Delivered,Spain,Corporate,2023-02-25,1220.0,32.0,1.0,Sports,271.51,750.0,Card,Success,271.51,True
1245,62,2024-04-22,Delivered,Spain,Corporate,2023-02-25,1682.0,43.0,3.0,Electronics,195.06,750.0,Card,Success,585.1800000000001,True
1246,219,2024-01-12,Delivered,Unknown,Small Business,2023-03-30,205.0,32.0,1.0,Sports,271.51,644.0,Bank Transfer,Success,271.51,True
1246,219,2024-01-12,Delivered,Unknown,Small Business,2023-03-30,1305.0,83.0,1.0,Sports,119.13,644.0,Bank Transfer,Success,119.13,True
1246,219,2024-01-12,Delivered,Unknown,Small Business,2023-03-30,1924.0,95.0,1.0,Sports,300.65,644.0,Bank Transfer,Success,300.65,True
1246,219,2024-01-12,Delivered,Unknown,Small Business,2023-03-30,3293.0,67.0,1.0,Clothing,59.19,644.0,Bank Transfer,Success,59.19,True
1246,219,2024-01-12,Delivered,Unknown,Small Business,2023-03-30,4030.0,55.0,4.0,Sports,171.5,644.0,Bank Transfer,Success,686.0,True
1247,405,2024-05-05,Returned,Italy,Consumer,2024-04-20,3732.0,52.0,3.0,Electronics,139.49,267.0,Bank Transfer,Success,418.47,False
1247,405,2024-05-05,Returned,Italy,Consumer,2024-04-20,4002.0,83.0,3.0,Sports,119.13,267.0,Bank Transfer,Success,357.39,False
1248,246,2024-02-22,Delivered,Germany,Consumer,2023-01-15,23.0,38.0,4.0,Clothing,211.67,21.0,Bank Transfer,Success,846.68,True
1248,246,2024-02-22,Delivered,Germany,Consumer,2023-01-15,4132.0,32.0,4.0,Sports,271.51,21.0,Bank Transfer,Success,1086.04,True
1249,230,2024-11-26,Delivered,France,Small Business,2023-05-23,232.0,93.0,2.0,Electronics,112.08,67.0,Bank Transfer,Failed,224.16,False
1249,230,2024-11-26,Delivered,France,Small Business,2023-05-23,3687.0,73.0,2.0,Home,296.33,67.0,Bank Transfer,Failed,592.66,False
1250,79,2024-10-09,Delivered,Spain,Small Business,2023-10-01,631.0,40.0,3.0,Electronics,495.22,1170.0,PayPal,Success,1485.66,True
1250,79,2024-10-09,Delivered,Spain,Small Business,2023-10-01,1303.0,73.0,2.0,Home,296.33,1170.0,PayPal,Success,592.66,True
1251,149,2024-05-19,Delivered,France,Corporate,2024-05-18,1389.0,32.0,2.0,Sports,271.51,243.0,PayPal,Success,543.02,True
1251,149,2024-05-19,Delivered,France,Corporate,2024-05-18,2926.0,14.0,1.0,Electronics,62.06,243.0,PayPal,Success,62.06,True
1252,138,2024-04-06,Delivered,France,Consumer,2023-08-17,1574.0,54.0,4.0,Home,50.39,234.0,PayPal,Success,201.56,True
1252,138,2024-04-06,Delivered,France,Consumer,2023-08-17,1574.0,54.0,4.0,Home,50.39,1118.0,Card,Success,201.56,True
1252,138,2024-04-06,Delivered,France,Consumer,2023-08-17,2084.0,94.0,4.0,Clothing,261.54,234.0,PayPal,Success,1046.16,True
1252,138,2024-04-06,Delivered,France,Consumer,2023-08-17,2084.0,94.0,4.0,Clothing,261.54,1118.0,Card,Success,1046.16,True
1252,138,2024-04-06,Delivered,France,Consumer,2023-08-17,2986.0,87.0,3.0,Home,195.12,234.0,PayPal,Success,585.36,True
1252,138,2024-04-06,Delivered,France,Consumer,2023-08-17,2986.0,87.0,3.0,Home,195.12,1118.0,Card,Success,585.36,True
1252,138,2024-04-06,Delivered,France,Consumer,2023-08-17,3599.0,48.0,4.0,Electronics,48.83,234.0,PayPal,Success,195.32,True
1252,138,2024-04-06,Delivered,France,Consumer,2023-08-17,3599.0,48.0,4.0,Electronics,48.83,1118.0,Card,Success,195.32,True
1252,138,2024-04-06,Delivered,France,Consumer,2023-08-17,3919.0,43.0,3.0,Electronics,195.06,234.0,PayPal,Success,585.1800000000001,True
1252,138,2024-04-06,Delivered,France,Consumer,2023-08-17,3919.0,43.0,3.0,Electronics,195.06,1118.0,Card,Success,585.1800000000001,True
1252,138,2024-04-06,Delivered,France,Consumer,2023-08-17,4139.0,47.0,2.0,Electronics,31.08,234.0,PayPal,Success,62.16,True
1252,138,2024-04-06,Delivered,France,Consumer,2023-08-17,4139.0,47.0,2.0,Electronics,31.08,1118.0,Card,Success,62.16,True
1253,471,2024-01-05,Delivered,France,Corporate,2023-10-08,2290.0,43.0,4.0,Electronics,195.06,640.0,PayPal,Success,780.24,True
1254,314,2024-02-26,Delivered,Spain,Corporate,2023-10-24,2554.0,40.0,4.0,Electronics,495.22,1782.0,Bank Transfer,Success,1980.88,True
1254,314,2024-02-26,Delivered,Spain,Corporate,2023-10-24,2623.0,83.0,2.0,Sports,119.13,1782.0,Bank Transfer,Success,238.26,True
1254,314,2024-02-26,Delivered,Spain,Corporate,2023-10-24,3309.0,4.0,3.0,Sports,336.61,1782.0,Bank Transfer,Success,1009.83,True
1254,314,2024-02-26,Delivered,Spain,Corporate,2023-10-24,3618.0,38.0,2.0,Clothing,211.67,1782.0,Bank Transfer,Success,423.34,True
1255,376,2024-11-29,Delivered,Italy,Consumer,2023-02-01,709.0,63.0,3.0,Sports,296.61,1710.0,PayPal,Success,889.83,True
1255,376,2024-11-29,Delivered,Italy,Consumer,2023-02-01,3154.0,4.0,2.0,Sports,336.61,1710.0,PayPal,Success,673.22,True
1256,423,2024-03-09,Delivered,Germany,Consumer,2023-03-29,970.0,97.0,3.0,Sports,133.82,889.0,Card,Success,401.46,True
1256,423,2024-03-09,Delivered,Germany,Consumer,2023-03-29,1679.0,90.0,4.0,Electronics,413.97,889.0,Card,Success,1655.88,True
1256,423,2024-03-09,Delivered,Germany,Consumer,2023-03-29,4646.0,76.0,2.0,Electronics,302.4,889.0,Card,Success,604.8,True
1257,389,2024-04-27,Delivered,France,Corporate,2023-06-24,1414.0,35.0,1.0,Sports,262.48,365.0,Card,Success,262.48,True
1257,389,2024-04-27,Delivered,France,Corporate,2023-06-24,4860.0,53.0,2.0,Electronics,202.15,365.0,Card,Success,404.3,True
1258,65,2024-02-28,Returned,Spain,Corporate,2023-01-28,214.0,31.0,2.0,Home,402.97,1834.0,PayPal,Success,805.94,False
1258,65,2024-02-28,Returned,Spain,Corporate,2023-01-28,1139.0,18.0,3.0,Home,32.17,1834.0,PayPal,Success,96.51,False
1258,65,2024-02-28,Returned,Spain,Corporate,2023-01-28,1372.0,4.0,3.0,Sports,336.61,1834.0,PayPal,Success,1009.83,False
1258,65,2024-02-28,Returned,Spain,Corporate,2023-01-28,3262.0,9.0,3.0,Home,239.24,1834.0,PayPal,Success,717.72,False
1258,65,2024-02-28,Returned,Spain,Corporate,2023-01-28,4355.0,11.0,3.0,Home,64.66,1834.0,PayPal,Success,193.98,False
1259,13,2024-02-02,Delivered,Spain,Small Business,2023-04-05,931.0,49.0,4.0,Sports,23.61,1176.0,Bank Transfer,Success,94.44,True
1259,13,2024-02-02,Delivered,Spain,Small Business,2023-04-05,1911.0,11.0,4.0,Home,64.66,1176.0,Bank Transfer,Success,258.64,True
1260,213,2024-11-13,Cancelled,France,Small Business,2023-03-19,1132.0,54.0,1.0,Home,50.39,805.0,Bank Transfer,Success,50.39,False
1260,213,2024-11-13,Cancelled,France,Small Business,2023-03-19,3750.0,90.0,4.0,Electronics,413.97,805.0,Bank Transfer,Success,1655.88,False
1261,474,2024-02-19,Delivered,Italy,Small Business,2023-10-05,1768.0,47.0,3.0,Electronics,31.08,1608.0,Bank Transfer,Failed,93.24,False
1261,474,2024-02-19,Delivered,Italy,Small Business,2023-10-05,2616.0,82.0,4.0,Home,419.72,1608.0,Bank Transfer,Failed,1678.88,False
1261,474,2024-02-19,Delivered,Italy,Small Business,2023-10-05,4629.0,46.0,3.0,Electronics,9.7,1608.0,Bank Transfer,Failed,29.099999999999998,False
1262,242,2024-01-19,Delivered,Spain,Small Business,2023-06-28,,,,,,1465.0,Bank Transfer,Success,,True
1263,493,2024-08-01,Returned,France,Small Business,2024-01-13,2644.0,89.0,3.0,Home,478.85,426.0,Card,Success,1436.5500000000002,False
1263,493,2024-08-01,Returned,France,Small Business,2024-01-13,2644.0,89.0,3.0,Home,478.85,817.0,Bank Transfer,Failed,1436.5500000000002,False
1263,493,2024-08-01,Returned,France,Small Business,2024-01-13,3392.0,91.0,1.0,Electronics,401.38,426.0,Card,Success,401.38,False
1263,493,2024-08-01,Returned,France,Small Business,2024-01-13,3392.0,91.0,1.0,Electronics,401.38,817.0,Bank Transfer,Failed,401.38,False
1263,493,2024-08-01,Returned,France,Small Business,2024-01-13,4992.0,54.0,2.0,Home,50.39,426.0,Card,Success,100.78,False
1263,493,2024-08-01,Returned,France,Small Business,2024-01-13,4992.0,54.0,2.0,Home,50.39,817.0,Bank Transfer,Failed,100.78,False
1264,213,2024-07-15,Delivered,France,Small Business,2023-03-19,3459.0,1.0,1.0,Electronics,325.1,1978.0,Bank Transfer,Success,325.1,True
1265,181,2024-02-16,Cancelled,France,Small Business,2023-01-13,1131.0,97.0,2.0,Sports,133.82,1850.0,Bank Transfer,Success,267.64,False
1265,181,2024-02-16,Cancelled,France,Small Business,2023-01-13,4794.0,20.0,1.0,Clothing,263.61,1850.0,Bank Transfer,Success,263.61,False
1266,338,2024-06-15,Delivered,Spain,Consumer,2023-03-16,700.0,80.0,4.0,Home,37.17,713.0,PayPal,Success,148.68,True
1266,338,2024-06-15,Delivered,Spain,Consumer,2023-03-16,700.0,80.0,4.0,Home,37.17,1165.0,Bank Transfer,Success,148.68,True
1266,338,2024-06-15,Delivered,Spain,Consumer,2023-03-16,1517.0,17.0,2.0,Sports,373.81,713.0,PayPal,Success,747.62,True
1266,338,2024-06-15,Delivered,Spain,Consumer,2023-03-16,1517.0,17.0,2.0,Sports,373.81,1165.0,Bank Transfer,Success,747.62,True
1266,338,2024-06-15,Delivered,Spain,Consumer,2023-03-16,2279.0,8.0,3.0,Electronics,280.12,713.0,PayPal,Success,840.36,True
1266,338,2024-06-15,Delivered,Spain,Consumer,2023-03-16,2279.0,8.0,3.0,Electronics,280.12,1165.0,Bank Transfer,Success,840.36,True
1266,338,2024-06-15,Delivered,Spain,Consumer,2023-03-16,2923.0,73.0,3.0,Home,296.33,713.0,PayPal,Success,888.99,True
1266,338,2024-06-15,Delivered,Spain,Consumer,2023-03-16,2923.0,73.0,3.0,Home,296.33,1165.0,Bank Transfer,Success,888.99,True
1266,338,2024-06-15,Delivered,Spain,Consumer,2023-03-16,4371.0,73.0,3.0,Home,296.33,713.0,PayPal,Success,888.99,True
1266,338,2024-06-15,Delivered,Spain,Consumer,2023-03-16,4371.0,73.0,3.0,Home,296.33,1165.0,Bank Transfer,Success,888.99,True
1266,338,2024-06-15,Delivered,Spain,Consumer,2023-03-16,4779.0,30.0,4.0,Sports,288.35,713.0,PayPal,Success,1153.4,True
1266,338,2024-06-15,Delivered,Spain,Consumer,2023-03-16,4779.0,30.0,4.0,Sports,288.35,1165.0,Bank Transfer,Success,1153.4,True
1267,485,2024-10-15,Cancelled,France,Small Business,2023-05-08,4142.0,85.0,1.0,Sports,64.57,1106.0,PayPal,Success,64.57,False
1267,485,2024-10-15,Cancelled,France,Small Business,2023-05-08,4488.0,1.0,1.0,Electronics,325.1,1106.0,PayPal,Success,325.1,False
1267,485,2024-10-15,Cancelled,France,Small Business,2023-05-08,4519.0,46.0,2.0,Electronics,9.7,1106.0,PayPal,Success,19.4,False
1267,485,2024-10-15,Cancelled,France,Small Business,2023-05-08,4803.0,9.0,2.0,Home,239.24,1106.0,PayPal,Success,478.48,False
1268,173,2024-05-20,Delivered,Unknown,Consumer,2024-05-25,,,,,,1115.0,Bank Transfer,Success,,True
1269,160,2024-03-24,Delivered,Italy,Corporate,2024-02-14,1241.0,8.0,3.0,Electronics,280.12,187.0,PayPal,Failed,840.36,False
1269,160,2024-03-24,Delivered,Italy,Corporate,2024-02-14,3499.0,59.0,3.0,Home,236.32,187.0,PayPal,Failed,708.96,False
1270,164,2024-06-30,Delivered,Italy,Consumer,2023-04-23,47.0,69.0,2.0,Sports,66.6,692.0,Card,Failed,133.2,False
1270,164,2024-06-30,Delivered,Italy,Consumer,2023-04-23,4632.0,17.0,3.0,Sports,373.81,692.0,Card,Failed,1121.43,False
1271,465,2024-03-19,Returned,Italy,Small Business,2023-04-25,3472.0,34.0,2.0,Home,370.24,189.0,Bank Transfer,Success,740.48,False
1271,465,2024-03-19,Returned,Italy,Small Business,2023-04-25,3988.0,47.0,3.0,Electronics,31.08,189.0,Bank Transfer,Success,93.24,False
1272,483,2024-08-02,Returned,France,Small Business,2023-03-16,3850.0,71.0,4.0,Electronics,400.0,,,,1600.0,False
1272,483,2024-08-02,Returned,France,Small Business,2023-03-16,4766.0,81.0,4.0,Electronics,203.78,,,,815.12,False
1272,483,2024-08-02,Returned,France,Small Business,2023-03-16,4827.0,66.0,1.0,Clothing,27.32,,,,27.32,False
1273,497,2024-01-14,Cancelled,Spain,Consumer,2023-12-08,1122.0,11.0,2.0,Home,64.66,,,,129.32,False
1274,188,2024-08-02,Cancelled,Spain,Corporate,2023-11-25,957.0,69.0,2.0,Sports,66.6,896.0,Bank Transfer,Success,133.2,False
1274,188,2024-08-02,Cancelled,Spain,Corporate,2023-11-25,1850.0,15.0,3.0,Home,213.77,896.0,Bank Transfer,Success,641.3100000000001,False
1274,188,2024-08-02,Cancelled,Spain,Corporate,2023-11-25,4700.0,40.0,4.0,Electronics,495.22,896.0,Bank Transfer,Success,1980.88,False
1275,395,2024-05-07,Delivered,Spain,Consumer,2024-11-08,1374.0,12.0,1.0,Sports,366.86,1116.0,Bank Transfer,Success,366.86,True
1275,395,2024-05-07,Delivered,Spain,Consumer,2024-11-08,3414.0,96.0,1.0,Clothing,264.89,1116.0,Bank Transfer,Success,264.89,True
1276,191,2024-11-05,Delivered,Spain,Small Business,2024-08-28,1357.0,96.0,3.0,Clothing,264.89,972.0,Card,Success,794.67,True
1276,191,2024-11-05,Delivered,Spain,Small Business,2024-08-28,1450.0,74.0,3.0,Home,491.25,972.0,Card,Success,1473.75,True
1276,191,2024-11-05,Delivered,Spain,Small Business,2024-08-28,4769.0,22.0,3.0,Home,326.83,972.0,Card,Success,980.49,True
1277,405,2024-09-04,Delivered,Italy,Consumer,2024-04-20,255.0,59.0,1.0,Home,236.32,1447.0,Bank Transfer,Success,236.32,True
1277,405,2024-09-04,Delivered,Italy,Consumer,2024-04-20,4660.0,23.0,4.0,Sports,185.53,1447.0,Bank Transfer,Success,742.12,True
1278,308,2024-01-29,Delivered,Germany,Corporate,2024-08-26,1470.0,7.0,3.0,Electronics,499.68,196.0,Bank Transfer,Success,1499.04,True
1278,308,2024-01-29,Delivered,Germany,Corporate,2024-08-26,2078.0,12.0,3.0,Sports,366.86,196.0,Bank Transfer,Success,1100.58,True
1278,308,2024-01-29,Delivered,Germany,Corporate,2024-08-26,4200.0,98.0,3.0,Electronics,260.05,196.0,Bank Transfer,Success,780.1500000000001,True
1279,256,2024-10-06,Delivered,Spain,Corporate,2023-04-07,37.0,58.0,3.0,Home,6.66,671.0,Bank Transfer,Success,19.98,True
1279,256,2024-10-06,Delivered,Spain,Corporate,2023-04-07,854.0,69.0,1.0,Sports,66.6,671.0,Bank Transfer,Success,66.6,True
1279,256,2024-10-06,Delivered,Spain,Corporate,2023-04-07,1706.0,62.0,1.0,Electronics,359.2,671.0,Bank Transfer,Success,359.2,True
1279,256,2024-10-06,Delivered,Spain,Corporate,2023-04-07,2219.0,10.0,4.0,Sports,159.86,671.0,Bank Transfer,Success,639.44,True
1279,256,2024-10-06,Delivered,Spain,Corporate,2023-04-07,2426.0,81.0,4.0,Electronics,203.78,671.0,Bank Transfer,Success,815.12,True
1279,256,2024-10-06,Delivered,Spain,Corporate,2023-04-07,3718.0,55.0,4.0,Sports,171.5,671.0,Bank Transfer,Success,686.0,True
1280,183,2024-12-03,Delivered,Germany,Consumer,2024-10-03,1940.0,5.0,1.0,Home,26.86,489.0,Bank Transfer,Success,26.86,True
1280,183,2024-12-03,Delivered,Germany,Consumer,2024-10-03,3170.0,59.0,2.0,Home,236.32,489.0,Bank Transfer,Success,472.64,True
1281,117,2024-11-14,Delivered,France,Consumer,2023-11-16,121.0,44.0,4.0,Clothing,466.63,1338.0,Bank Transfer,Success,1866.52,True
1281,117,2024-11-14,Delivered,France,Consumer,2023-11-16,818.0,25.0,1.0,Clothing,243.13,1338.0,Bank Transfer,Success,243.13,True
1281,117,2024-11-14,Delivered,France,Consumer,2023-11-16,1913.0,44.0,1.0,Clothing,466.63,1338.0,Bank Transfer,Success,466.63,True
1281,117,2024-11-14,Delivered,France,Consumer,2023-11-16,4947.0,65.0,2.0,Home,455.62,1338.0,Bank Transfer,Success,911.24,True
1282,282,2024-07-20,Delivered,Italy,Corporate,2023-10-19,650.0,73.0,1.0,Home,296.33,18.0,Card,Success,296.33,True
1282,282,2024-07-20,Delivered,Italy,Corporate,2023-10-19,2057.0,100.0,4.0,Electronics,498.19,18.0,Card,Success,1992.76,True
1282,282,2024-07-20,Delivered,Italy,Corporate,2023-10-19,4117.0,25.0,2.0,Clothing,243.13,18.0,Card,Success,486.26,True
1283,196,2024-12-26,Delivered,Germany,Corporate,2023-11-30,1722.0,87.0,4.0,Home,195.12,1736.0,PayPal,Success,780.48,True
1283,196,2024-12-26,Delivered,Germany,Corporate,2023-11-30,3642.0,15.0,4.0,Home,213.77,1736.0,PayPal,Success,855.08,True
1283,196,2024-12-26,Delivered,Germany,Corporate,2023-11-30,4413.0,87.0,1.0,Home,195.12,1736.0,PayPal,Success,195.12,True
1283,196,2024-12-26,Delivered,Germany,Corporate,2023-11-30,4806.0,79.0,1.0,Electronics,372.96,1736.0,PayPal,Success,372.96,True
1284,34,2024-02-26,Delivered,Germany,Corporate,2024-05-27,534.0,65.0,2.0,Home,455.62,670.0,PayPal,Success,911.24,True
1284,34,2024-02-26,Delivered,Germany,Corporate,2024-05-27,1475.0,17.0,2.0,Sports,373.81,670.0,PayPal,Success,747.62,True
1284,34,2024-02-26,Delivered,Germany,Corporate,2024-05-27,1700.0,58.0,4.0,Home,6.66,670.0,PayPal,Success,26.64,True
1284,34,2024-02-26,Delivered,Germany,Corporate,2024-05-27,4167.0,88.0,4.0,Sports,23.18,670.0,PayPal,Success,92.72,True
1285,52,2024-08-05,Delivered,Germany,Small Business,2024-07-26,296.0,7.0,3.0,Electronics,499.68,1274.0,PayPal,Success,1499.04,True
1285,52,2024-08-05,Delivered,Germany,Small Business,2024-07-26,768.0,74.0,4.0,Home,491.25,1274.0,PayPal,Success,1965.0,True
1285,52,2024-08-05,Delivered,Germany,Small Business,2024-07-26,1921.0,1.0,1.0,Electronics,325.1,1274.0,PayPal,Success,325.1,True
1285,52,2024-08-05,Delivered,Germany,Small Business,2024-07-26,2963.0,78.0,2.0,Clothing,494.65,1274.0,PayPal,Success,989.3,True
1285,52,2024-08-05,Delivered,Germany,Small Business,2024-07-26,4379.0,70.0,4.0,Home,478.43,1274.0,PayPal,Success,1913.72,True
1285,52,2024-08-05,Delivered,Germany,Small Business,2024-07-26,4610.0,54.0,3.0,Home,50.39,1274.0,PayPal,Success,151.17000000000002,True
1286,112,2024-03-02,Delivered,Spain,Consumer,2024-02-29,1221.0,95.0,1.0,Sports,300.65,1173.0,Card,Success,300.65,True
1286,112,2024-03-02,Delivered,Spain,Consumer,2024-02-29,3620.0,22.0,1.0,Home,326.83,1173.0,Card,Success,326.83,True
1286,112,2024-03-02,Delivered,Spain,Consumer,2024-02-29,4740.0,17.0,3.0,Sports,373.81,1173.0,Card,Success,1121.43,True
1287,252,2024-06-05,Delivered,France,Small Business,2024-02-24,1157.0,85.0,1.0,Sports,64.57,795.0,Bank Transfer,Success,64.57,True
1287,252,2024-06-05,Delivered,France,Small Business,2024-02-24,2161.0,3.0,1.0,Electronics,30.54,795.0,Bank Transfer,Success,30.54,True
1287,252,2024-06-05,Delivered,France,Small Business,2024-02-24,3805.0,41.0,1.0,Home,5.12,795.0,Bank Transfer,Success,5.12,True
1288,82,2024-07-20,Delivered,Italy,Corporate,2023-07-11,982.0,38.0,3.0,Clothing,211.67,937.0,Card,Success,635.01,True
1288,82,2024-07-20,Delivered,Italy,Corporate,2023-07-11,1110.0,94.0,3.0,Clothing,261.54,937.0,Card,Success,784.6200000000001,True
1289,232,2024-01-17,Delivered,Italy,Consumer,2023-05-25,1425.0,14.0,4.0,Electronics,62.06,1616.0,Bank Transfer,Success,248.24,True
1289,232,2024-01-17,Delivered,Italy,Consumer,2023-05-25,4262.0,48.0,3.0,Electronics,48.83,1616.0,Bank Transfer,Success,146.49,True
1290,227,2024-11-17,Delivered,France,Consumer,2024-02-26,2630.0,94.0,2.0,Clothing,261.54,556.0,Bank Transfer,Success,523.08,True
1290,227,2024-11-17,Delivered,France,Consumer,2024-02-26,4858.0,15.0,3.0,Home,213.77,556.0,Bank Transfer,Success,641.3100000000001,True
1291,233,2024-01-06,Delivered,Italy,Consumer,2023-08-13,3199.0,83.0,2.0,Sports,119.13,20.0,Card,Success,238.26,True
1291,233,2024-01-06,Delivered,Italy,Consumer,2023-08-13,3199.0,83.0,2.0,Sports,119.13,1951.0,Bank Transfer,Success,238.26,True
1291,233,2024-01-06,Delivered,Italy,Consumer,2023-08-13,4882.0,86.0,4.0,Sports,28.24,20.0,Card,Success,112.96,True
1291,233,2024-01-06,Delivered,Italy,Consumer,2023-08-13,4882.0,86.0,4.0,Sports,28.24,1951.0,Bank Transfer,Success,112.96,True
1292,221,2024-02-27,Delivered,Spain,Small Business,2023-10-23,27.0,55.0,1.0,Sports,171.5,204.0,Card,Success,171.5,True
1292,221,2024-02-27,Delivered,Spain,Small Business,2023-10-23,673.0,81.0,3.0,Electronics,203.78,204.0,Card,Success,611.34,True
1292,221,2024-02-27,Delivered,Spain,Small Business,2023-10-23,1327.0,96.0,4.0,Clothing,264.89,204.0,Card,Success,1059.56,True
1292,221,2024-02-27,Delivered,Spain,Small Business,2023-10-23,2217.0,10.0,3.0,Sports,159.86,204.0,Card,Success,479.58000000000004,True
1293,436,2024-11-20,Delivered,Italy,Corporate,2023-05-31,862.0,59.0,1.0,Home,236.32,1383.0,PayPal,Success,236.32,True
1293,436,2024-11-20,Delivered,Italy,Corporate,2023-05-31,3004.0,96.0,4.0,Clothing,264.89,1383.0,PayPal,Success,1059.56,True
1294,413,2024-11-13,Delivered,Germany,Consumer,2023-02-23,,,,,,,,,,False
1295,422,2024-06-17,Delivered,Germany,Small Business,2023-04-06,43.0,94.0,4.0,Clothing,261.54,698.0,PayPal,Success,1046.16,True
1295,422,2024-06-17,Delivered,Germany,Small Business,2023-04-06,4787.0,26.0,1.0,Electronics,443.07,698.0,PayPal,Success,443.07,True
1296,42,2024-03-22,Returned,Spain,Consumer,2023-03-14,2066.0,99.0,4.0,Clothing,248.14,,,,992.56,False
1296,42,2024-03-22,Returned,Spain,Consumer,2023-03-14,2733.0,82.0,1.0,Home,419.72,,,,419.72,False
1296,42,2024-03-22,Returned,Spain,Consumer,2023-03-14,3252.0,60.0,3.0,Home,152.02,,,,456.06000000000006,False
1297,21,2024-08-06,Returned,Germany,Small Business,2024-10-28,268.0,63.0,4.0,Sports,296.61,1041.0,PayPal,Success,1186.44,False
1297,21,2024-08-06,Returned,Germany,Small Business,2024-10-28,1332.0,24.0,3.0,Clothing,282.54,1041.0,PayPal,Success,847.6200000000001,False
1297,21,2024-08-06,Returned,Germany,Small Business,2024-10-28,1937.0,64.0,2.0,Sports,142.25,1041.0,PayPal,Success,284.5,False
1297,21,2024-08-06,Returned,Germany,Small Business,2024-10-28,2122.0,56.0,1.0,Clothing,263.65,1041.0,PayPal,Success,263.65,False
1297,21,2024-08-06,Returned,Germany,Small Business,2024-10-28,2317.0,5.0,3.0,Home,26.86,1041.0,PayPal,Success,80.58,False
1297,21,2024-08-06,Returned,Germany,Small Business,2024-10-28,3095.0,77.0,3.0,Electronics,452.34,1041.0,PayPal,Success,1357.02,False
1297,21,2024-08-06,Returned,Germany,Small Business,2024-10-28,3944.0,98.0,3.0,Electronics,260.05,1041.0,PayPal,Success,780.1500000000001,False
1298,42,2024-06-25,Delivered,Spain,Consumer,2023-03-14,2178.0,81.0,4.0,Electronics,203.78,1959.0,Card,Success,815.12,True
1298,42,2024-06-25,Delivered,Spain,Consumer,2023-03-14,3667.0,6.0,4.0,Clothing,296.19,1959.0,Card,Success,1184.76,True
1299,397,2024-07-22,Delivered,Italy,Consumer,2023-09-21,484.0,62.0,3.0,Electronics,359.2,1985.0,Card,Success,1077.6,True
1299,397,2024-07-22,Delivered,Italy,Consumer,2023-09-21,4045.0,40.0,2.0,Electronics,495.22,1985.0,Card,Success,990.44,True
1300,113,2024-03-11,Delivered,Italy,Small Business,2024-09-04,182.0,87.0,1.0,Home,195.12,886.0,PayPal,Success,195.12,True
1300,113,2024-03-11,Delivered,Italy,Small Business,2024-09-04,2578.0,39.0,1.0,Home,233.66,886.0,PayPal,Success,233.66,True
1301,105,2024-09-22,Delivered,Germany,Corporate,2023-04-21,1648.0,63.0,4.0,Sports,296.61,933.0,Bank Transfer,Success,1186.44,True
1301,105,2024-09-22,Delivered,Germany,Corporate,2023-04-21,2233.0,6.0,4.0,Clothing,296.19,933.0,Bank Transfer,Success,1184.76,True
1301,105,2024-09-22,Delivered,Germany,Corporate,2023-04-21,2777.0,93.0,2.0,Electronics,112.08,933.0,Bank Transfer,Success,224.16,True
1301,105,2024-09-22,Delivered,Germany,Corporate,2023-04-21,4253.0,67.0,4.0,Clothing,59.19,933.0,Bank Transfer,Success,236.76,True
1302,192,2024-04-07,Returned,Spain,Consumer,2023-04-05,681.0,54.0,2.0,Home,50.39,135.0,PayPal,Success,100.78,False
1302,192,2024-04-07,Returned,Spain,Consumer,2023-04-05,1612.0,23.0,3.0,Sports,185.53,135.0,PayPal,Success,556.59,False
1302,192,2024-04-07,Returned,Spain,Consumer,2023-04-05,3001.0,18.0,1.0,Home,32.17,135.0,PayPal,Success,32.17,False
1302,192,2024-04-07,Returned,Spain,Consumer,2023-04-05,3434.0,67.0,2.0,Clothing,59.19,135.0,PayPal,Success,118.38,False
1302,192,2024-04-07,Returned,Spain,Consumer,2023-04-05,4046.0,51.0,1.0,Electronics,292.47,135.0,PayPal,Success,292.47,False
1303,17,2024-12-10,Delivered,Italy,Corporate,2024-11-26,,,,,,1329.0,Bank Transfer,Success,,True
1304,120,2024-10-17,Delivered,France,Corporate,2024-01-12,262.0,49.0,2.0,Sports,23.61,1923.0,PayPal,Success,47.22,True
1304,120,2024-10-17,Delivered,France,Corporate,2024-01-12,1459.0,98.0,3.0,Electronics,260.05,1923.0,PayPal,Success,780.1500000000001,True
1304,120,2024-10-17,Delivered,France,Corporate,2024-01-12,1775.0,64.0,3.0,Sports,142.25,1923.0,PayPal,Success,426.75,True
1304,120,2024-10-17,Delivered,France,Corporate,2024-01-12,3123.0,66.0,1.0,Clothing,27.32,1923.0,PayPal,Success,27.32,True
1305,393,2024-07-26,Delivered,Italy,Consumer,2023-04-24,1530.0,69.0,1.0,Sports,66.6,1777.0,Card,Failed,66.6,False
1305,393,2024-07-26,Delivered,Italy,Consumer,2023-04-24,3050.0,42.0,3.0,Clothing,96.81,1777.0,Card,Failed,290.43,False
1305,393,2024-07-26,Delivered,Italy,Consumer,2023-04-24,3419.0,7.0,2.0,Electronics,499.68,1777.0,Card,Failed,999.36,False
1305,393,2024-07-26,Delivered,Italy,Consumer,2023-04-24,3863.0,26.0,4.0,Electronics,443.07,1777.0,Card,Failed,1772.28,False
1305,393,2024-07-26,Delivered,Italy,Consumer,2023-04-24,4096.0,90.0,4.0,Electronics,413.97,1777.0,Card,Failed,1655.88,False
1305,393,2024-07-26,Delivered,Italy,Consumer,2023-04-24,4733.0,95.0,1.0,Sports,300.65,1777.0,Card,Failed,300.65,False
1306,425,2024-01-02,Returned,Italy,Small Business,2023-10-15,4741.0,52.0,2.0,Electronics,139.49,835.0,Bank Transfer,Success,278.98,False
1307,129,2024-05-03,Delivered,Italy,Consumer,2023-12-16,146.0,60.0,4.0,Home,152.02,1854.0,Card,Failed,608.08,False
1308,130,2024-10-06,Delivered,Unknown,Corporate,2024-03-21,1004.0,76.0,1.0,Electronics,302.4,1424.0,Bank Transfer,Success,302.4,True
1309,60,2024-03-14,Delivered,France,Corporate,2023-10-30,2052.0,10.0,1.0,Sports,159.86,344.0,Card,Success,159.86,True
1309,60,2024-03-14,Delivered,France,Corporate,2023-10-30,2281.0,51.0,3.0,Electronics,292.47,344.0,Card,Success,877.4100000000001,True
1310,48,2024-06-14,Delivered,Spain,Small Business,2023-02-25,2737.0,27.0,3.0,Sports,267.48,286.0,PayPal,Success,802.44,True
1310,48,2024-06-14,Delivered,Spain,Small Business,2023-02-25,3484.0,30.0,3.0,Sports,288.35,286.0,PayPal,Success,865.0500000000001,True
1310,48,2024-06-14,Delivered,Spain,Small Business,2023-02-25,3522.0,7.0,3.0,Electronics,499.68,286.0,PayPal,Success,1499.04,True
1311,29,2024-01-22,Delivered,Italy,Corporate,2024-04-10,3821.0,4.0,4.0,Sports,336.61,584.0,Bank Transfer,Success,1346.44,True
1311,29,2024-01-22,Delivered,Italy,Corporate,2024-04-10,4926.0,95.0,3.0,Sports,300.65,584.0,Bank Transfer,Success,901.9499999999999,True
1312,97,2024-06-02,Delivered,Germany,Small Business,2024-08-02,1968.0,24.0,2.0,Clothing,282.54,113.0,PayPal,Success,565.08,True
1313,10,2024-10-21,Returned,Germany,Small Business,2023-04-21,33.0,71.0,2.0,Electronics,400.0,1534.0,Card,Success,800.0,False
1313,10,2024-10-21,Returned,Germany,Small Business,2023-04-21,4292.0,96.0,2.0,Clothing,264.89,1534.0,Card,Success,529.78,False
1314,242,2024-08-06,Returned,Spain,Small Business,2023-06-28,2759.0,38.0,1.0,Clothing,211.67,,,,211.67,False
1314,242,2024-08-06,Returned,Spain,Small Business,2023-06-28,3648.0,81.0,4.0,Electronics,203.78,,,,815.12,False
1315,314,2024-06-05,Cancelled,Spain,Corporate,2023-10-24,2366.0,57.0,3.0,Electronics,367.47,1589.0,PayPal,Success,1102.41,False
1315,314,2024-06-05,Cancelled,Spain,Corporate,2023-10-24,4468.0,6.0,3.0,Clothing,296.19,1589.0,PayPal,Success,888.5699999999999,False
1316,444,2024-08-17,Delivered,Italy,Consumer,2023-03-23,68.0,8.0,4.0,Electronics,280.12,1560.0,PayPal,Success,1120.48,True
1316,444,2024-08-17,Delivered,Italy,Consumer,2023-03-23,1860.0,74.0,3.0,Home,491.25,1560.0,PayPal,Success,1473.75,True
1317,232,2024-01-20,Cancelled,Italy,Consumer,2023-05-25,1092.0,55.0,4.0,Sports,171.5,1820.0,Card,Success,686.0,False
1318,277,2024-02-10,Delivered,France,Consumer,2024-11-15,2657.0,29.0,2.0,Clothing,205.22,1024.0,PayPal,Success,410.44,True
1318,277,2024-02-10,Delivered,France,Consumer,2024-11-15,3553.0,88.0,1.0,Sports,23.18,1024.0,PayPal,Success,23.18,True
1318,277,2024-02-10,Delivered,France,Consumer,2024-11-15,3706.0,51.0,1.0,Electronics,292.47,1024.0,PayPal,Success,292.47,True
1318,277,2024-02-10,Delivered,France,Consumer,2024-11-15,4471.0,66.0,2.0,Clothing,27.32,1024.0,PayPal,Success,54.64,True
1319,284,2024-05-27,Delivered,Spain,Consumer,2023-03-10,2651.0,67.0,1.0,Clothing,59.19,371.0,Card,Success,59.19,True
1320,203,2024-04-17,Delivered,Spain,Consumer,2023-10-23,966.0,82.0,1.0,Home,419.72,1539.0,Bank Transfer,Success,419.72,True
1320,203,2024-04-17,Delivered,Spain,Consumer,2023-10-23,2640.0,41.0,1.0,Home,5.12,1539.0,Bank Transfer,Success,5.12,True
1320,203,2024-04-17,Delivered,Spain,Consumer,2023-10-23,3273.0,36.0,3.0,Home,216.27,1539.0,Bank Transfer,Success,648.8100000000001,True
1320,203,2024-04-17,Delivered,Spain,Consumer,2023-10-23,4165.0,83.0,4.0,Sports,119.13,1539.0,Bank Transfer,Success,476.52,True
1321,247,2024-03-24,Delivered,France,Small Business,2024-09-14,3487.0,33.0,2.0,Home,332.52,638.0,Card,Success,665.04,True
1321,247,2024-03-24,Delivered,France,Small Business,2024-09-14,4612.0,52.0,1.0,Electronics,139.49,638.0,Card,Success,139.49,True
1322,290,2024-11-17,Delivered,Italy,Consumer,2023-01-23,2914.0,68.0,4.0,Clothing,198.86,1953.0,Card,Success,795.44,True
1323,264,2024-11-04,Delivered,France,Consumer,2024-09-26,,,,,,450.0,Bank Transfer,Success,,True
1324,443,2024-10-16,Delivered,France,Corporate,2024-11-30,3432.0,15.0,4.0,Home,213.77,965.0,Bank Transfer,Success,855.08,True
1325,214,2024-11-18,Cancelled,Spain,Corporate,2024-02-14,2645.0,49.0,2.0,Sports,23.61,37.0,Card,Success,47.22,False
1326,200,2024-05-13,Delivered,Spain,Consumer,2024-08-10,,,,,,435.0,Bank Transfer,Success,,True
1327,433,2024-07-25,Delivered,France,Small Business,2023-01-07,3397.0,35.0,4.0,Sports,262.48,341.0,Bank Transfer,Success,1049.92,True
1327,433,2024-07-25,Delivered,France,Small Business,2023-01-07,4034.0,42.0,2.0,Clothing,96.81,341.0,Bank Transfer,Success,193.62,True
1328,79,2024-10-09,Delivered,Spain,Small Business,2023-10-01,1902.0,63.0,1.0,Sports,296.61,467.0,PayPal,Failed,296.61,False
1328,79,2024-10-09,Delivered,Spain,Small Business,2023-10-01,2280.0,19.0,2.0,Clothing,230.3,467.0,PayPal,Failed,460.6,False
1328,79,2024-10-09,Delivered,Spain,Small Business,2023-10-01,2668.0,45.0,4.0,Clothing,39.66,467.0,PayPal,Failed,158.64,False
1328,79,2024-10-09,Delivered,Spain,Small Business,2023-10-01,3874.0,41.0,3.0,Home,5.12,467.0,PayPal,Failed,15.36,False
1329,401,2024-09-22,Delivered,Unknown,Small Business,2023-06-11,,,,,,,,,,False
1330,444,2024-03-13,Delivered,Italy,Consumer,2023-03-23,815.0,23.0,3.0,Sports,185.53,370.0,Card,Failed,556.59,False
1330,444,2024-03-13,Delivered,Italy,Consumer,2023-03-23,1333.0,50.0,2.0,Electronics,242.49,370.0,Card,Failed,484.98,False
1330,444,2024-03-13,Delivered,Italy,Consumer,2023-03-23,1826.0,3.0,1.0,Electronics,30.54,370.0,Card,Failed,30.54,False
1330,444,2024-03-13,Delivered,Italy,Consumer,2023-03-23,2077.0,23.0,1.0,Sports,185.53,370.0,Card,Failed,185.53,False
1330,444,2024-03-13,Delivered,Italy,Consumer,2023-03-23,4057.0,77.0,2.0,Electronics,452.34,370.0,Card,Failed,904.68,False
1331,343,2024-12-17,Delivered,Spain,Consumer,2023-12-13,32.0,90.0,1.0,Electronics,413.97,542.0,Card,Success,413.97,True
1331,343,2024-12-17,Delivered,Spain,Consumer,2023-12-13,574.0,44.0,1.0,Clothing,466.63,542.0,Card,Success,466.63,True
1331,343,2024-12-17,Delivered,Spain,Consumer,2023-12-13,3488.0,3.0,4.0,Electronics,30.54,542.0,Card,Success,122.16,True
1331,343,2024-12-17,Delivered,Spain,Consumer,2023-12-13,4686.0,45.0,4.0,Clothing,39.66,542.0,Card,Success,158.64,True
1332,344,2024-02-17,Delivered,Germany,Corporate,2024-06-12,903.0,95.0,3.0,Sports,300.65,460.0,Bank Transfer,Failed,901.9499999999999,False
1332,344,2024-02-17,Delivered,Germany,Corporate,2024-06-12,1555.0,69.0,4.0,Sports,66.6,460.0,Bank Transfer,Failed,266.4,False
1332,344,2024-02-17,Delivered,Germany,Corporate,2024-06-12,3144.0,48.0,2.0,Electronics,48.83,460.0,Bank Transfer,Failed,97.66,False
1332,344,2024-02-17,Delivered,Germany,Corporate,2024-06-12,3333.0,66.0,4.0,Clothing,27.32,460.0,Bank Transfer,Failed,109.28,False
1333,173,2024-11-21,Delivered,Unknown,Consumer,2024-05-25,1971.0,18.0,1.0,Home,32.17,1572.0,PayPal,Success,32.17,True
1333,173,2024-11-21,Delivered,Unknown,Consumer,2024-05-25,4544.0,34.0,2.0,Home,370.24,1572.0,PayPal,Success,740.48,True
1334,467,2024-08-20,Delivered,Italy,Small Business,2024-06-09,3654.0,90.0,3.0,Electronics,413.97,1068.0,Bank Transfer,Success,1241.91,True
1334,467,2024-08-20,Delivered,Italy,Small Business,2024-06-09,4545.0,88.0,4.0,Sports,23.18,1068.0,Bank Transfer,Success,92.72,True
1334,467,2024-08-20,Delivered,Italy,Small Business,2024-06-09,4957.0,13.0,3.0,Sports,100.34,1068.0,Bank Transfer,Success,301.02,True
1335,69,2024-04-09,Cancelled,Italy,Small Business,2023-12-31,1061.0,65.0,3.0,Home,455.62,985.0,Card,Success,1366.8600000000001,False
1335,69,2024-04-09,Cancelled,Italy,Small Business,2023-12-31,1716.0,79.0,2.0,Electronics,372.96,985.0,Card,Success,745.92,False
1335,69,2024-04-09,Cancelled,Italy,Small Business,2023-12-31,1811.0,42.0,4.0,Clothing,96.81,985.0,Card,Success,387.24,False
1336,416,2024-02-28,Delivered,France,Consumer,2024-08-01,3745.0,20.0,4.0,Clothing,263.61,100.0,Card,Success,1054.44,True
1336,416,2024-02-28,Delivered,France,Consumer,2024-08-01,3811.0,9.0,4.0,Home,239.24,100.0,Card,Success,956.96,True
1337,428,2024-09-14,Delivered,Italy,Consumer,2024-03-27,53.0,8.0,1.0,Electronics,280.12,1133.0,Card,Success,280.12,True
1337,428,2024-09-14,Delivered,Italy,Consumer,2024-03-27,4087.0,90.0,1.0,Electronics,413.97,1133.0,Card,Success,413.97,True
1337,428,2024-09-14,Delivered,Italy,Consumer,2024-03-27,4182.0,85.0,2.0,Sports,64.57,1133.0,Card,Success,129.14,True
1337,428,2024-09-14,Delivered,Italy,Consumer,2024-03-27,4848.0,30.0,1.0,Sports,288.35,1133.0,Card,Success,288.35,True
1338,449,2024-03-05,Cancelled,Spain,Corporate,2023-04-29,,,,,,441.0,Card,Success,,False
1339,87,2024-03-23,Delivered,Germany,Small Business,2023-09-30,2025.0,24.0,1.0,Clothing,282.54,1414.0,Card,Success,282.54,True
1340,101,2024-06-02,Delivered,Spain,Corporate,2023-04-19,808.0,79.0,2.0,Electronics,372.96,659.0,PayPal,Failed,745.92,False
1340,101,2024-06-02,Delivered,Spain,Corporate,2023-04-19,1331.0,21.0,3.0,Home,324.05,659.0,PayPal,Failed,972.1500000000001,False
1341,8,2024-09-22,Cancelled,France,Consumer,2023-05-06,856.0,83.0,3.0,Sports,119.13,127.0,Bank Transfer,Success,357.39,False
1341,8,2024-09-22,Cancelled,France,Consumer,2023-05-06,1364.0,49.0,4.0,Sports,23.61,127.0,Bank Transfer,Success,94.44,False
1342,333,2024-11-04,Delivered,Italy,Consumer,2024-10-27,1393.0,44.0,1.0,Clothing,466.63,1.0,Bank Transfer,Success,466.63,True
1342,333,2024-11-04,Delivered,Italy,Consumer,2024-10-27,2334.0,72.0,1.0,Sports,133.2,1.0,Bank Transfer,Success,133.2,True
1342,333,2024-11-04,Delivered,Italy,Consumer,2024-10-27,2345.0,61.0,3.0,Clothing,427.15,1.0,Bank Transfer,Success,1281.4499999999998,True
1343,200,2024-03-19,Delivered,Spain,Consumer,2024-08-10,,,,,,684.0,Bank Transfer,Success,,True
1344,87,2024-11-10,Delivered,Germany,Small Business,2023-09-30,115.0,81.0,2.0,Electronics,203.78,445.0,Bank Transfer,Success,407.56,True
1344,87,2024-11-10,Delivered,Germany,Small Business,2023-09-30,4481.0,52.0,3.0,Electronics,139.49,445.0,Bank Transfer,Success,418.47,True
1345,43,2024-05-29,Delivered,Germany,Consumer,2023-09-06,74.0,82.0,2.0,Home,419.72,1748.0,PayPal,Success,839.44,True
1345,43,2024-05-29,Delivered,Germany,Consumer,2023-09-06,153.0,26.0,1.0,Electronics,443.07,1748.0,PayPal,Success,443.07,True
1345,43,2024-05-29,Delivered,Germany,Consumer,2023-09-06,3228.0,63.0,1.0,Sports,296.61,1748.0,PayPal,Success,296.61,True
1345,43,2024-05-29,Delivered,Germany,Consumer,2023-09-06,3442.0,12.0,3.0,Sports,366.86,1748.0,PayPal,Success,1100.58,True
1346,385,2024-02-17,Delivered,France,Small Business,2023-01-19,467.0,36.0,1.0,Home,216.27,847.0,Bank Transfer,Success,216.27,True
1346,385,2024-02-17,Delivered,France,Small Business,2023-01-19,1392.0,15.0,1.0,Home,213.77,847.0,Bank Transfer,Success,213.77,True
1346,385,2024-02-17,Delivered,France,Small Business,2023-01-19,2790.0,91.0,4.0,Electronics,401.38,847.0,Bank Transfer,Success,1605.52,True
1346,385,2024-02-17,Delivered,France,Small Business,2023-01-19,3296.0,19.0,3.0,Clothing,230.3,847.0,Bank Transfer,Success,690.9000000000001,True
1347,109,2024-09-04,Delivered,Germany,Consumer,2024-01-04,,,,,,1554.0,Bank Transfer,Success,,True
1348,435,2024-10-04,Delivered,Italy,Consumer,2024-11-03,1674.0,27.0,4.0,Sports,267.48,386.0,Bank Transfer,Success,1069.92,True
1348,435,2024-10-04,Delivered,Italy,Consumer,2024-11-03,2609.0,25.0,3.0,Clothing,243.13,386.0,Bank Transfer,Success,729.39,True
1349,408,2024-12-21,Delivered,Italy,Small Business,2023-12-15,701.0,25.0,4.0,Clothing,243.13,561.0,Card,Failed,972.52,False
1349,408,2024-12-21,Delivered,Italy,Small Business,2023-12-15,1540.0,21.0,3.0,Home,324.05,561.0,Card,Failed,972.1500000000001,False
1349,408,2024-12-21,Delivered,Italy,Small Business,2023-12-15,2358.0,85.0,4.0,Sports,64.57,561.0,Card,Failed,258.28,False
1349,408,2024-12-21,Delivered,Italy,Small Business,2023-12-15,4970.0,76.0,1.0,Electronics,302.4,561.0,Card,Failed,302.4,False
1350,483,2024-04-07,Delivered,France,Small Business,2023-03-16,2250.0,95.0,1.0,Sports,300.65,1739.0,Bank Transfer,Success,300.65,True
1351,152,2024-01-25,Delivered,Spain,Corporate,2023-07-13,,,,,,227.0,PayPal,Success,,True
1352,17,2024-10-10,Delivered,Italy,Corporate,2024-11-26,2310.0,36.0,3.0,Home,216.27,1200.0,Bank Transfer,Success,648.8100000000001,True
1352,17,2024-10-10,Delivered,Italy,Corporate,2024-11-26,3281.0,64.0,1.0,Sports,142.25,1200.0,Bank Transfer,Success,142.25,True
1352,17,2024-10-10,Delivered,Italy,Corporate,2024-11-26,3463.0,9.0,1.0,Home,239.24,1200.0,Bank Transfer,Success,239.24,True
1352,17,2024-10-10,Delivered,Italy,Corporate,2024-11-26,4966.0,30.0,4.0,Sports,288.35,1200.0,Bank Transfer,Success,1153.4,True
1353,133,2024-10-27,Delivered,France,Consumer,2024-10-25,327.0,43.0,3.0,Electronics,195.06,526.0,Card,Success,585.1800000000001,True
1353,133,2024-10-27,Delivered,France,Consumer,2024-10-25,3190.0,88.0,1.0,Sports,23.18,526.0,Card,Success,23.18,True
1353,133,2024-10-27,Delivered,France,Consumer,2024-10-25,3976.0,88.0,3.0,Sports,23.18,526.0,Card,Success,69.53999999999999,True
1354,148,2024-03-08,Delivered,Spain,Small Business,2024-08-28,,,,,,1400.0,PayPal,Success,,True
1355,277,2024-01-07,Returned,France,Consumer,2024-11-15,4129.0,19.0,4.0,Clothing,230.3,732.0,Card,Success,921.2,False
1355,277,2024-01-07,Returned,France,Consumer,2024-11-15,4310.0,64.0,3.0,Sports,142.25,732.0,Card,Success,426.75,False
1356,232,2024-10-31,Delivered,Italy,Consumer,2023-05-25,1836.0,96.0,1.0,Clothing,264.89,1857.0,Bank Transfer,Success,264.89,True
1356,232,2024-10-31,Delivered,Italy,Consumer,2023-05-25,1836.0,96.0,1.0,Clothing,264.89,1862.0,PayPal,Success,264.89,True
1356,232,2024-10-31,Delivered,Italy,Consumer,2023-05-25,3219.0,40.0,4.0,Electronics,495.22,1857.0,Bank Transfer,Success,1980.88,True
1356,232,2024-10-31,Delivered,Italy,Consumer,2023-05-25,3219.0,40.0,4.0,Electronics,495.22,1862.0,PayPal,Success,1980.88,True
1356,232,2024-10-31,Delivered,Italy,Consumer,2023-05-25,4724.0,2.0,4.0,Home,348.12,1857.0,Bank Transfer,Success,1392.48,True
1356,232,2024-10-31,Delivered,Italy,Consumer,2023-05-25,4724.0,2.0,4.0,Home,348.12,1862.0,PayPal,Success,1392.48,True
1357,314,2024-05-16,Delivered,Spain,Corporate,2023-10-24,1776.0,95.0,2.0,Sports,300.65,586.0,Card,Success,601.3,True
1357,314,2024-05-16,Delivered,Spain,Corporate,2023-10-24,2829.0,59.0,4.0,Home,236.32,586.0,Card,Success,945.28,True
1357,314,2024-05-16,Delivered,Spain,Corporate,2023-10-24,3468.0,31.0,1.0,Home,402.97,586.0,Card,Success,402.97,True
1357,314,2024-05-16,Delivered,Spain,Corporate,2023-10-24,3633.0,37.0,1.0,Electronics,438.95,586.0,Card,Success,438.95,True
1357,314,2024-05-16,Delivered,Spain,Corporate,2023-10-24,3776.0,13.0,4.0,Sports,100.34,586.0,Card,Success,401.36,True
1358,415,2024-06-12,Delivered,Spain,Small Business,2023-08-17,292.0,70.0,3.0,Home,478.43,576.0,PayPal,Success,1435.29,True
1359,366,2024-03-23,Delivered,Spain,Consumer,2023-12-08,4616.0,99.0,3.0,Clothing,248.14,1412.0,Bank Transfer,Success,744.42,True
1360,228,2024-05-17,Returned,Germany,Corporate,2023-01-23,459.0,82.0,4.0,Home,419.72,1717.0,Card,Success,1678.88,False
1360,228,2024-05-17,Returned,Germany,Corporate,2023-01-23,1215.0,57.0,3.0,Electronics,367.47,1717.0,Card,Success,1102.41,False
1360,228,2024-05-17,Returned,Germany,Corporate,2023-01-23,1463.0,66.0,2.0,Clothing,27.32,1717.0,Card,Success,54.64,False
1360,228,2024-05-17,Returned,Germany,Corporate,2023-01-23,2526.0,47.0,2.0,Electronics,31.08,1717.0,Card,Success,62.16,False
1360,228,2024-05-17,Returned,Germany,Corporate,2023-01-23,2913.0,54.0,3.0,Home,50.39,1717.0,Card,Success,151.17000000000002,False
1360,228,2024-05-17,Returned,Germany,Corporate,2023-01-23,3992.0,83.0,3.0,Sports,119.13,1717.0,Card,Success,357.39,False
1360,228,2024-05-17,Returned,Germany,Corporate,2023-01-23,4290.0,67.0,2.0,Clothing,59.19,1717.0,Card,Success,118.38,False
1361,139,2024-03-13,Delivered,Spain,Corporate,2024-07-01,1641.0,12.0,3.0,Sports,366.86,237.0,PayPal,Success,1100.58,True
1361,139,2024-03-13,Delivered,Spain,Corporate,2024-07-01,2454.0,8.0,2.0,Electronics,280.12,237.0,PayPal,Success,560.24,True
1361,139,2024-03-13,Delivered,Spain,Corporate,2024-07-01,2785.0,20.0,4.0,Clothing,263.61,237.0,PayPal,Success,1054.44,True
1361,139,2024-03-13,Delivered,Spain,Corporate,2024-07-01,3120.0,25.0,3.0,Clothing,243.13,237.0,PayPal,Success,729.39,True
1361,139,2024-03-13,Delivered,Spain,Corporate,2024-07-01,4184.0,81.0,3.0,Electronics,203.78,237.0,PayPal,Success,611.34,True
1362,436,2024-08-24,Returned,Italy,Corporate,2023-05-31,523.0,68.0,1.0,Clothing,198.86,314.0,Card,Failed,198.86,False
1362,436,2024-08-24,Returned,Italy,Corporate,2023-05-31,859.0,59.0,1.0,Home,236.32,314.0,Card,Failed,236.32,False
1362,436,2024-08-24,Returned,Italy,Corporate,2023-05-31,2626.0,67.0,1.0,Clothing,59.19,314.0,Card,Failed,59.19,False
1362,436,2024-08-24,Returned,Italy,Corporate,2023-05-31,4100.0,92.0,1.0,Home,316.74,314.0,Card,Failed,316.74,False
1362,436,2024-08-24,Returned,Italy,Corporate,2023-05-31,4402.0,2.0,3.0,Home,348.12,314.0,Card,Failed,1044.3600000000001,False
1363,399,2024-02-15,Delivered,Italy,Small Business,2024-10-04,294.0,69.0,2.0,Sports,66.6,38.0,Bank Transfer,Success,133.2,True
1363,399,2024-02-15,Delivered,Italy,Small Business,2024-10-04,1009.0,31.0,3.0,Home,402.97,38.0,Bank Transfer,Success,1208.91,True
1363,399,2024-02-15,Delivered,Italy,Small Business,2024-10-04,4738.0,56.0,2.0,Clothing,263.65,38.0,Bank Transfer,Success,527.3,True
1364,211,2024-04-15,Delivered,Spain,Consumer,2023-01-05,2959.0,1.0,4.0,Electronics,325.1,1728.0,Card,Failed,1300.4,False
1365,391,2024-10-14,Delivered,Spain,Small Business,2024-05-16,,,,,,1787.0,Bank Transfer,Success,,True
1366,499,2024-09-18,Cancelled,France,Corporate,2023-10-14,1993.0,72.0,4.0,Sports,133.2,1297.0,Card,Success,532.8,False
1366,499,2024-09-18,Cancelled,France,Corporate,2023-10-14,3866.0,12.0,2.0,Sports,366.86,1297.0,Card,Success,733.72,False
1366,499,2024-09-18,Cancelled,France,Corporate,2023-10-14,4219.0,3.0,2.0,Electronics,30.54,1297.0,Card,Success,61.08,False
1367,28,2024-06-24,Delivered,Germany,Small Business,2023-01-05,,,,,,22.0,PayPal,Success,,True
1368,51,2024-06-14,Delivered,Spain,Small Business,2023-02-17,,,,,,343.0,Bank Transfer,Success,,True
1369,491,2024-05-24,Delivered,Italy,Small Business,2024-11-07,2556.0,30.0,4.0,Sports,288.35,1107.0,Bank Transfer,Success,1153.4,True
1369,491,2024-05-24,Delivered,Italy,Small Business,2024-11-07,3629.0,33.0,4.0,Home,332.52,1107.0,Bank Transfer,Success,1330.08,True
1370,442,2024-11-25,Delivered,Italy,Consumer,2023-10-12,1346.0,35.0,3.0,Sports,262.48,262.0,PayPal,Success,787.44,True
1370,442,2024-11-25,Delivered,Italy,Consumer,2023-10-12,3531.0,7.0,1.0,Electronics,499.68,262.0,PayPal,Success,499.68,True
1370,442,2024-11-25,Delivered,Italy,Consumer,2023-10-12,3655.0,94.0,3.0,Clothing,261.54,262.0,PayPal,Success,784.6200000000001,True
1370,442,2024-11-25,Delivered,Italy,Consumer,2023-10-12,3844.0,40.0,4.0,Electronics,495.22,262.0,PayPal,Success,1980.88,True
1371,261,2024-10-09,Returned,France,Consumer,2024-08-20,3788.0,75.0,1.0,Electronics,442.68,1545.0,Card,Success,442.68,False
1372,261,2024-02-23,Delivered,France,Consumer,2024-08-20,914.0,6.0,4.0,Clothing,296.19,1101.0,PayPal,Success,1184.76,True
1372,261,2024-02-23,Delivered,France,Consumer,2024-08-20,1839.0,21.0,4.0,Home,324.05,1101.0,PayPal,Success,1296.2,True
1372,261,2024-02-23,Delivered,France,Consumer,2024-08-20,3817.0,40.0,4.0,Electronics,495.22,1101.0,PayPal,Success,1980.88,True
1373,350,2024-06-26,Delivered,Spain,Small Business,2023-06-29,4396.0,60.0,4.0,Home,152.02,206.0,PayPal,Success,608.08,True
1374,352,2024-08-31,Delivered,France,Consumer,2023-06-10,3601.0,3.0,2.0,Electronics,30.54,1397.0,Bank Transfer,Success,61.08,True
1374,352,2024-08-31,Delivered,France,Consumer,2023-06-10,4993.0,98.0,1.0,Electronics,260.05,1397.0,Bank Transfer,Success,260.05,True
1375,8,2024-12-06,Delivered,France,Consumer,2023-05-06,171.0,21.0,3.0,Home,324.05,1040.0,Card,Success,972.1500000000001,True
1375,8,2024-12-06,Delivered,France,Consumer,2023-05-06,1032.0,62.0,2.0,Electronics,359.2,1040.0,Card,Success,718.4,True
1375,8,2024-12-06,Delivered,France,Consumer,2023-05-06,3736.0,30.0,4.0,Sports,288.35,1040.0,Card,Success,1153.4,True
1375,8,2024-12-06,Delivered,France,Consumer,2023-05-06,3782.0,19.0,4.0,Clothing,230.3,1040.0,Card,Success,921.2,True
1375,8,2024-12-06,Delivered,France,Consumer,2023-05-06,4671.0,87.0,1.0,Home,195.12,1040.0,Card,Success,195.12,True
1376,320,2024-05-06,Returned,Germany,Small Business,2024-02-24,119.0,58.0,1.0,Home,6.66,739.0,Card,Success,6.66,False
1377,138,2024-09-27,Delivered,France,Consumer,2023-08-17,1613.0,44.0,4.0,Clothing,466.63,799.0,PayPal,Success,1866.52,True
1377,138,2024-09-27,Delivered,France,Consumer,2023-08-17,4288.0,8.0,1.0,Electronics,280.12,799.0,PayPal,Success,280.12,True
1378,38,2024-05-11,Delivered,France,Consumer,2023-12-12,1192.0,11.0,2.0,Home,64.66,148.0,PayPal,Success,129.32,True
1378,38,2024-05-11,Delivered,France,Consumer,2023-12-12,1262.0,3.0,2.0,Electronics,30.54,148.0,PayPal,Success,61.08,True
1378,38,2024-05-11,Delivered,France,Consumer,2023-12-12,3155.0,10.0,4.0,Sports,159.86,148.0,PayPal,Success,639.44,True
1379,111,2024-04-02,Cancelled,Italy,Consumer,2024-07-07,,,,,,1769.0,Bank Transfer,Success,,False
1380,480,2024-03-13,Delivered,Italy,Corporate,2023-01-29,101.0,30.0,3.0,Sports,288.35,417.0,Card,Success,865.0500000000001,True
1380,480,2024-03-13,Delivered,Italy,Corporate,2023-01-29,2727.0,46.0,3.0,Electronics,9.7,417.0,Card,Success,29.099999999999998,True
1380,480,2024-03-13,Delivered,Italy,Corporate,2023-01-29,3729.0,7.0,3.0,Electronics,499.68,417.0,Card,Success,1499.04,True
1380,480,2024-03-13,Delivered,Italy,Corporate,2023-01-29,4985.0,1.0,3.0,Electronics,325.1,417.0,Card,Success,975.3000000000001,True
1381,368,2024-09-04,Delivered,Germany,Small Business,2023-03-04,2683.0,68.0,2.0,Clothing,198.86,946.0,Card,Success,397.72,True
1381,368,2024-09-04,Delivered,Germany,Small Business,2023-03-04,2771.0,40.0,2.0,Electronics,495.22,946.0,Card,Success,990.44,True
1381,368,2024-09-04,Delivered,Germany,Small Business,2023-03-04,3838.0,44.0,3.0,Clothing,466.63,946.0,Card,Success,1399.8899999999999,True
1382,220,2024-12-13,Delivered,Spain,Consumer,2024-02-06,2223.0,19.0,4.0,Clothing,230.3,1442.0,PayPal,Success,921.2,True
1382,220,2024-12-13,Delivered,Spain,Consumer,2024-02-06,2566.0,62.0,1.0,Electronics,359.2,1442.0,PayPal,Success,359.2,True
1382,220,2024-12-13,Delivered,Spain,Consumer,2024-02-06,3504.0,42.0,3.0,Clothing,96.81,1442.0,PayPal,Success,290.43,True
1383,337,2024-09-29,Delivered,France,Corporate,2024-08-24,1468.0,27.0,2.0,Sports,267.48,1411.0,Card,Failed,534.96,False
1384,223,2024-02-12,Delivered,Germany,Corporate,2024-09-07,2059.0,40.0,4.0,Electronics,495.22,674.0,PayPal,Success,1980.88,True
1384,223,2024-02-12,Delivered,Germany,Corporate,2024-09-07,2283.0,98.0,4.0,Electronics,260.05,674.0,PayPal,Success,1040.2,True
1384,223,2024-02-12,Delivered,Germany,Corporate,2024-09-07,3707.0,65.0,3.0,Home,455.62,674.0,PayPal,Success,1366.8600000000001,True
1385,136,2024-02-10,Returned,France,Consumer,2024-06-26,1143.0,21.0,4.0,Home,324.05,1650.0,PayPal,Success,1296.2,False
1385,136,2024-02-10,Returned,France,Consumer,2024-06-26,3076.0,98.0,3.0,Electronics,260.05,1650.0,PayPal,Success,780.1500000000001,False
1385,136,2024-02-10,Returned,France,Consumer,2024-06-26,3372.0,85.0,4.0,Sports,64.57,1650.0,PayPal,Success,258.28,False
1385,136,2024-02-10,Returned,France,Consumer,2024-06-26,4516.0,71.0,4.0,Electronics,400.0,1650.0,PayPal,Success,1600.0,False
1386,256,2024-06-18,Delivered,Spain,Corporate,2023-04-07,2735.0,79.0,4.0,Electronics,372.96,897.0,PayPal,Success,1491.84,True
1386,256,2024-06-18,Delivered,Spain,Corporate,2023-04-07,3433.0,100.0,3.0,Electronics,498.19,897.0,PayPal,Success,1494.57,True
1387,360,2024-07-30,Delivered,Spain,Corporate,2023-02-18,,,,,,295.0,Bank Transfer,Success,,True
1388,409,2024-06-16,Returned,Italy,Consumer,2023-01-08,1531.0,30.0,4.0,Sports,288.35,1517.0,Bank Transfer,Success,1153.4,False
1389,329,2024-02-08,Delivered,Italy,Consumer,2023-07-21,104.0,16.0,2.0,Home,398.69,1319.0,Bank Transfer,Success,797.38,True
1389,329,2024-02-08,Delivered,Italy,Consumer,2023-07-21,789.0,15.0,1.0,Home,213.77,1319.0,Bank Transfer,Success,213.77,True
1389,329,2024-02-08,Delivered,Italy,Consumer,2023-07-21,814.0,5.0,3.0,Home,26.86,1319.0,Bank Transfer,Success,80.58,True
1389,329,2024-02-08,Delivered,Italy,Consumer,2023-07-21,4786.0,21.0,2.0,Home,324.05,1319.0,Bank Transfer,Success,648.1,True
1390,450,2024-09-01,Delivered,Germany,Corporate,2024-01-31,405.0,26.0,1.0,Electronics,443.07,1031.0,Bank Transfer,Failed,443.07,False
1390,450,2024-09-01,Delivered,Germany,Corporate,2024-01-31,1299.0,73.0,3.0,Home,296.33,1031.0,Bank Transfer,Failed,888.99,False
1390,450,2024-09-01,Delivered,Germany,Corporate,2024-01-31,1347.0,12.0,4.0,Sports,366.86,1031.0,Bank Transfer,Failed,1467.44,False
1391,463,2024-05-30,Delivered,Germany,Consumer,2023-02-28,1288.0,21.0,2.0,Home,324.05,298.0,Bank Transfer,Failed,648.1,False
1391,463,2024-05-30,Delivered,Germany,Consumer,2023-02-28,2635.0,83.0,2.0,Sports,119.13,298.0,Bank Transfer,Failed,238.26,False
1392,434,2024-04-20,Returned,Italy,Consumer,2023-11-26,17.0,85.0,4.0,Sports,64.57,715.0,Card,Success,258.28,False
1392,434,2024-04-20,Returned,Italy,Consumer,2023-11-26,969.0,34.0,2.0,Home,370.24,715.0,Card,Success,740.48,False
1392,434,2024-04-20,Returned,Italy,Consumer,2023-11-26,2267.0,87.0,3.0,Home,195.12,715.0,Card,Success,585.36,False
1392,434,2024-04-20,Returned,Italy,Consumer,2023-11-26,2752.0,71.0,1.0,Electronics,400.0,715.0,Card,Success,400.0,False
1393,451,2024-02-16,Delivered,Germany,Corporate,2024-06-15,2262.0,81.0,2.0,Electronics,203.78,1476.0,Bank Transfer,Success,407.56,True
1393,451,2024-02-16,Delivered,Germany,Corporate,2024-06-15,2765.0,51.0,4.0,Electronics,292.47,1476.0,Bank Transfer,Success,1169.88,True
1393,451,2024-02-16,Delivered,Germany,Corporate,2024-06-15,2810.0,93.0,4.0,Electronics,112.08,1476.0,Bank Transfer,Success,448.32,True
1393,451,2024-02-16,Delivered,Germany,Corporate,2024-06-15,4512.0,72.0,2.0,Sports,133.2,1476.0,Bank Transfer,Success,266.4,True
1394,49,2024-03-03,Delivered,Germany,Corporate,2023-12-16,4287.0,70.0,3.0,Home,478.43,253.0,Card,Success,1435.29,True
1395,292,2024-08-12,Cancelled,Spain,Consumer,2023-10-29,,,,,,1258.0,Bank Transfer,Success,,False
1396,382,2024-03-09,Delivered,Germany,Corporate,2023-10-13,3086.0,7.0,1.0,Electronics,499.68,42.0,Card,Success,499.68,True
1396,382,2024-03-09,Delivered,Germany,Corporate,2023-10-13,3387.0,74.0,4.0,Home,491.25,42.0,Card,Success,1965.0,True
1396,382,2024-03-09,Delivered,Germany,Corporate,2023-10-13,3724.0,77.0,1.0,Electronics,452.34,42.0,Card,Success,452.34,True
1396,382,2024-03-09,Delivered,Germany,Corporate,2023-10-13,4692.0,83.0,3.0,Sports,119.13,42.0,Card,Success,357.39,True
1397,324,2024-10-25,Delivered,Germany,Small Business,2024-01-06,1408.0,16.0,3.0,Home,398.69,1798.0,PayPal,Failed,1196.07,False
1397,324,2024-10-25,Delivered,Germany,Small Business,2024-01-06,1462.0,60.0,1.0,Home,152.02,1798.0,PayPal,Failed,152.02,False
1397,324,2024-10-25,Delivered,Germany,Small Business,2024-01-06,2955.0,72.0,4.0,Sports,133.2,1798.0,PayPal,Failed,532.8,False
1398,78,2024-10-16,Cancelled,Italy,Small Business,2024-05-22,1731.0,56.0,4.0,Clothing,263.65,1898.0,PayPal,Success,1054.6,False
1399,105,2024-10-22,Delivered,Germany,Corporate,2023-04-21,180.0,63.0,2.0,Sports,296.61,1388.0,Card,Success,593.22,True
1399,105,2024-10-22,Delivered,Germany,Corporate,2023-04-21,3315.0,22.0,3.0,Home,326.83,1388.0,Card,Success,980.49,True
1400,169,2024-07-21,Delivered,Spain,Consumer,2024-10-15,1293.0,9.0,1.0,Home,239.24,256.0,PayPal,Success,239.24,True
1400,169,2024-07-21,Delivered,Spain,Consumer,2024-10-15,2833.0,92.0,3.0,Home,316.74,256.0,PayPal,Success,950.22,True
1401,217,2024-03-01,Returned,Italy,Small Business,2024-08-23,2220.0,73.0,4.0,Home,296.33,1582.0,PayPal,Success,1185.32,False
1401,217,2024-03-01,Returned,Italy,Small Business,2024-08-23,2343.0,38.0,4.0,Clothing,211.67,1582.0,PayPal,Success,846.68,False
1401,217,2024-03-01,Returned,Italy,Small Business,2024-08-23,3509.0,67.0,3.0,Clothing,59.19,1582.0,PayPal,Success,177.57,False
1401,217,2024-03-01,Returned,Italy,Small Business,2024-08-23,4913.0,58.0,2.0,Home,6.66,1582.0,PayPal,Success,13.32,False
1402,378,2024-11-13,Delivered,France,Corporate,2023-10-12,1282.0,86.0,1.0,Sports,28.24,1382.0,Card,Success,28.24,True
1402,378,2024-11-13,Delivered,France,Corporate,2023-10-12,3243.0,38.0,2.0,Clothing,211.67,1382.0,Card,Success,423.34,True
1402,378,2024-11-13,Delivered,France,Corporate,2023-10-12,3363.0,27.0,1.0,Sports,267.48,1382.0,Card,Success,267.48,True
1402,378,2024-11-13,Delivered,France,Corporate,2023-10-12,3845.0,76.0,4.0,Electronics,302.4,1382.0,Card,Success,1209.6,True
1402,378,2024-11-13,Delivered,France,Corporate,2023-10-12,4416.0,85.0,3.0,Sports,64.57,1382.0,Card,Success,193.70999999999998,True
1402,378,2024-11-13,Delivered,France,Corporate,2023-10-12,4715.0,26.0,2.0,Electronics,443.07,1382.0,Card,Success,886.14,True
1403,119,2024-11-09,Delivered,Italy,Small Business,2023-11-11,3539.0,88.0,1.0,Sports,23.18,152.0,PayPal,Success,23.18,True
1403,119,2024-11-09,Delivered,Italy,Small Business,2023-11-11,4847.0,68.0,2.0,Clothing,198.86,152.0,PayPal,Success,397.72,True
1404,190,2024-06-09,Cancelled,Unknown,Corporate,2024-02-23,163.0,76.0,2.0,Electronics,302.4,1359.0,PayPal,Success,604.8,False
1404,190,2024-06-09,Cancelled,Unknown,Corporate,2024-02-23,318.0,65.0,1.0,Home,455.62,1359.0,PayPal,Success,455.62,False
1404,190,2024-06-09,Cancelled,Unknown,Corporate,2024-02-23,3949.0,17.0,2.0,Sports,373.81,1359.0,PayPal,Success,747.62,False
1405,255,2024-11-26,Cancelled,France,Corporate,2024-03-16,899.0,85.0,2.0,Sports,64.57,1967.0,Card,Success,129.14,False
1405,255,2024-11-26,Cancelled,France,Corporate,2024-03-16,2014.0,20.0,1.0,Clothing,263.61,1967.0,Card,Success,263.61,False
1405,255,2024-11-26,Cancelled,France,Corporate,2024-03-16,3842.0,93.0,2.0,Electronics,112.08,1967.0,Card,Success,224.16,False
1406,370,2024-01-16,Delivered,Spain,Small Business,2024-07-14,12.0,8.0,1.0,Electronics,280.12,1691.0,PayPal,Failed,280.12,False
1406,370,2024-01-16,Delivered,Spain,Small Business,2024-07-14,430.0,9.0,4.0,Home,239.24,1691.0,PayPal,Failed,956.96,False
1406,370,2024-01-16,Delivered,Spain,Small Business,2024-07-14,2712.0,50.0,2.0,Electronics,242.49,1691.0,PayPal,Failed,484.98,False
1406,370,2024-01-16,Delivered,Spain,Small Business,2024-07-14,4237.0,68.0,1.0,Clothing,198.86,1691.0,PayPal,Failed,198.86,False
1407,266,2024-12-03,Delivered,Germany,Small Business,2023-06-08,617.0,6.0,3.0,Clothing,296.19,333.0,PayPal,Success,888.5699999999999,True
1407,266,2024-12-03,Delivered,Germany,Small Business,2023-06-08,1589.0,5.0,2.0,Home,26.86,333.0,PayPal,Success,53.72,True
1408,149,2024-04-03,Delivered,France,Corporate,2024-05-18,,,,,,685.0,Bank Transfer,Success,,True
1409,164,2024-10-30,Delivered,Italy,Consumer,2023-04-23,2145.0,55.0,4.0,Sports,171.5,1655.0,Bank Transfer,Success,686.0,True
1409,164,2024-10-30,Delivered,Italy,Consumer,2023-04-23,2848.0,71.0,3.0,Electronics,400.0,1655.0,Bank Transfer,Success,1200.0,True
1409,164,2024-10-30,Delivered,Italy,Consumer,2023-04-23,3352.0,18.0,2.0,Home,32.17,1655.0,Bank Transfer,Success,64.34,True
1410,140,2024-05-17,Delivered,France,Corporate,2023-08-11,133.0,65.0,3.0,Home,455.62,1808.0,PayPal,Success,1366.8600000000001,True
1410,140,2024-05-17,Delivered,France,Corporate,2023-08-11,2650.0,15.0,2.0,Home,213.77,1808.0,PayPal,Success,427.54,True
1411,347,2024-12-03,Delivered,Spain,Consumer,2023-07-01,587.0,63.0,4.0,Sports,296.61,1021.0,Card,Success,1186.44,True
1411,347,2024-12-03,Delivered,Spain,Consumer,2023-07-01,2905.0,29.0,1.0,Clothing,205.22,1021.0,Card,Success,205.22,True
1411,347,2024-12-03,Delivered,Spain,Consumer,2023-07-01,3885.0,79.0,3.0,Electronics,372.96,1021.0,Card,Success,1118.8799999999999,True
1412,488,2024-02-07,Delivered,Italy,Consumer,2023-02-10,,,,,,1597.0,PayPal,Success,,True
1413,258,2024-05-06,Delivered,Germany,Corporate,2023-10-16,2021.0,56.0,2.0,Clothing,263.65,1900.0,Card,Success,527.3,True
1414,374,2024-10-01,Delivered,Italy,Consumer,2024-03-10,1604.0,58.0,2.0,Home,6.66,1598.0,PayPal,Success,13.32,True
1415,269,2024-06-12,Delivered,Spain,Consumer,2024-11-26,1545.0,51.0,3.0,Electronics,292.47,1003.0,Bank Transfer,Success,877.4100000000001,True
1415,269,2024-06-12,Delivered,Spain,Consumer,2024-11-26,2861.0,3.0,1.0,Electronics,30.54,1003.0,Bank Transfer,Success,30.54,True
1415,269,2024-06-12,Delivered,Spain,Consumer,2024-11-26,3420.0,83.0,4.0,Sports,119.13,1003.0,Bank Transfer,Success,476.52,True
1416,181,2024-11-14,Delivered,France,Small Business,2023-01-13,1930.0,63.0,3.0,Sports,296.61,1644.0,Bank Transfer,Success,889.83,True
1416,181,2024-11-14,Delivered,France,Small Business,2023-01-13,2113.0,10.0,4.0,Sports,159.86,1644.0,Bank Transfer,Success,639.44,True
1416,181,2024-11-14,Delivered,France,Small Business,2023-01-13,4365.0,30.0,3.0,Sports,288.35,1644.0,Bank Transfer,Success,865.0500000000001,True
1417,160,2024-03-17,Delivered,Italy,Corporate,2024-02-14,4960.0,62.0,2.0,Electronics,359.2,1590.0,Bank Transfer,Success,718.4,True
1418,351,2024-06-22,Delivered,Italy,Consumer,2024-05-15,1107.0,54.0,1.0,Home,50.39,891.0,Card,Success,50.39,True
1418,351,2024-06-22,Delivered,Italy,Consumer,2024-05-15,1325.0,68.0,3.0,Clothing,198.86,891.0,Card,Success,596.58,True
1418,351,2024-06-22,Delivered,Italy,Consumer,2024-05-15,1770.0,52.0,2.0,Electronics,139.49,891.0,Card,Success,278.98,True
1419,400,2024-12-23,Delivered,France,Consumer,2024-04-02,4339.0,14.0,3.0,Electronics,62.06,,,,186.18,False
1420,288,2024-11-16,Delivered,France,Small Business,2024-07-03,572.0,3.0,1.0,Electronics,30.54,1505.0,Bank Transfer,Success,30.54,True
1421,288,2024-03-31,Delivered,France,Small Business,2024-07-03,895.0,91.0,4.0,Electronics,401.38,1886.0,Bank Transfer,Success,1605.52,True
1421,288,2024-03-31,Delivered,France,Small Business,2024-07-03,2838.0,21.0,1.0,Home,324.05,1886.0,Bank Transfer,Success,324.05,True
1421,288,2024-03-31,Delivered,France,Small Business,2024-07-03,2853.0,88.0,1.0,Sports,23.18,1886.0,Bank Transfer,Success,23.18,True
1422,380,2024-08-25,Returned,France,Consumer,2024-03-04,1231.0,51.0,2.0,Electronics,292.47,91.0,Card,Success,584.94,False
1422,380,2024-08-25,Returned,France,Consumer,2024-03-04,1491.0,69.0,3.0,Sports,66.6,91.0,Card,Success,199.79999999999998,False
1422,380,2024-08-25,Returned,France,Consumer,2024-03-04,2944.0,81.0,4.0,Electronics,203.78,91.0,Card,Success,815.12,False
1422,380,2024-08-25,Returned,France,Consumer,2024-03-04,4020.0,32.0,4.0,Sports,271.51,91.0,Card,Success,1086.04,False
1422,380,2024-08-25,Returned,France,Consumer,2024-03-04,4218.0,1.0,3.0,Electronics,325.1,91.0,Card,Success,975.3000000000001,False
1423,226,2024-09-20,Delivered,Germany,Corporate,2024-09-28,4902.0,55.0,3.0,Sports,171.5,292.0,Card,Success,514.5,True
1424,11,2024-06-27,Returned,Spain,Corporate,2024-10-24,137.0,88.0,1.0,Sports,23.18,723.0,Bank Transfer,Success,23.18,False
1424,11,2024-06-27,Returned,Spain,Corporate,2024-10-24,1505.0,37.0,4.0,Electronics,438.95,723.0,Bank Transfer,Success,1755.8,False
1425,10,2024-07-27,Delivered,Germany,Small Business,2023-04-21,953.0,42.0,4.0,Clothing,96.81,1629.0,PayPal,Success,387.24,True
1425,10,2024-07-27,Delivered,Germany,Small Business,2023-04-21,3343.0,77.0,4.0,Electronics,452.34,1629.0,PayPal,Success,1809.36,True
1425,10,2024-07-27,Delivered,Germany,Small Business,2023-04-21,3474.0,69.0,2.0,Sports,66.6,1629.0,PayPal,Success,133.2,True
1426,271,2024-03-13,Delivered,Germany,Corporate,2023-06-06,922.0,28.0,3.0,Electronics,223.31,1248.0,Bank Transfer,Failed,669.9300000000001,False
1426,271,2024-03-13,Delivered,Germany,Corporate,2023-06-06,1986.0,100.0,3.0,Electronics,498.19,1248.0,Bank Transfer,Failed,1494.57,False
1426,271,2024-03-13,Delivered,Germany,Corporate,2023-06-06,3574.0,68.0,3.0,Clothing,198.86,1248.0,Bank Transfer,Failed,596.58,False
1426,271,2024-03-13,Delivered,Germany,Corporate,2023-06-06,4688.0,16.0,1.0,Home,398.69,1248.0,Bank Transfer,Failed,398.69,False
1427,273,2024-04-16,Cancelled,Italy,Consumer,2023-09-18,164.0,52.0,2.0,Electronics,139.49,208.0,PayPal,Failed,278.98,False
1427,273,2024-04-16,Cancelled,Italy,Consumer,2023-09-18,1062.0,41.0,2.0,Home,5.12,208.0,PayPal,Failed,10.24,False
1427,273,2024-04-16,Cancelled,Italy,Consumer,2023-09-18,1308.0,13.0,4.0,Sports,100.34,208.0,PayPal,Failed,401.36,False
1427,273,2024-04-16,Cancelled,Italy,Consumer,2023-09-18,4186.0,96.0,2.0,Clothing,264.89,208.0,PayPal,Failed,529.78,False
1428,424,2024-12-10,Delivered,Spain,Corporate,2023-03-19,1609.0,68.0,4.0,Clothing,198.86,147.0,Bank Transfer,Success,795.44,True
1428,424,2024-12-10,Delivered,Spain,Corporate,2023-03-19,2835.0,33.0,3.0,Home,332.52,147.0,Bank Transfer,Success,997.56,True
1429,402,2024-10-21,Delivered,Italy,Consumer,2024-01-15,112.0,1.0,1.0,Electronics,325.1,481.0,Card,Success,325.1,True
1429,402,2024-10-21,Delivered,Italy,Consumer,2024-01-15,2605.0,46.0,3.0,Electronics,9.7,481.0,Card,Success,29.099999999999998,True
1429,402,2024-10-21,Delivered,Italy,Consumer,2024-01-15,3457.0,18.0,4.0,Home,32.17,481.0,Card,Success,128.68,True
1430,183,2024-10-10,Delivered,Germany,Consumer,2024-10-03,,,,,,962.0,Bank Transfer,Success,,True
1431,457,2024-12-18,Delivered,Germany,Consumer,2024-05-20,2198.0,89.0,4.0,Home,478.85,120.0,Card,Success,1915.4,True
1431,457,2024-12-18,Delivered,Germany,Consumer,2024-05-20,3679.0,56.0,2.0,Clothing,263.65,120.0,Card,Success,527.3,True
1431,457,2024-12-18,Delivered,Germany,Consumer,2024-05-20,3914.0,2.0,2.0,Home,348.12,120.0,Card,Success,696.24,True
1432,153,2024-06-30,Delivered,France,Consumer,2024-01-27,,,,,,1111.0,PayPal,Success,,True
1433,488,2024-02-06,Delivered,Italy,Consumer,2023-02-10,1013.0,92.0,2.0,Home,316.74,1275.0,Bank Transfer,Success,633.48,True
1433,488,2024-02-06,Delivered,Italy,Consumer,2023-02-10,2602.0,89.0,4.0,Home,478.85,1275.0,Bank Transfer,Success,1915.4,True
1433,488,2024-02-06,Delivered,Italy,Consumer,2023-02-10,3968.0,78.0,3.0,Clothing,494.65,1275.0,Bank Transfer,Success,1483.9499999999998,True
1433,488,2024-02-06,Delivered,Italy,Consumer,2023-02-10,4169.0,70.0,1.0,Home,478.43,1275.0,Bank Transfer,Success,478.43,True
1434,315,2024-05-16,Delivered,Spain,Consumer,2024-02-11,2855.0,40.0,1.0,Electronics,495.22,1879.0,Card,Success,495.22,True
1434,315,2024-05-16,Delivered,Spain,Consumer,2024-02-11,3134.0,12.0,4.0,Sports,366.86,1879.0,Card,Success,1467.44,True
1434,315,2024-05-16,Delivered,Spain,Consumer,2024-02-11,3207.0,57.0,3.0,Electronics,367.47,1879.0,Card,Success,1102.41,True
1434,315,2024-05-16,Delivered,Spain,Consumer,2024-02-11,3899.0,14.0,2.0,Electronics,62.06,1879.0,Card,Success,124.12,True
1434,315,2024-05-16,Delivered,Spain,Consumer,2024-02-11,4889.0,54.0,3.0,Home,50.39,1879.0,Card,Success,151.17000000000002,True
1435,334,2024-12-03,Delivered,Spain,Consumer,2024-07-28,1274.0,22.0,4.0,Home,326.83,1788.0,Card,Success,1307.32,True
1436,124,2024-02-25,Returned,Spain,Consumer,2023-10-04,2114.0,54.0,1.0,Home,50.39,1191.0,Bank Transfer,Success,50.39,False
1436,124,2024-02-25,Returned,Spain,Consumer,2023-10-04,3880.0,45.0,4.0,Clothing,39.66,1191.0,Bank Transfer,Success,158.64,False
1437,473,2024-07-05,Delivered,Spain,Small Business,2023-07-20,781.0,19.0,2.0,Clothing,230.3,839.0,Bank Transfer,Success,460.6,True
1437,473,2024-07-05,Delivered,Spain,Small Business,2023-07-20,3785.0,83.0,4.0,Sports,119.13,839.0,Bank Transfer,Success,476.52,True
1437,473,2024-07-05,Delivered,Spain,Small Business,2023-07-20,4772.0,93.0,3.0,Electronics,112.08,839.0,Bank Transfer,Success,336.24,True
1437,473,2024-07-05,Delivered,Spain,Small Business,2023-07-20,4939.0,69.0,4.0,Sports,66.6,839.0,Bank Transfer,Success,266.4,True
1438,114,2024-12-06,Delivered,Germany,Small Business,2024-06-01,1258.0,48.0,1.0,Electronics,48.83,1682.0,PayPal,Success,48.83,True
1439,278,2024-09-14,Cancelled,Germany,Corporate,2023-05-10,2326.0,65.0,2.0,Home,455.62,867.0,PayPal,Success,911.24,False
1439,278,2024-09-14,Cancelled,Germany,Corporate,2023-05-10,2943.0,75.0,3.0,Electronics,442.68,867.0,PayPal,Success,1328.04,False
1439,278,2024-09-14,Cancelled,Germany,Corporate,2023-05-10,3467.0,71.0,1.0,Electronics,400.0,867.0,PayPal,Success,400.0,False
1439,278,2024-09-14,Cancelled,Germany,Corporate,2023-05-10,4362.0,65.0,2.0,Home,455.62,867.0,PayPal,Success,911.24,False
1440,500,2024-02-27,Delivered,Italy,Consumer,2024-10-07,3168.0,64.0,1.0,Sports,142.25,1730.0,Card,Success,142.25,True
1440,500,2024-02-27,Delivered,Italy,Consumer,2024-10-07,3508.0,73.0,4.0,Home,296.33,1730.0,Card,Success,1185.32,True
1440,500,2024-02-27,Delivered,Italy,Consumer,2024-10-07,4498.0,60.0,2.0,Home,152.02,1730.0,Card,Success,304.04,True
1441,414,2024-12-28,Delivered,France,Small Business,2023-08-27,385.0,43.0,3.0,Electronics,195.06,1325.0,PayPal,Success,585.1800000000001,True
1441,414,2024-12-28,Delivered,France,Small Business,2023-08-27,493.0,100.0,4.0,Electronics,498.19,1325.0,PayPal,Success,1992.76,True
1441,414,2024-12-28,Delivered,France,Small Business,2023-08-27,545.0,65.0,1.0,Home,455.62,1325.0,PayPal,Success,455.62,True
1441,414,2024-12-28,Delivered,France,Small Business,2023-08-27,576.0,61.0,2.0,Clothing,427.15,1325.0,PayPal,Success,854.3,True
1441,414,2024-12-28,Delivered,France,Small Business,2023-08-27,855.0,87.0,1.0,Home,195.12,1325.0,PayPal,Success,195.12,True
1441,414,2024-12-28,Delivered,France,Small Business,2023-08-27,2439.0,28.0,1.0,Electronics,223.31,1325.0,PayPal,Success,223.31,True
1441,414,2024-12-28,Delivered,France,Small Business,2023-08-27,2473.0,13.0,3.0,Sports,100.34,1325.0,PayPal,Success,301.02,True
1442,468,2024-05-02,Delivered,France,Small Business,2024-06-04,3047.0,71.0,4.0,Electronics,400.0,254.0,PayPal,Success,1600.0,True
1442,468,2024-05-02,Delivered,France,Small Business,2024-06-04,3047.0,71.0,4.0,Electronics,400.0,1266.0,Card,Failed,1600.0,False
1442,468,2024-05-02,Delivered,France,Small Business,2024-06-04,4879.0,94.0,4.0,Clothing,261.54,254.0,PayPal,Success,1046.16,True
1442,468,2024-05-02,Delivered,France,Small Business,2024-06-04,4879.0,94.0,4.0,Clothing,261.54,1266.0,Card,Failed,1046.16,False
1443,213,2024-07-06,Delivered,France,Small Business,2023-03-19,3764.0,88.0,1.0,Sports,23.18,225.0,Bank Transfer,Success,23.18,True
1443,213,2024-07-06,Delivered,France,Small Business,2023-03-19,3799.0,67.0,1.0,Clothing,59.19,225.0,Bank Transfer,Success,59.19,True
1444,172,2024-08-17,Delivered,France,Small Business,2023-05-19,764.0,92.0,3.0,Home,316.74,838.0,Bank Transfer,Success,950.22,True
1444,172,2024-08-17,Delivered,France,Small Business,2023-05-19,1402.0,45.0,2.0,Clothing,39.66,838.0,Bank Transfer,Success,79.32,True
1444,172,2024-08-17,Delivered,France,Small Business,2023-05-19,1898.0,41.0,1.0,Home,5.12,838.0,Bank Transfer,Success,5.12,True
1444,172,2024-08-17,Delivered,France,Small Business,2023-05-19,1958.0,60.0,1.0,Home,152.02,838.0,Bank Transfer,Success,152.02,True
1444,172,2024-08-17,Delivered,France,Small Business,2023-05-19,4161.0,47.0,4.0,Electronics,31.08,838.0,Bank Transfer,Success,124.32,True
1445,288,2024-06-16,Delivered,France,Small Business,2024-07-03,466.0,17.0,2.0,Sports,373.81,191.0,Bank Transfer,Success,747.62,True
1446,435,2024-04-23,Returned,Italy,Consumer,2024-11-03,2470.0,44.0,2.0,Clothing,466.63,870.0,Bank Transfer,Success,933.26,False
1446,435,2024-04-23,Returned,Italy,Consumer,2024-11-03,3027.0,62.0,2.0,Electronics,359.2,870.0,Bank Transfer,Success,718.4,False
1446,435,2024-04-23,Returned,Italy,Consumer,2024-11-03,3993.0,40.0,4.0,Electronics,495.22,870.0,Bank Transfer,Success,1980.88,False
1447,174,2024-09-08,Delivered,Italy,Consumer,2023-09-16,575.0,46.0,1.0,Electronics,9.7,,,,9.7,False
1447,174,2024-09-08,Delivered,Italy,Consumer,2023-09-16,1082.0,26.0,3.0,Electronics,443.07,,,,1329.21,False
1447,174,2024-09-08,Delivered,Italy,Consumer,2023-09-16,1963.0,48.0,4.0,Electronics,48.83,,,,195.32,False
1447,174,2024-09-08,Delivered,Italy,Consumer,2023-09-16,3160.0,30.0,2.0,Sports,288.35,,,,576.7,False
1447,174,2024-09-08,Delivered,Italy,Consumer,2023-09-16,3728.0,56.0,3.0,Clothing,263.65,,,,790.9499999999999,False
1448,113,2024-04-16,Delivered,Italy,Small Business,2024-09-04,1849.0,25.0,3.0,Clothing,243.13,452.0,Bank Transfer,Failed,729.39,False
1448,113,2024-04-16,Delivered,Italy,Small Business,2024-09-04,1849.0,25.0,3.0,Clothing,243.13,1601.0,Bank Transfer,Success,729.39,True
1448,113,2024-04-16,Delivered,Italy,Small Business,2024-09-04,2381.0,41.0,4.0,Home,5.12,452.0,Bank Transfer,Failed,20.48,False
1448,113,2024-04-16,Delivered,Italy,Small Business,2024-09-04,2381.0,41.0,4.0,Home,5.12,1601.0,Bank Transfer,Success,20.48,True
1448,113,2024-04-16,Delivered,Italy,Small Business,2024-09-04,2676.0,98.0,1.0,Electronics,260.05,452.0,Bank Transfer,Failed,260.05,False
1448,113,2024-04-16,Delivered,Italy,Small Business,2024-09-04,2676.0,98.0,1.0,Electronics,260.05,1601.0,Bank Transfer,Success,260.05,True
1448,113,2024-04-16,Delivered,Italy,Small Business,2024-09-04,3301.0,62.0,1.0,Electronics,359.2,452.0,Bank Transfer,Failed,359.2,False
1448,113,2024-04-16,Delivered,Italy,Small Business,2024-09-04,3301.0,62.0,1.0,Electronics,359.2,1601.0,Bank Transfer,Success,359.2,True
1448,113,2024-04-16,Delivered,Italy,Small Business,2024-09-04,3470.0,26.0,3.0,Electronics,443.07,452.0,Bank Transfer,Failed,1329.21,False
1448,113,2024-04-16,Delivered,Italy,Small Business,2024-09-04,3470.0,26.0,3.0,Electronics,443.07,1601.0,Bank Transfer,Success,1329.21,True
1448,113,2024-04-16,Delivered,Italy,Small Business,2024-09-04,4784.0,72.0,2.0,Sports,133.2,452.0,Bank Transfer,Failed,266.4,False
1448,113,2024-04-16,Delivered,Italy,Small Business,2024-09-04,4784.0,72.0,2.0,Sports,133.2,1601.0,Bank Transfer,Success,266.4,True
1449,376,2024-02-06,Delivered,Italy,Consumer,2023-02-01,3314.0,31.0,3.0,Home,402.97,707.0,Card,Failed,1208.91,False
1450,405,2024-11-30,Delivered,Italy,Consumer,2024-04-20,2799.0,87.0,4.0,Home,195.12,482.0,PayPal,Success,780.48,True
1451,483,2024-04-01,Cancelled,France,Small Business,2023-03-16,478.0,66.0,3.0,Clothing,27.32,200.0,PayPal,Success,81.96000000000001,False
1451,483,2024-04-01,Cancelled,France,Small Business,2023-03-16,2215.0,85.0,2.0,Sports,64.57,200.0,PayPal,Success,129.14,False
1452,122,2024-01-18,Delivered,Unknown,Consumer,2024-03-12,172.0,75.0,4.0,Electronics,442.68,1656.0,Bank Transfer,Success,1770.72,True
1452,122,2024-01-18,Delivered,Unknown,Consumer,2024-03-12,1683.0,31.0,1.0,Home,402.97,1656.0,Bank Transfer,Success,402.97,True
1452,122,2024-01-18,Delivered,Unknown,Consumer,2024-03-12,2674.0,95.0,2.0,Sports,300.65,1656.0,Bank Transfer,Success,601.3,True
1452,122,2024-01-18,Delivered,Unknown,Consumer,2024-03-12,3753.0,43.0,3.0,Electronics,195.06,1656.0,Bank Transfer,Success,585.1800000000001,True
1453,32,2024-12-19,Delivered,France,Corporate,2024-06-17,3868.0,1.0,3.0,Electronics,325.1,1751.0,Bank Transfer,Failed,975.3000000000001,False
1454,222,2024-03-03,Cancelled,Spain,Consumer,2023-10-22,,,,,,677.0,PayPal,Success,,False
1455,119,2024-05-29,Delivered,Italy,Small Business,2023-11-11,370.0,30.0,3.0,Sports,288.35,1237.0,Card,Success,865.0500000000001,True
1455,119,2024-05-29,Delivered,Italy,Small Business,2023-11-11,2778.0,98.0,1.0,Electronics,260.05,1237.0,Card,Success,260.05,True
1455,119,2024-05-29,Delivered,Italy,Small Business,2023-11-11,2854.0,24.0,1.0,Clothing,282.54,1237.0,Card,Success,282.54,True
1456,39,2024-05-18,Delivered,France,Corporate,2023-02-15,3337.0,40.0,2.0,Electronics,495.22,903.0,Bank Transfer,Success,990.44,True
1456,39,2024-05-18,Delivered,France,Corporate,2023-02-15,4462.0,20.0,3.0,Clothing,263.61,903.0,Bank Transfer,Success,790.83,True
1457,497,2024-07-04,Delivered,Spain,Consumer,2023-12-08,,,,,,1525.0,Bank Transfer,Success,,True
1458,268,2024-07-03,Cancelled,Unknown,Small Business,2023-08-04,2048.0,3.0,2.0,Electronics,30.54,,,,61.08,False
1459,233,2024-07-23,Delivered,Italy,Consumer,2023-08-13,203.0,89.0,2.0,Home,478.85,180.0,PayPal,Success,957.7,True
1459,233,2024-07-23,Delivered,Italy,Consumer,2023-08-13,824.0,72.0,3.0,Sports,133.2,180.0,PayPal,Success,399.59999999999997,True
1459,233,2024-07-23,Delivered,Italy,Consumer,2023-08-13,1115.0,51.0,4.0,Electronics,292.47,180.0,PayPal,Success,1169.88,True
1459,233,2024-07-23,Delivered,Italy,Consumer,2023-08-13,1177.0,88.0,2.0,Sports,23.18,180.0,PayPal,Success,46.36,True
1460,431,2024-09-16,Cancelled,France,Corporate,2023-07-01,988.0,11.0,3.0,Home,64.66,1747.0,Bank Transfer,Success,193.98,False
1460,431,2024-09-16,Cancelled,France,Corporate,2023-07-01,3395.0,82.0,1.0,Home,419.72,1747.0,Bank Transfer,Success,419.72,False
1461,18,2024-08-01,Delivered,Italy,Small Business,2023-10-08,1541.0,21.0,2.0,Home,324.05,1197.0,Bank Transfer,Success,648.1,True
1461,18,2024-08-01,Delivered,Italy,Small Business,2023-10-08,4363.0,93.0,4.0,Electronics,112.08,1197.0,Bank Transfer,Success,448.32,True
1462,149,2024-09-12,Delivered,France,Corporate,2024-05-18,697.0,100.0,2.0,Electronics,498.19,1633.0,Card,Success,996.38,True
1462,149,2024-09-12,Delivered,France,Corporate,2024-05-18,1102.0,62.0,1.0,Electronics,359.2,1633.0,Card,Success,359.2,True
1462,149,2024-09-12,Delivered,France,Corporate,2024-05-18,1109.0,55.0,1.0,Sports,171.5,1633.0,Card,Success,171.5,True
1463,397,2024-05-14,Cancelled,Italy,Consumer,2023-09-21,906.0,35.0,1.0,Sports,262.48,1342.0,PayPal,Success,262.48,False
1463,397,2024-05-14,Cancelled,Italy,Consumer,2023-09-21,2089.0,97.0,3.0,Sports,133.82,1342.0,PayPal,Success,401.46,False
1463,397,2024-05-14,Cancelled,Italy,Consumer,2023-09-21,3643.0,37.0,4.0,Electronics,438.95,1342.0,PayPal,Success,1755.8,False
1463,397,2024-05-14,Cancelled,Italy,Consumer,2023-09-21,4761.0,17.0,2.0,Sports,373.81,1342.0,PayPal,Success,747.62,False
1464,149,2024-03-01,Delivered,France,Corporate,2024-05-18,723.0,87.0,3.0,Home,195.12,5.0,Bank Transfer,Success,585.36,True
1464,149,2024-03-01,Delivered,France,Corporate,2024-05-18,1055.0,29.0,3.0,Clothing,205.22,5.0,Bank Transfer,Success,615.66,True
1464,149,2024-03-01,Delivered,France,Corporate,2024-05-18,1285.0,29.0,3.0,Clothing,205.22,5.0,Bank Transfer,Success,615.66,True
1465,126,2024-12-28,Delivered,Italy,Corporate,2024-05-17,1757.0,78.0,3.0,Clothing,494.65,1463.0,PayPal,Success,1483.9499999999998,True
1465,126,2024-12-28,Delivered,Italy,Corporate,2024-05-17,1778.0,50.0,2.0,Electronics,242.49,1463.0,PayPal,Success,484.98,True
1466,392,2024-11-05,Delivered,Spain,Consumer,2023-04-23,10.0,48.0,1.0,Electronics,48.83,,,,48.83,False
1466,392,2024-11-05,Delivered,Spain,Consumer,2023-04-23,2994.0,30.0,2.0,Sports,288.35,,,,576.7,False
1466,392,2024-11-05,Delivered,Spain,Consumer,2023-04-23,4419.0,13.0,3.0,Sports,100.34,,,,301.02,False
1467,302,2024-03-28,Delivered,France,Small Business,2024-04-04,2456.0,15.0,3.0,Home,213.77,154.0,Bank Transfer,Success,641.3100000000001,True
1467,302,2024-03-28,Delivered,France,Small Business,2024-04-04,3612.0,43.0,2.0,Electronics,195.06,154.0,Bank Transfer,Success,390.12,True
1468,360,2024-11-19,Delivered,Spain,Corporate,2023-02-18,410.0,86.0,3.0,Sports,28.24,1322.0,Bank Transfer,Failed,84.72,False
1468,360,2024-11-19,Delivered,Spain,Corporate,2023-02-18,2479.0,66.0,1.0,Clothing,27.32,1322.0,Bank Transfer,Failed,27.32,False
1468,360,2024-11-19,Delivered,Spain,Corporate,2023-02-18,3711.0,37.0,3.0,Electronics,438.95,1322.0,Bank Transfer,Failed,1316.85,False
1469,238,2024-07-25,Delivered,Germany,Corporate,2023-07-17,4113.0,30.0,1.0,Sports,288.35,934.0,Card,Success,288.35,True
1470,135,2024-05-08,Delivered,Spain,Corporate,2023-08-31,19.0,48.0,2.0,Electronics,48.83,501.0,Card,Success,97.66,True
1470,135,2024-05-08,Delivered,Spain,Corporate,2023-08-31,1387.0,68.0,2.0,Clothing,198.86,501.0,Card,Success,397.72,True
1470,135,2024-05-08,Delivered,Spain,Corporate,2023-08-31,2289.0,83.0,1.0,Sports,119.13,501.0,Card,Success,119.13,True
1470,135,2024-05-08,Delivered,Spain,Corporate,2023-08-31,2671.0,23.0,4.0,Sports,185.53,501.0,Card,Success,742.12,True
1470,135,2024-05-08,Delivered,Spain,Corporate,2023-08-31,4773.0,10.0,4.0,Sports,159.86,501.0,Card,Success,639.44,True
1471,151,2024-11-06,Delivered,Spain,Small Business,2024-03-16,,,,,,403.0,Card,Success,,True
1472,236,2024-01-03,Delivered,Italy,Consumer,2023-04-14,641.0,96.0,3.0,Clothing,264.89,567.0,Card,Success,794.67,True
1472,236,2024-01-03,Delivered,Italy,Consumer,2023-04-14,1349.0,89.0,2.0,Home,478.85,567.0,Card,Success,957.7,True
1472,236,2024-01-03,Delivered,Italy,Consumer,2023-04-14,2899.0,48.0,4.0,Electronics,48.83,567.0,Card,Success,195.32,True
1473,224,2024-08-29,Delivered,Italy,Consumer,2024-06-09,780.0,18.0,2.0,Home,32.17,840.0,Card,Success,64.34,True
1473,224,2024-08-29,Delivered,Italy,Consumer,2024-06-09,1630.0,73.0,3.0,Home,296.33,840.0,Card,Success,888.99,True
1473,224,2024-08-29,Delivered,Italy,Consumer,2024-06-09,4307.0,85.0,3.0,Sports,64.57,840.0,Card,Success,193.70999999999998,True
1473,224,2024-08-29,Delivered,Italy,Consumer,2024-06-09,4567.0,94.0,4.0,Clothing,261.54,840.0,Card,Success,1046.16,True
1474,203,2024-04-30,Delivered,Spain,Consumer,2023-10-23,845.0,92.0,3.0,Home,316.74,1100.0,Bank Transfer,Success,950.22,True
1474,203,2024-04-30,Delivered,Spain,Consumer,2023-10-23,3741.0,35.0,2.0,Sports,262.48,1100.0,Bank Transfer,Success,524.96,True
1474,203,2024-04-30,Delivered,Spain,Consumer,2023-10-23,4143.0,66.0,1.0,Clothing,27.32,1100.0,Bank Transfer,Success,27.32,True
1474,203,2024-04-30,Delivered,Spain,Consumer,2023-10-23,4915.0,77.0,3.0,Electronics,452.34,1100.0,Bank Transfer,Success,1357.02,True
1475,256,2024-04-11,Cancelled,Spain,Corporate,2023-04-07,2817.0,33.0,2.0,Home,332.52,1204.0,Card,Failed,665.04,False
1476,86,2024-02-07,Delivered,Spain,Consumer,2023-02-08,4010.0,99.0,1.0,Clothing,248.14,609.0,PayPal,Success,248.14,True
1477,150,2024-12-06,Delivered,Italy,Corporate,2024-07-27,,,,,,804.0,PayPal,Success,,True
1478,235,2024-05-12,Returned,Italy,Small Business,2024-09-07,905.0,62.0,2.0,Electronics,359.2,633.0,PayPal,Success,718.4,False
1478,235,2024-05-12,Returned,Italy,Small Business,2024-09-07,1498.0,29.0,1.0,Clothing,205.22,633.0,PayPal,Success,205.22,False
1478,235,2024-05-12,Returned,Italy,Small Business,2024-09-07,1561.0,13.0,3.0,Sports,100.34,633.0,PayPal,Success,301.02,False
1478,235,2024-05-12,Returned,Italy,Small Business,2024-09-07,2148.0,44.0,2.0,Clothing,466.63,633.0,PayPal,Success,933.26,False
1478,235,2024-05-12,Returned,Italy,Small Business,2024-09-07,3862.0,32.0,2.0,Sports,271.51,633.0,PayPal,Success,543.02,False
1478,235,2024-05-12,Returned,Italy,Small Business,2024-09-07,4443.0,16.0,1.0,Home,398.69,633.0,PayPal,Success,398.69,False
1479,345,2024-07-20,Delivered,Spain,Small Business,2024-10-01,1656.0,81.0,2.0,Electronics,203.78,984.0,PayPal,Success,407.56,True
1480,22,2024-12-13,Returned,France,Corporate,2023-04-03,1146.0,55.0,4.0,Sports,171.5,48.0,Bank Transfer,Failed,686.0,False
1480,22,2024-12-13,Returned,France,Corporate,2023-04-03,1169.0,94.0,4.0,Clothing,261.54,48.0,Bank Transfer,Failed,1046.16,False
1480,22,2024-12-13,Returned,France,Corporate,2023-04-03,3198.0,7.0,4.0,Electronics,499.68,48.0,Bank Transfer,Failed,1998.72,False
1480,22,2024-12-13,Returned,France,Corporate,2023-04-03,4557.0,16.0,1.0,Home,398.69,48.0,Bank Transfer,Failed,398.69,False
1481,348,2024-01-21,Delivered,Italy,Corporate,2024-10-25,1590.0,46.0,3.0,Electronics,9.7,337.0,Card,Success,29.099999999999998,True
1482,285,2024-08-29,Delivered,Germany,Consumer,2024-10-21,440.0,81.0,3.0,Electronics,203.78,391.0,Card,Success,611.34,True
1482,285,2024-08-29,Delivered,Germany,Consumer,2024-10-21,1896.0,13.0,3.0,Sports,100.34,391.0,Card,Success,301.02,True
1482,285,2024-08-29,Delivered,Germany,Consumer,2024-10-21,3975.0,100.0,1.0,Electronics,498.19,391.0,Card,Success,498.19,True
1483,269,2024-04-18,Delivered,Spain,Consumer,2024-11-26,2363.0,90.0,4.0,Electronics,413.97,922.0,Card,Success,1655.88,True
1483,269,2024-04-18,Delivered,Spain,Consumer,2024-11-26,2494.0,41.0,4.0,Home,5.12,922.0,Card,Success,20.48,True
1483,269,2024-04-18,Delivered,Spain,Consumer,2024-11-26,3052.0,52.0,3.0,Electronics,139.49,922.0,Card,Success,418.47,True
1484,466,2024-10-29,Delivered,Spain,Small Business,2023-07-28,1571.0,78.0,3.0,Clothing,494.65,737.0,PayPal,Failed,1483.9499999999998,False
1484,466,2024-10-29,Delivered,Spain,Small Business,2023-07-28,1571.0,78.0,3.0,Clothing,494.65,1702.0,PayPal,Success,1483.9499999999998,True
1484,466,2024-10-29,Delivered,Spain,Small Business,2023-07-28,2356.0,100.0,4.0,Electronics,498.19,737.0,PayPal,Failed,1992.76,False
1484,466,2024-10-29,Delivered,Spain,Small Business,2023-07-28,2356.0,100.0,4.0,Electronics,498.19,1702.0,PayPal,Success,1992.76,True
1484,466,2024-10-29,Delivered,Spain,Small Business,2023-07-28,2555.0,22.0,3.0,Home,326.83,737.0,PayPal,Failed,980.49,False
1484,466,2024-10-29,Delivered,Spain,Small Business,2023-07-28,2555.0,22.0,3.0,Home,326.83,1702.0,PayPal,Success,980.49,True
1484,466,2024-10-29,Delivered,Spain,Small Business,2023-07-28,3730.0,57.0,3.0,Electronics,367.47,737.0,PayPal,Failed,1102.41,False
1484,466,2024-10-29,Delivered,Spain,Small Business,2023-07-28,3730.0,57.0,3.0,Electronics,367.47,1702.0,PayPal,Success,1102.41,True
1485,258,2024-03-24,Delivered,Germany,Corporate,2023-10-16,3048.0,96.0,2.0,Clothing,264.89,648.0,Card,Failed,529.78,False
1485,258,2024-03-24,Delivered,Germany,Corporate,2023-10-16,3357.0,72.0,4.0,Sports,133.2,648.0,Card,Failed,532.8,False
1485,258,2024-03-24,Delivered,Germany,Corporate,2023-10-16,3591.0,9.0,2.0,Home,239.24,648.0,Card,Failed,478.48,False
1486,29,2024-03-23,Delivered,Italy,Corporate,2024-04-10,492.0,47.0,3.0,Electronics,31.08,1429.0,Card,Failed,93.24,False
1486,29,2024-03-23,Delivered,Italy,Corporate,2024-04-10,1623.0,27.0,1.0,Sports,267.48,1429.0,Card,Failed,267.48,False
1486,29,2024-03-23,Delivered,Italy,Corporate,2024-04-10,3308.0,38.0,4.0,Clothing,211.67,1429.0,Card,Failed,846.68,False
1486,29,2024-03-23,Delivered,Italy,Corporate,2024-04-10,4565.0,34.0,2.0,Home,370.24,1429.0,Card,Failed,740.48,False
1487,213,2024-10-17,Delivered,France,Small Business,2023-03-19,42.0,39.0,2.0,Home,233.66,,,,467.32,False
1487,213,2024-10-17,Delivered,France,Small Business,2023-03-19,603.0,37.0,4.0,Electronics,438.95,,,,1755.8,False
1487,213,2024-10-17,Delivered,France,Small Business,2023-03-19,4349.0,6.0,3.0,Clothing,296.19,,,,888.5699999999999,False
1488,463,2024-03-09,Delivered,Germany,Consumer,2023-02-28,1210.0,69.0,1.0,Sports,66.6,1121.0,PayPal,Failed,66.6,False
1488,463,2024-03-09,Delivered,Germany,Consumer,2023-02-28,2428.0,15.0,4.0,Home,213.77,1121.0,PayPal,Failed,855.08,False
1488,463,2024-03-09,Delivered,Germany,Consumer,2023-02-28,2865.0,48.0,2.0,Electronics,48.83,1121.0,PayPal,Failed,97.66,False
1489,436,2024-05-08,Delivered,Italy,Corporate,2023-05-31,3758.0,33.0,4.0,Home,332.52,1270.0,Bank Transfer,Success,1330.08,True
1490,283,2024-07-14,Delivered,Germany,Corporate,2023-10-10,3345.0,91.0,3.0,Electronics,401.38,1215.0,Bank Transfer,Success,1204.1399999999999,True
1490,283,2024-07-14,Delivered,Germany,Corporate,2023-10-10,4098.0,87.0,2.0,Home,195.12,1215.0,Bank Transfer,Success,390.24,True
1490,283,2024-07-14,Delivered,Germany,Corporate,2023-10-10,4819.0,44.0,3.0,Clothing,466.63,1215.0,Bank Transfer,Success,1399.8899999999999,True
1491,50,2024-05-19,Delivered,Germany,Corporate,2023-04-17,4974.0,24.0,4.0,Clothing,282.54,151.0,Bank Transfer,Success,1130.16,True
1492,95,2024-10-09,Delivered,Germany,Corporate,2023-07-31,2715.0,80.0,4.0,Home,37.17,406.0,Card,Success,148.68,True
1492,95,2024-10-09,Delivered,Germany,Corporate,2023-07-31,4114.0,48.0,4.0,Electronics,48.83,406.0,Card,Success,195.32,True
1492,95,2024-10-09,Delivered,Germany,Corporate,2023-07-31,4221.0,25.0,3.0,Clothing,243.13,406.0,Card,Success,729.39,True
1493,463,2024-11-07,Returned,Germany,Consumer,2023-02-28,2184.0,38.0,3.0,Clothing,211.67,850.0,PayPal,Success,635.01,False
1493,463,2024-11-07,Returned,Germany,Consumer,2023-02-28,2235.0,98.0,1.0,Electronics,260.05,850.0,PayPal,Success,260.05,False
1494,499,2024-08-21,Delivered,France,Corporate,2023-10-14,,,,,,1892.0,Bank Transfer,Success,,True
1495,407,2024-01-23,Returned,Germany,Small Business,2024-01-26,555.0,70.0,2.0,Home,478.43,1988.0,Card,Success,956.86,False
1495,407,2024-01-23,Returned,Germany,Small Business,2024-01-26,1042.0,70.0,3.0,Home,478.43,1988.0,Card,Success,1435.29,False
1495,407,2024-01-23,Returned,Germany,Small Business,2024-01-26,1690.0,80.0,1.0,Home,37.17,1988.0,Card,Success,37.17,False
1495,407,2024-01-23,Returned,Germany,Small Business,2024-01-26,3112.0,87.0,2.0,Home,195.12,1988.0,Card,Success,390.24,False
1495,407,2024-01-23,Returned,Germany,Small Business,2024-01-26,3401.0,68.0,1.0,Clothing,198.86,1988.0,Card,Success,198.86,False
1495,407,2024-01-23,Returned,Germany,Small Business,2024-01-26,4708.0,16.0,4.0,Home,398.69,1988.0,Card,Success,1594.76,False
1496,88,2024-06-01,Delivered,France,Small Business,2023-08-19,628.0,45.0,1.0,Clothing,39.66,751.0,PayPal,Success,39.66,True
1496,88,2024-06-01,Delivered,France,Small Business,2023-08-19,669.0,17.0,4.0,Sports,373.81,751.0,PayPal,Success,1495.24,True
1496,88,2024-06-01,Delivered,France,Small Business,2023-08-19,1522.0,59.0,2.0,Home,236.32,751.0,PayPal,Success,472.64,True
1496,88,2024-06-01,Delivered,France,Small Business,2023-08-19,3803.0,27.0,1.0,Sports,267.48,751.0,PayPal,Success,267.48,True
1497,44,2024-10-03,Delivered,Italy,Corporate,2023-02-16,1504.0,51.0,3.0,Electronics,292.47,19.0,Card,Success,877.4100000000001,True
1497,44,2024-10-03,Delivered,Italy,Corporate,2023-02-16,4585.0,4.0,1.0,Sports,336.61,19.0,Card,Success,336.61,True
1498,461,2024-03-01,Delivered,Germany,Corporate,2023-06-07,993.0,20.0,3.0,Clothing,263.61,276.0,PayPal,Success,790.83,True
1498,461,2024-03-01,Delivered,Germany,Corporate,2023-06-07,2724.0,87.0,2.0,Home,195.12,276.0,PayPal,Success,390.24,True
1498,461,2024-03-01,Delivered,Germany,Corporate,2023-06-07,2726.0,19.0,1.0,Clothing,230.3,276.0,PayPal,Success,230.3,True
1498,461,2024-03-01,Delivered,Germany,Corporate,2023-06-07,3446.0,91.0,2.0,Electronics,401.38,276.0,PayPal,Success,802.76,True
1499,278,2024-11-14,Delivered,Germany,Corporate,2023-05-10,1576.0,88.0,3.0,Sports,23.18,1801.0,Bank Transfer,Failed,69.53999999999999,False
1499,278,2024-11-14,Delivered,Germany,Corporate,2023-05-10,2214.0,28.0,4.0,Electronics,223.31,1801.0,Bank Transfer,Failed,893.24,False
1499,278,2024-11-14,Delivered,Germany,Corporate,2023-05-10,2486.0,12.0,4.0,Sports,366.86,1801.0,Bank Transfer,Failed,1467.44,False
1499,278,2024-11-14,Delivered,Germany,Corporate,2023-05-10,4554.0,29.0,1.0,Clothing,205.22,1801.0,Bank Transfer,Failed,205.22,False
1500,171,2024-02-21,Delivered,Italy,Corporate,2024-07-03,432.0,23.0,2.0,Sports,185.53,1880.0,Bank Transfer,Success,371.06,True
1500,171,2024-02-21,Delivered,Italy,Corporate,2024-07-03,1183.0,21.0,3.0,Home,324.05,1880.0,Bank Transfer,Success,972.1500000000001,True
1500,171,2024-02-21,Delivered,Italy,Corporate,2024-07-03,2153.0,73.0,4.0,Home,296.33,1880.0,Bank Transfer,Success,1185.32,True
1500,171,2024-02-21,Delivered,Italy,Corporate,2024-07-03,3302.0,91.0,2.0,Electronics,401.38,1880.0,Bank Transfer,Success,802.76,True
1501,421,2024-12-09,Delivered,Germany,Consumer,2024-02-22,2562.0,42.0,2.0,Clothing,96.81,1817.0,PayPal,Success,193.62,True
1501,421,2024-12-09,Delivered,Germany,Consumer,2024-02-22,4231.0,49.0,3.0,Sports,23.61,1817.0,PayPal,Success,70.83,True
1501,421,2024-12-09,Delivered,Germany,Consumer,2024-02-22,4643.0,35.0,2.0,Sports,262.48,1817.0,PayPal,Success,524.96,True
1502,189,2024-06-01,Delivered,Spain,Corporate,2024-07-03,802.0,22.0,3.0,Home,326.83,1203.0,PayPal,Success,980.49,True
1502,189,2024-06-01,Delivered,Spain,Corporate,2024-07-03,1598.0,17.0,2.0,Sports,373.81,1203.0,PayPal,Success,747.62,True
1503,353,2024-08-24,Delivered,France,Corporate,2023-06-26,585.0,38.0,4.0,Clothing,211.67,1673.0,Bank Transfer,Success,846.68,True
1503,353,2024-08-24,Delivered,France,Corporate,2023-06-26,1714.0,65.0,2.0,Home,455.62,1673.0,Bank Transfer,Success,911.24,True
1504,184,2024-11-06,Delivered,Spain,Corporate,2024-08-18,224.0,40.0,4.0,Electronics,495.22,1181.0,Card,Success,1980.88,True
1504,184,2024-11-06,Delivered,Spain,Corporate,2024-08-18,742.0,72.0,3.0,Sports,133.2,1181.0,Card,Success,399.59999999999997,True
1504,184,2024-11-06,Delivered,Spain,Corporate,2024-08-18,2134.0,94.0,4.0,Clothing,261.54,1181.0,Card,Success,1046.16,True
1504,184,2024-11-06,Delivered,Spain,Corporate,2024-08-18,2701.0,100.0,4.0,Electronics,498.19,1181.0,Card,Success,1992.76,True
1505,3,2024-10-28,Delivered,France,Consumer,2023-03-10,1030.0,97.0,4.0,Sports,133.82,40.0,Bank Transfer,Success,535.28,True
1505,3,2024-10-28,Delivered,France,Consumer,2023-03-10,1970.0,21.0,2.0,Home,324.05,40.0,Bank Transfer,Success,648.1,True
1505,3,2024-10-28,Delivered,France,Consumer,2023-03-10,4238.0,92.0,2.0,Home,316.74,40.0,Bank Transfer,Success,633.48,True
1506,191,2024-02-01,Delivered,Spain,Small Business,2024-08-28,304.0,13.0,3.0,Sports,100.34,1740.0,Bank Transfer,Success,301.02,True
1506,191,2024-02-01,Delivered,Spain,Small Business,2024-08-28,608.0,29.0,2.0,Clothing,205.22,1740.0,Bank Transfer,Success,410.44,True
1507,118,2024-02-24,Cancelled,Germany,Small Business,2024-03-18,81.0,70.0,3.0,Home,478.43,69.0,Bank Transfer,Success,1435.29,False
1507,118,2024-02-24,Cancelled,Germany,Small Business,2024-03-18,4066.0,81.0,2.0,Electronics,203.78,69.0,Bank Transfer,Success,407.56,False
1508,19,2024-12-17,Delivered,Italy,Corporate,2023-07-14,1078.0,30.0,2.0,Sports,288.35,950.0,PayPal,Success,576.7,True
1508,19,2024-12-17,Delivered,Italy,Corporate,2023-07-14,2313.0,38.0,1.0,Clothing,211.67,950.0,PayPal,Success,211.67,True
1508,19,2024-12-17,Delivered,Italy,Corporate,2023-07-14,3316.0,11.0,2.0,Home,64.66,950.0,PayPal,Success,129.32,True
1508,19,2024-12-17,Delivered,Italy,Corporate,2023-07-14,4173.0,34.0,1.0,Home,370.24,950.0,PayPal,Success,370.24,True
1509,23,2024-02-05,Delivered,Germany,Corporate,2024-11-02,1819.0,18.0,4.0,Home,32.17,1074.0,PayPal,Success,128.68,True
1509,23,2024-02-05,Delivered,Germany,Corporate,2024-11-02,2903.0,29.0,3.0,Clothing,205.22,1074.0,PayPal,Success,615.66,True
1509,23,2024-02-05,Delivered,Germany,Corporate,2024-11-02,3181.0,46.0,4.0,Electronics,9.7,1074.0,PayPal,Success,38.8,True
1510,413,2024-04-19,Delivered,Germany,Consumer,2023-02-23,451.0,74.0,4.0,Home,491.25,415.0,Bank Transfer,Success,1965.0,True
1510,413,2024-04-19,Delivered,Germany,Consumer,2023-02-23,4090.0,7.0,1.0,Electronics,499.68,415.0,Bank Transfer,Success,499.68,True
1511,30,2024-06-25,Delivered,Italy,Small Business,2024-08-26,73.0,79.0,3.0,Electronics,372.96,1662.0,Card,Success,1118.8799999999999,True
1511,30,2024-06-25,Delivered,Italy,Small Business,2024-08-26,1457.0,32.0,2.0,Sports,271.51,1662.0,Card,Success,543.02,True
1511,30,2024-06-25,Delivered,Italy,Small Business,2024-08-26,2022.0,2.0,2.0,Home,348.12,1662.0,Card,Success,696.24,True
1512,295,2024-12-27,Delivered,Germany,Consumer,2023-08-06,771.0,30.0,4.0,Sports,288.35,1350.0,Card,Success,1153.4,True
1512,295,2024-12-27,Delivered,Germany,Consumer,2023-08-06,771.0,30.0,4.0,Sports,288.35,1628.0,PayPal,Success,1153.4,True
1512,295,2024-12-27,Delivered,Germany,Consumer,2023-08-06,1663.0,91.0,3.0,Electronics,401.38,1350.0,Card,Success,1204.1399999999999,True
1512,295,2024-12-27,Delivered,Germany,Consumer,2023-08-06,1663.0,91.0,3.0,Electronics,401.38,1628.0,PayPal,Success,1204.1399999999999,True
1512,295,2024-12-27,Delivered,Germany,Consumer,2023-08-06,3422.0,47.0,3.0,Electronics,31.08,1350.0,Card,Success,93.24,True
1512,295,2024-12-27,Delivered,Germany,Consumer,2023-08-06,3422.0,47.0,3.0,Electronics,31.08,1628.0,PayPal,Success,93.24,True
1512,295,2024-12-27,Delivered,Germany,Consumer,2023-08-06,3670.0,41.0,4.0,Home,5.12,1350.0,Card,Success,20.48,True
1512,295,2024-12-27,Delivered,Germany,Consumer,2023-08-06,3670.0,41.0,4.0,Home,5.12,1628.0,PayPal,Success,20.48,True
1512,295,2024-12-27,Delivered,Germany,Consumer,2023-08-06,3893.0,54.0,3.0,Home,50.39,1350.0,Card,Success,151.17000000000002,True
1512,295,2024-12-27,Delivered,Germany,Consumer,2023-08-06,3893.0,54.0,3.0,Home,50.39,1628.0,PayPal,Success,151.17000000000002,True
1512,295,2024-12-27,Delivered,Germany,Consumer,2023-08-06,4265.0,64.0,4.0,Sports,142.25,1350.0,Card,Success,569.0,True
1512,295,2024-12-27,Delivered,Germany,Consumer,2023-08-06,4265.0,64.0,4.0,Sports,142.25,1628.0,PayPal,Success,569.0,True
1513,108,2024-11-09,Delivered,Italy,Consumer,2024-09-14,2108.0,68.0,1.0,Clothing,198.86,1250.0,Bank Transfer,Success,198.86,True
1513,108,2024-11-09,Delivered,Italy,Consumer,2024-09-14,3678.0,90.0,1.0,Electronics,413.97,1250.0,Bank Transfer,Success,413.97,True
1514,367,2024-10-21,Delivered,Germany,Consumer,2024-04-20,1148.0,69.0,1.0,Sports,66.6,50.0,PayPal,Success,66.6,True
1514,367,2024-10-21,Delivered,Germany,Consumer,2024-04-20,1657.0,18.0,4.0,Home,32.17,50.0,PayPal,Success,128.68,True
1514,367,2024-10-21,Delivered,Germany,Consumer,2024-04-20,2672.0,94.0,4.0,Clothing,261.54,50.0,PayPal,Success,1046.16,True
1514,367,2024-10-21,Delivered,Germany,Consumer,2024-04-20,3772.0,78.0,4.0,Clothing,494.65,50.0,PayPal,Success,1978.6,True
1515,281,2024-12-01,Delivered,Italy,Small Business,2024-09-18,,,,,,458.0,Bank Transfer,Success,,True
1516,128,2024-04-06,Returned,France,Small Business,2024-05-30,107.0,58.0,4.0,Home,6.66,409.0,Card,Success,26.64,False
1516,128,2024-04-06,Returned,France,Small Business,2024-05-30,1454.0,24.0,2.0,Clothing,282.54,409.0,Card,Success,565.08,False
1516,128,2024-04-06,Returned,France,Small Business,2024-05-30,1465.0,85.0,1.0,Sports,64.57,409.0,Card,Success,64.57,False
1516,128,2024-04-06,Returned,France,Small Business,2024-05-30,1737.0,89.0,2.0,Home,478.85,409.0,Card,Success,957.7,False
1517,229,2024-07-31,Returned,France,Consumer,2024-07-28,2528.0,76.0,1.0,Electronics,302.4,1309.0,Bank Transfer,Success,302.4,False
1517,229,2024-07-31,Returned,France,Consumer,2024-07-28,3150.0,16.0,1.0,Home,398.69,1309.0,Bank Transfer,Success,398.69,False
1517,229,2024-07-31,Returned,France,Consumer,2024-07-28,3723.0,16.0,3.0,Home,398.69,1309.0,Bank Transfer,Success,1196.07,False
1518,111,2024-11-12,Delivered,Italy,Consumer,2024-07-07,3169.0,66.0,3.0,Clothing,27.32,661.0,Card,Success,81.96000000000001,True
1518,111,2024-11-12,Delivered,Italy,Consumer,2024-07-07,3189.0,83.0,1.0,Sports,119.13,661.0,Card,Success,119.13,True
1518,111,2024-11-12,Delivered,Italy,Consumer,2024-07-07,3632.0,35.0,2.0,Sports,262.48,661.0,Card,Success,524.96,True
1519,136,2024-05-16,Delivered,France,Consumer,2024-06-26,1733.0,64.0,3.0,Sports,142.25,1030.0,PayPal,Success,426.75,True
1520,362,2024-01-06,Delivered,France,Corporate,2023-12-27,3716.0,36.0,2.0,Home,216.27,1992.0,Bank Transfer,Success,432.54,True
1520,362,2024-01-06,Delivered,France,Corporate,2023-12-27,4234.0,62.0,4.0,Electronics,359.2,1992.0,Bank Transfer,Success,1436.8,True
1521,186,2024-04-18,Delivered,France,Corporate,2023-11-15,1596.0,96.0,2.0,Clothing,264.89,884.0,Bank Transfer,Success,529.78,True
1521,186,2024-04-18,Delivered,France,Corporate,2023-11-15,3494.0,57.0,2.0,Electronics,367.47,884.0,Bank Transfer,Success,734.94,True
1522,144,2024-02-04,Delivered,Italy,Corporate,2023-03-16,2939.0,14.0,2.0,Electronics,62.06,58.0,PayPal,Success,124.12,True
1522,144,2024-02-04,Delivered,Italy,Corporate,2023-03-16,2972.0,79.0,3.0,Electronics,372.96,58.0,PayPal,Success,1118.8799999999999,True
1522,144,2024-02-04,Delivered,Italy,Corporate,2023-03-16,3429.0,92.0,3.0,Home,316.74,58.0,PayPal,Success,950.22,True
1523,72,2024-02-08,Delivered,Germany,Consumer,2024-11-29,4330.0,96.0,3.0,Clothing,264.89,364.0,Bank Transfer,Success,794.67,True
1524,129,2024-05-29,Returned,Italy,Consumer,2023-12-16,621.0,76.0,2.0,Electronics,302.4,242.0,Bank Transfer,Success,604.8,False
1524,129,2024-05-29,Returned,Italy,Consumer,2023-12-16,2638.0,50.0,4.0,Electronics,242.49,242.0,Bank Transfer,Success,969.96,False
1524,129,2024-05-29,Returned,Italy,Consumer,2023-12-16,3657.0,80.0,4.0,Home,37.17,242.0,Bank Transfer,Success,148.68,False
1525,364,2024-04-27,Delivered,Germany,Corporate,2023-05-28,3384.0,12.0,2.0,Sports,366.86,245.0,Bank Transfer,Failed,733.72,False
1526,261,2024-09-17,Delivered,France,Consumer,2024-08-20,1136.0,5.0,3.0,Home,26.86,1713.0,PayPal,Success,80.58,True
1526,261,2024-09-17,Delivered,France,Consumer,2024-08-20,1170.0,26.0,1.0,Electronics,443.07,1713.0,PayPal,Success,443.07,True
1526,261,2024-09-17,Delivered,France,Consumer,2024-08-20,1704.0,66.0,3.0,Clothing,27.32,1713.0,PayPal,Success,81.96000000000001,True
1526,261,2024-09-17,Delivered,France,Consumer,2024-08-20,2208.0,83.0,4.0,Sports,119.13,1713.0,PayPal,Success,476.52,True
1526,261,2024-09-17,Delivered,France,Consumer,2024-08-20,2670.0,21.0,1.0,Home,324.05,1713.0,PayPal,Success,324.05,True
1527,3,2024-03-27,Delivered,France,Consumer,2023-03-10,1975.0,43.0,1.0,Electronics,195.06,1149.0,PayPal,Success,195.06,True
1527,3,2024-03-27,Delivered,France,Consumer,2023-03-10,3007.0,32.0,3.0,Sports,271.51,1149.0,PayPal,Success,814.53,True
1527,3,2024-03-27,Delivered,France,Consumer,2023-03-10,3255.0,28.0,2.0,Electronics,223.31,1149.0,PayPal,Success,446.62,True
1528,449,2024-03-16,Delivered,Spain,Corporate,2023-04-29,2975.0,69.0,4.0,Sports,66.6,223.0,PayPal,Success,266.4,True
1529,388,2024-11-08,Delivered,Spain,Corporate,2024-01-06,2067.0,66.0,4.0,Clothing,27.32,486.0,Bank Transfer,Success,109.28,True
1529,388,2024-11-08,Delivered,Spain,Corporate,2024-01-06,3033.0,75.0,1.0,Electronics,442.68,486.0,Bank Transfer,Success,442.68,True
1529,388,2024-11-08,Delivered,Spain,Corporate,2024-01-06,4830.0,93.0,1.0,Electronics,112.08,486.0,Bank Transfer,Success,112.08,True
1530,104,2024-08-01,Returned,Italy,Small Business,2023-08-16,530.0,62.0,4.0,Electronics,359.2,811.0,Card,Success,1436.8,False
1530,104,2024-08-01,Returned,Italy,Small Business,2023-08-16,2407.0,44.0,2.0,Clothing,466.63,811.0,Card,Success,933.26,False
1530,104,2024-08-01,Returned,Italy,Small Business,2023-08-16,3669.0,91.0,3.0,Electronics,401.38,811.0,Card,Success,1204.1399999999999,False
1530,104,2024-08-01,Returned,Italy,Small Business,2023-08-16,3806.0,31.0,1.0,Home,402.97,811.0,Card,Success,402.97,False
1530,104,2024-08-01,Returned,Italy,Small Business,2023-08-16,4533.0,75.0,4.0,Electronics,442.68,811.0,Card,Success,1770.72,False
1530,104,2024-08-01,Returned,Italy,Small Business,2023-08-16,4677.0,28.0,2.0,Electronics,223.31,811.0,Card,Success,446.62,False
1531,483,2024-10-11,Delivered,France,Small Business,2023-03-16,4125.0,67.0,4.0,Clothing,59.19,378.0,Card,Success,236.76,True
1532,224,2024-08-26,Delivered,Italy,Consumer,2024-06-09,2007.0,54.0,3.0,Home,50.39,512.0,PayPal,Failed,151.17000000000002,False
1532,224,2024-08-26,Delivered,Italy,Consumer,2024-06-09,2947.0,39.0,1.0,Home,233.66,512.0,PayPal,Failed,233.66,False
1533,320,2024-06-13,Delivered,Germany,Small Business,2024-02-24,2125.0,58.0,2.0,Home,6.66,1659.0,Bank Transfer,Success,13.32,True
1533,320,2024-06-13,Delivered,Germany,Small Business,2024-02-24,4356.0,99.0,2.0,Clothing,248.14,1659.0,Bank Transfer,Success,496.28,True
1534,362,2024-03-27,Delivered,France,Corporate,2023-12-27,38.0,30.0,1.0,Sports,288.35,1028.0,PayPal,Success,288.35,True
1534,362,2024-03-27,Delivered,France,Corporate,2023-12-27,3650.0,78.0,4.0,Clothing,494.65,1028.0,PayPal,Success,1978.6,True
1535,354,2024-05-20,Delivered,Italy,Corporate,2023-10-12,4060.0,68.0,3.0,Clothing,198.86,915.0,Card,Success,596.58,True
1535,354,2024-05-20,Delivered,Italy,Corporate,2023-10-12,4097.0,85.0,2.0,Sports,64.57,915.0,Card,Success,129.14,True
1536,491,2024-06-08,Delivered,Italy,Small Business,2024-11-07,642.0,51.0,2.0,Electronics,292.47,898.0,PayPal,Success,584.94,True
1536,491,2024-06-08,Delivered,Italy,Small Business,2024-11-07,4202.0,91.0,4.0,Electronics,401.38,898.0,PayPal,Success,1605.52,True
1537,473,2024-02-15,Delivered,Spain,Small Business,2023-07-20,691.0,17.0,3.0,Sports,373.81,1919.0,Bank Transfer,Success,1121.43,True
1537,473,2024-02-15,Delivered,Spain,Small Business,2023-07-20,1350.0,95.0,2.0,Sports,300.65,1919.0,Bank Transfer,Success,601.3,True
1537,473,2024-02-15,Delivered,Spain,Small Business,2023-07-20,1944.0,15.0,1.0,Home,213.77,1919.0,Bank Transfer,Success,213.77,True
1537,473,2024-02-15,Delivered,Spain,Small Business,2023-07-20,3825.0,6.0,2.0,Clothing,296.19,1919.0,Bank Transfer,Success,592.38,True
1538,10,2024-04-21,Cancelled,Germany,Small Business,2023-04-21,1892.0,53.0,2.0,Electronics,202.15,198.0,Card,Success,404.3,False
1538,10,2024-04-21,Cancelled,Germany,Small Business,2023-04-21,4106.0,77.0,1.0,Electronics,452.34,198.0,Card,Success,452.34,False
1539,405,2024-02-14,Delivered,Italy,Consumer,2024-04-20,902.0,80.0,2.0,Home,37.17,1928.0,PayPal,Success,74.34,True
1540,384,2024-09-03,Delivered,France,Consumer,2024-02-28,1662.0,26.0,1.0,Electronics,443.07,188.0,PayPal,Success,443.07,True
1540,384,2024-09-03,Delivered,France,Consumer,2024-02-28,1810.0,49.0,1.0,Sports,23.61,188.0,PayPal,Success,23.61,True
1541,302,2024-04-13,Delivered,France,Small Business,2024-04-04,1264.0,100.0,4.0,Electronics,498.19,580.0,Card,Success,1992.76,True
1541,302,2024-04-13,Delivered,France,Small Business,2024-04-04,1987.0,31.0,1.0,Home,402.97,580.0,Card,Success,402.97,True
1541,302,2024-04-13,Delivered,France,Small Business,2024-04-04,4976.0,72.0,4.0,Sports,133.2,580.0,Card,Success,532.8,True
1542,231,2024-03-25,Delivered,Germany,Small Business,2024-10-26,2149.0,78.0,1.0,Clothing,494.65,1271.0,PayPal,Success,494.65,True
1542,231,2024-03-25,Delivered,Germany,Small Business,2024-10-26,2819.0,31.0,2.0,Home,402.97,1271.0,PayPal,Success,805.94,True
1542,231,2024-03-25,Delivered,Germany,Small Business,2024-10-26,4281.0,6.0,4.0,Clothing,296.19,1271.0,PayPal,Success,1184.76,True
1543,219,2024-05-13,Delivered,Unknown,Small Business,2023-03-30,2658.0,66.0,1.0,Clothing,27.32,966.0,Card,Success,27.32,True
1543,219,2024-05-13,Delivered,Unknown,Small Business,2023-03-30,3321.0,53.0,4.0,Electronics,202.15,966.0,Card,Success,808.6,True
1543,219,2024-05-13,Delivered,Unknown,Small Business,2023-03-30,3660.0,38.0,3.0,Clothing,211.67,966.0,Card,Success,635.01,True
1544,411,2024-04-17,Delivered,Spain,Consumer,2024-03-18,61.0,40.0,2.0,Electronics,495.22,,,,990.44,False
1544,411,2024-04-17,Delivered,Spain,Consumer,2024-03-18,285.0,20.0,1.0,Clothing,263.61,,,,263.61,False
1544,411,2024-04-17,Delivered,Spain,Consumer,2024-03-18,2720.0,58.0,3.0,Home,6.66,,,,19.98,False
1544,411,2024-04-17,Delivered,Spain,Consumer,2024-03-18,3039.0,43.0,4.0,Electronics,195.06,,,,780.24,False
1544,411,2024-04-17,Delivered,Spain,Consumer,2024-03-18,3379.0,33.0,4.0,Home,332.52,,,,1330.08,False
1545,66,2024-01-18,Delivered,Germany,Corporate,2023-03-19,647.0,3.0,2.0,Electronics,30.54,517.0,PayPal,Success,61.08,True
1545,66,2024-01-18,Delivered,Germany,Corporate,2023-03-19,1730.0,25.0,2.0,Clothing,243.13,517.0,PayPal,Success,486.26,True
1545,66,2024-01-18,Delivered,Germany,Corporate,2023-03-19,4122.0,63.0,3.0,Sports,296.61,517.0,PayPal,Success,889.83,True
1546,425,2024-04-03,Delivered,Italy,Small Business,2023-10-15,1155.0,77.0,1.0,Electronics,452.34,575.0,Bank Transfer,Success,452.34,True
1546,425,2024-04-03,Delivered,Italy,Small Business,2023-10-15,3567.0,47.0,1.0,Electronics,31.08,575.0,Bank Transfer,Success,31.08,True
1546,425,2024-04-03,Delivered,Italy,Small Business,2023-10-15,4618.0,78.0,4.0,Clothing,494.65,575.0,Bank Transfer,Success,1978.6,True
1546,425,2024-04-03,Delivered,Italy,Small Business,2023-10-15,4658.0,63.0,4.0,Sports,296.61,575.0,Bank Transfer,Success,1186.44,True
1547,112,2024-05-29,Delivered,Spain,Consumer,2024-02-29,2730.0,56.0,2.0,Clothing,263.65,278.0,Bank Transfer,Success,527.3,True
1547,112,2024-05-29,Delivered,Spain,Consumer,2024-02-29,4989.0,74.0,3.0,Home,491.25,278.0,Bank Transfer,Success,1473.75,True
1548,13,2024-09-02,Cancelled,Spain,Small Business,2023-04-05,3627.0,38.0,2.0,Clothing,211.67,1504.0,PayPal,Success,423.34,False
1548,13,2024-09-02,Cancelled,Spain,Small Business,2023-04-05,3990.0,32.0,4.0,Sports,271.51,1504.0,PayPal,Success,1086.04,False
1549,393,2024-10-15,Delivered,Italy,Consumer,2023-04-24,958.0,52.0,1.0,Electronics,139.49,1890.0,PayPal,Success,139.49,True
1549,393,2024-10-15,Delivered,Italy,Consumer,2023-04-24,1343.0,52.0,1.0,Electronics,139.49,1890.0,PayPal,Success,139.49,True
1549,393,2024-10-15,Delivered,Italy,Consumer,2023-04-24,3373.0,41.0,1.0,Home,5.12,1890.0,PayPal,Success,5.12,True
1549,393,2024-10-15,Delivered,Italy,Consumer,2023-04-24,3438.0,90.0,3.0,Electronics,413.97,1890.0,PayPal,Success,1241.91,True
1550,500,2024-07-27,Delivered,Italy,Consumer,2024-10-07,2408.0,58.0,3.0,Home,6.66,459.0,Bank Transfer,Success,19.98,True
1550,500,2024-07-27,Delivered,Italy,Consumer,2024-10-07,4038.0,11.0,2.0,Home,64.66,459.0,Bank Transfer,Success,129.32,True
1551,420,2024-05-05,Delivered,Germany,Consumer,2023-09-21,35.0,39.0,4.0,Home,233.66,303.0,PayPal,Success,934.64,True
1551,420,2024-05-05,Delivered,Germany,Consumer,2023-09-21,1017.0,50.0,3.0,Electronics,242.49,303.0,PayPal,Success,727.47,True
1551,420,2024-05-05,Delivered,Germany,Consumer,2023-09-21,3360.0,80.0,2.0,Home,37.17,303.0,PayPal,Success,74.34,True
1551,420,2024-05-05,Delivered,Germany,Consumer,2023-09-21,4022.0,51.0,4.0,Electronics,292.47,303.0,PayPal,Success,1169.88,True
1551,420,2024-05-05,Delivered,Germany,Consumer,2023-09-21,4718.0,22.0,2.0,Home,326.83,303.0,PayPal,Success,653.66,True
1552,86,2024-08-22,Cancelled,Spain,Consumer,2023-02-08,206.0,24.0,2.0,Clothing,282.54,895.0,PayPal,Success,565.08,False
1552,86,2024-08-22,Cancelled,Spain,Consumer,2023-02-08,1936.0,9.0,4.0,Home,239.24,895.0,PayPal,Success,956.96,False
1553,234,2024-05-01,Delivered,Italy,Consumer,2024-05-17,3920.0,72.0,1.0,Sports,133.2,1019.0,Bank Transfer,Success,133.2,True
1554,90,2024-05-17,Delivered,Germany,Small Business,2024-04-18,2742.0,28.0,2.0,Electronics,223.31,1117.0,Bank Transfer,Success,446.62,True
1554,90,2024-05-17,Delivered,Germany,Small Business,2024-04-18,2870.0,63.0,2.0,Sports,296.61,1117.0,Bank Transfer,Success,593.22,True
1554,90,2024-05-17,Delivered,Germany,Small Business,2024-04-18,2901.0,88.0,1.0,Sports,23.18,1117.0,Bank Transfer,Success,23.18,True
1554,90,2024-05-17,Delivered,Germany,Small Business,2024-04-18,3334.0,38.0,4.0,Clothing,211.67,1117.0,Bank Transfer,Success,846.68,True
1554,90,2024-05-17,Delivered,Germany,Small Business,2024-04-18,4058.0,52.0,1.0,Electronics,139.49,1117.0,Bank Transfer,Success,139.49,True
1554,90,2024-05-17,Delivered,Germany,Small Business,2024-04-18,4604.0,90.0,2.0,Electronics,413.97,1117.0,Bank Transfer,Success,827.94,True
1555,314,2024-04-24,Delivered,Spain,Corporate,2023-10-24,1997.0,19.0,4.0,Clothing,230.3,392.0,PayPal,Success,921.2,True
1556,54,2024-06-10,Delivered,Italy,Small Business,2023-01-26,1431.0,81.0,2.0,Electronics,203.78,1043.0,PayPal,Success,407.56,True
1556,54,2024-06-10,Delivered,Italy,Small Business,2023-01-26,2169.0,38.0,2.0,Clothing,211.67,1043.0,PayPal,Success,423.34,True
1556,54,2024-06-10,Delivered,Italy,Small Business,2023-01-26,3965.0,8.0,2.0,Electronics,280.12,1043.0,PayPal,Success,560.24,True
1557,12,2024-07-19,Delivered,Spain,Corporate,2023-07-02,521.0,34.0,4.0,Home,370.24,101.0,PayPal,Success,1480.96,True
1557,12,2024-07-19,Delivered,Spain,Corporate,2023-07-02,1007.0,13.0,4.0,Sports,100.34,101.0,PayPal,Success,401.36,True
1557,12,2024-07-19,Delivered,Spain,Corporate,2023-07-02,1906.0,31.0,2.0,Home,402.97,101.0,PayPal,Success,805.94,True
1557,12,2024-07-19,Delivered,Spain,Corporate,2023-07-02,3569.0,94.0,2.0,Clothing,261.54,101.0,PayPal,Success,523.08,True
1557,12,2024-07-19,Delivered,Spain,Corporate,2023-07-02,4680.0,77.0,1.0,Electronics,452.34,101.0,PayPal,Success,452.34,True
1557,12,2024-07-19,Delivered,Spain,Corporate,2023-07-02,4690.0,14.0,1.0,Electronics,62.06,101.0,PayPal,Success,62.06,True
1558,209,2024-08-21,Delivered,Germany,Small Business,2023-10-18,,,,,,1198.0,PayPal,Success,,True
1559,462,2024-01-28,Delivered,France,Small Business,2024-09-23,2617.0,6.0,4.0,Clothing,296.19,193.0,Bank Transfer,Success,1184.76,True
1560,14,2024-01-11,Delivered,Spain,Corporate,2024-01-09,333.0,18.0,3.0,Home,32.17,1124.0,Bank Transfer,Success,96.51,True
1560,14,2024-01-11,Delivered,Spain,Corporate,2024-01-09,1080.0,66.0,4.0,Clothing,27.32,1124.0,Bank Transfer,Success,109.28,True
1560,14,2024-01-11,Delivered,Spain,Corporate,2024-01-09,2506.0,81.0,1.0,Electronics,203.78,1124.0,Bank Transfer,Success,203.78,True
1561,121,2024-07-24,Delivered,Italy,Small Business,2023-10-16,,,,,,1393.0,Card,Success,,True
1562,418,2024-06-15,Delivered,Germany,Small Business,2024-08-31,244.0,96.0,1.0,Clothing,264.89,1070.0,Bank Transfer,Success,264.89,True
1562,418,2024-06-15,Delivered,Germany,Small Business,2024-08-31,2892.0,88.0,4.0,Sports,23.18,1070.0,Bank Transfer,Success,92.72,True
1562,418,2024-06-15,Delivered,Germany,Small Business,2024-08-31,3613.0,28.0,2.0,Electronics,223.31,1070.0,Bank Transfer,Success,446.62,True
1562,418,2024-06-15,Delivered,Germany,Small Business,2024-08-31,3684.0,51.0,3.0,Electronics,292.47,1070.0,Bank Transfer,Success,877.4100000000001,True
1563,437,2024-09-03,Delivered,Italy,Consumer,2023-03-26,2979.0,43.0,4.0,Electronics,195.06,630.0,PayPal,Success,780.24,True
1563,437,2024-09-03,Delivered,Italy,Consumer,2023-03-26,3847.0,10.0,2.0,Sports,159.86,630.0,PayPal,Success,319.72,True
1564,377,2024-02-16,Delivered,Italy,Consumer,2024-10-31,1807.0,90.0,4.0,Electronics,413.97,327.0,PayPal,Success,1655.88,True
1564,377,2024-02-16,Delivered,Italy,Consumer,2024-10-31,3075.0,53.0,1.0,Electronics,202.15,327.0,PayPal,Success,202.15,True
1564,377,2024-02-16,Delivered,Italy,Consumer,2024-10-31,3596.0,2.0,3.0,Home,348.12,327.0,PayPal,Success,1044.3600000000001,True
1565,20,2024-09-02,Returned,Spain,Small Business,2023-07-14,1803.0,70.0,1.0,Home,478.43,,,,478.43,False
1565,20,2024-09-02,Returned,Spain,Small Business,2023-07-14,2560.0,35.0,1.0,Sports,262.48,,,,262.48,False
1565,20,2024-09-02,Returned,Spain,Small Business,2023-07-14,4426.0,58.0,2.0,Home,6.66,,,,13.32,False
1565,20,2024-09-02,Returned,Spain,Small Business,2023-07-14,5000.0,100.0,2.0,Electronics,498.19,,,,996.38,False
1566,75,2024-05-06,Returned,France,Corporate,2023-01-03,2960.0,28.0,1.0,Electronics,223.31,,,,223.31,False
1566,75,2024-05-06,Returned,France,Corporate,2023-01-03,4684.0,37.0,2.0,Electronics,438.95,,,,877.9,False
1566,75,2024-05-06,Returned,France,Corporate,2023-01-03,4777.0,49.0,2.0,Sports,23.61,,,,47.22,False
1567,400,2024-05-26,Cancelled,France,Consumer,2024-04-02,491.0,54.0,3.0,Home,50.39,588.0,PayPal,Success,151.17000000000002,False
1567,400,2024-05-26,Cancelled,France,Consumer,2024-04-02,1816.0,16.0,4.0,Home,398.69,588.0,PayPal,Success,1594.76,False
1567,400,2024-05-26,Cancelled,France,Consumer,2024-04-02,4130.0,46.0,2.0,Electronics,9.7,588.0,PayPal,Success,19.4,False
1568,243,2024-04-27,Delivered,Italy,Consumer,2024-07-07,2570.0,18.0,4.0,Home,32.17,1196.0,PayPal,Success,128.68,True
1569,223,2024-05-31,Delivered,Germany,Corporate,2024-09-07,705.0,6.0,2.0,Clothing,296.19,176.0,Card,Failed,592.38,False
1569,223,2024-05-31,Delivered,Germany,Corporate,2024-09-07,1162.0,84.0,2.0,Clothing,416.17,176.0,Card,Failed,832.34,False
1569,223,2024-05-31,Delivered,Germany,Corporate,2024-09-07,1855.0,57.0,3.0,Electronics,367.47,176.0,Card,Failed,1102.41,False
1569,223,2024-05-31,Delivered,Germany,Corporate,2024-09-07,1957.0,83.0,3.0,Sports,119.13,176.0,Card,Failed,357.39,False
1569,223,2024-05-31,Delivered,Germany,Corporate,2024-09-07,4232.0,11.0,3.0,Home,64.66,176.0,Card,Failed,193.98,False
1570,70,2024-03-12,Delivered,Germany,Consumer,2024-10-27,,,,,,1245.0,Card,Success,,True
1571,312,2024-12-28,Delivered,Spain,Corporate,2024-04-06,1340.0,57.0,1.0,Electronics,367.47,1575.0,PayPal,Success,367.47,True
1572,211,2024-05-16,Delivered,Spain,Consumer,2023-01-05,3796.0,39.0,4.0,Home,233.66,495.0,Card,Success,934.64,True
1572,211,2024-05-16,Delivered,Spain,Consumer,2023-01-05,4120.0,13.0,4.0,Sports,100.34,495.0,Card,Success,401.36,True
1573,101,2024-06-23,Delivered,Spain,Corporate,2023-04-19,456.0,6.0,4.0,Clothing,296.19,319.0,PayPal,Success,1184.76,True
1573,101,2024-06-23,Delivered,Spain,Corporate,2023-04-19,456.0,6.0,4.0,Clothing,296.19,485.0,Card,Success,1184.76,True
1573,101,2024-06-23,Delivered,Spain,Corporate,2023-04-19,1546.0,63.0,2.0,Sports,296.61,319.0,PayPal,Success,593.22,True
1573,101,2024-06-23,Delivered,Spain,Corporate,2023-04-19,1546.0,63.0,2.0,Sports,296.61,485.0,Card,Success,593.22,True
1573,101,2024-06-23,Delivered,Spain,Corporate,2023-04-19,1708.0,81.0,4.0,Electronics,203.78,319.0,PayPal,Success,815.12,True
1573,101,2024-06-23,Delivered,Spain,Corporate,2023-04-19,1708.0,81.0,4.0,Electronics,203.78,485.0,Card,Success,815.12,True
1573,101,2024-06-23,Delivered,Spain,Corporate,2023-04-19,2314.0,77.0,2.0,Electronics,452.34,319.0,PayPal,Success,904.68,True
1573,101,2024-06-23,Delivered,Spain,Corporate,2023-04-19,2314.0,77.0,2.0,Electronics,452.34,485.0,Card,Success,904.68,True
1573,101,2024-06-23,Delivered,Spain,Corporate,2023-04-19,2869.0,84.0,4.0,Clothing,416.17,319.0,PayPal,Success,1664.68,True
1573,101,2024-06-23,Delivered,Spain,Corporate,2023-04-19,2869.0,84.0,4.0,Clothing,416.17,485.0,Card,Success,1664.68,True
1574,186,2024-10-15,Delivered,France,Corporate,2023-11-15,821.0,21.0,2.0,Home,324.05,160.0,Card,Success,648.1,True
1574,186,2024-10-15,Delivered,France,Corporate,2023-11-15,2908.0,23.0,4.0,Sports,185.53,160.0,Card,Success,742.12,True
1574,186,2024-10-15,Delivered,France,Corporate,2023-11-15,3581.0,50.0,2.0,Electronics,242.49,160.0,Card,Success,484.98,True
1574,186,2024-10-15,Delivered,France,Corporate,2023-11-15,3760.0,78.0,3.0,Clothing,494.65,160.0,Card,Success,1483.9499999999998,True
1574,186,2024-10-15,Delivered,France,Corporate,2023-11-15,4012.0,53.0,4.0,Electronics,202.15,160.0,Card,Success,808.6,True
1575,132,2024-01-19,Delivered,France,Corporate,2024-08-29,,,,,,689.0,Bank Transfer,Success,,True
1576,111,2024-07-13,Delivered,Italy,Consumer,2024-07-07,3496.0,73.0,3.0,Home,296.33,499.0,Card,Success,888.99,True
1577,381,2024-11-25,Returned,Italy,Corporate,2024-04-21,584.0,50.0,4.0,Electronics,242.49,1355.0,PayPal,Success,969.96,False
1577,381,2024-11-25,Returned,Italy,Corporate,2024-04-21,1200.0,53.0,1.0,Electronics,202.15,1355.0,PayPal,Success,202.15,False
1577,381,2024-11-25,Returned,Italy,Corporate,2024-04-21,1703.0,31.0,2.0,Home,402.97,1355.0,PayPal,Success,805.94,False
1577,381,2024-11-25,Returned,Italy,Corporate,2024-04-21,3103.0,35.0,3.0,Sports,262.48,1355.0,PayPal,Success,787.44,False
1578,132,2024-06-23,Delivered,France,Corporate,2024-08-29,,,,,,283.0,Card,Failed,,False
1579,20,2024-12-19,Delivered,Spain,Small Business,2023-07-14,412.0,35.0,1.0,Sports,262.48,1555.0,Card,Success,262.48,True
1579,20,2024-12-19,Delivered,Spain,Small Business,2023-07-14,453.0,46.0,3.0,Electronics,9.7,1555.0,Card,Success,29.099999999999998,True
1579,20,2024-12-19,Delivered,Spain,Small Business,2023-07-14,959.0,12.0,3.0,Sports,366.86,1555.0,Card,Success,1100.58,True
1579,20,2024-12-19,Delivered,Spain,Small Business,2023-07-14,1821.0,46.0,3.0,Electronics,9.7,1555.0,Card,Success,29.099999999999998,True
1579,20,2024-12-19,Delivered,Spain,Small Business,2023-07-14,2973.0,15.0,3.0,Home,213.77,1555.0,Card,Success,641.3100000000001,True
1579,20,2024-12-19,Delivered,Spain,Small Business,2023-07-14,3382.0,90.0,4.0,Electronics,413.97,1555.0,Card,Success,1655.88,True
1580,394,2024-05-20,Returned,Unknown,Small Business,2023-08-10,2593.0,78.0,3.0,Clothing,494.65,,,,1483.9499999999998,False
1581,24,2024-09-02,Delivered,Italy,Corporate,2023-03-02,,,,,,1733.0,Card,Success,,True
1582,227,2024-04-02,Delivered,France,Consumer,2024-02-26,4817.0,13.0,3.0,Sports,100.34,,,,301.02,False
1583,154,2024-08-26,Delivered,Spain,Consumer,2023-01-26,1442.0,57.0,3.0,Electronics,367.47,860.0,PayPal,Success,1102.41,True
1584,293,2024-07-23,Delivered,France,Small Business,2023-12-29,1647.0,3.0,4.0,Electronics,30.54,874.0,Card,Failed,122.16,False
1584,293,2024-07-23,Delivered,France,Small Business,2023-12-29,2049.0,24.0,3.0,Clothing,282.54,874.0,Card,Failed,847.6200000000001,False
1584,293,2024-07-23,Delivered,France,Small Business,2023-12-29,2561.0,82.0,2.0,Home,419.72,874.0,Card,Failed,839.44,False
1584,293,2024-07-23,Delivered,France,Small Business,2023-12-29,3194.0,99.0,3.0,Clothing,248.14,874.0,Card,Failed,744.42,False
1584,293,2024-07-23,Delivered,France,Small Business,2023-12-29,3495.0,1.0,2.0,Electronics,325.1,874.0,Card,Failed,650.2,False
1585,230,2024-02-17,Cancelled,France,Small Business,2023-05-23,408.0,22.0,1.0,Home,326.83,125.0,Bank Transfer,Success,326.83,False
1585,230,2024-02-17,Cancelled,France,Small Business,2023-05-23,4494.0,71.0,3.0,Electronics,400.0,125.0,Bank Transfer,Success,1200.0,False
1586,469,2024-09-01,Delivered,Unknown,Consumer,2024-07-05,505.0,46.0,2.0,Electronics,9.7,,,,19.4,False
1586,469,2024-09-01,Delivered,Unknown,Consumer,2024-07-05,722.0,4.0,4.0,Sports,336.61,,,,1346.44,False
1586,469,2024-09-01,Delivered,Unknown,Consumer,2024-07-05,2836.0,84.0,2.0,Clothing,416.17,,,,832.34,False
1586,469,2024-09-01,Delivered,Unknown,Consumer,2024-07-05,4036.0,48.0,1.0,Electronics,48.83,,,,48.83,False
1587,310,2024-11-15,Delivered,Unknown,Consumer,2023-02-20,3388.0,68.0,2.0,Clothing,198.86,491.0,PayPal,Success,397.72,True
1587,310,2024-11-15,Delivered,Unknown,Consumer,2023-02-20,4075.0,28.0,1.0,Electronics,223.31,491.0,PayPal,Success,223.31,True
1588,488,2024-11-12,Delivered,Italy,Consumer,2023-02-10,52.0,25.0,3.0,Clothing,243.13,1401.0,Bank Transfer,Failed,729.39,False
1588,488,2024-11-12,Delivered,Italy,Consumer,2023-02-10,582.0,89.0,3.0,Home,478.85,1401.0,Bank Transfer,Failed,1436.5500000000002,False
1589,359,2024-10-21,Delivered,France,Corporate,2024-04-13,1675.0,73.0,2.0,Home,296.33,179.0,PayPal,Success,592.66,True
1589,359,2024-10-21,Delivered,France,Corporate,2024-04-13,2497.0,79.0,1.0,Electronics,372.96,179.0,PayPal,Success,372.96,True
1590,405,2024-05-07,Returned,Italy,Consumer,2024-04-20,733.0,93.0,4.0,Electronics,112.08,1302.0,PayPal,Success,448.32,False
1590,405,2024-05-07,Returned,Italy,Consumer,2024-04-20,800.0,53.0,2.0,Electronics,202.15,1302.0,PayPal,Success,404.3,False
1590,405,2024-05-07,Returned,Italy,Consumer,2024-04-20,4698.0,44.0,1.0,Clothing,466.63,1302.0,PayPal,Success,466.63,False
1591,202,2024-12-09,Delivered,Italy,Consumer,2024-05-27,2270.0,38.0,4.0,Clothing,211.67,861.0,Bank Transfer,Failed,846.68,False
1591,202,2024-12-09,Delivered,Italy,Consumer,2024-05-27,3681.0,31.0,3.0,Home,402.97,861.0,Bank Transfer,Failed,1208.91,False
1592,38,2024-10-08,Delivered,France,Consumer,2023-12-12,352.0,66.0,4.0,Clothing,27.32,641.0,Bank Transfer,Success,109.28,True
1593,430,2024-01-17,Delivered,Italy,Consumer,2023-06-14,674.0,89.0,4.0,Home,478.85,1861.0,Bank Transfer,Success,1915.4,True
1593,430,2024-01-17,Delivered,Italy,Consumer,2023-06-14,866.0,73.0,4.0,Home,296.33,1861.0,Bank Transfer,Success,1185.32,True
1593,430,2024-01-17,Delivered,Italy,Consumer,2023-06-14,1173.0,93.0,4.0,Electronics,112.08,1861.0,Bank Transfer,Success,448.32,True
1593,430,2024-01-17,Delivered,Italy,Consumer,2023-06-14,1697.0,73.0,2.0,Home,296.33,1861.0,Bank Transfer,Success,592.66,True
1593,430,2024-01-17,Delivered,Italy,Consumer,2023-06-14,2144.0,19.0,3.0,Clothing,230.3,1861.0,Bank Transfer,Success,690.9000000000001,True
1593,430,2024-01-17,Delivered,Italy,Consumer,2023-06-14,2685.0,80.0,3.0,Home,37.17,1861.0,Bank Transfer,Success,111.51,True
1593,430,2024-01-17,Delivered,Italy,Consumer,2023-06-14,3195.0,79.0,3.0,Electronics,372.96,1861.0,Bank Transfer,Success,1118.8799999999999,True
1593,430,2024-01-17,Delivered,Italy,Consumer,2023-06-14,3677.0,15.0,4.0,Home,213.77,1861.0,Bank Transfer,Success,855.08,True
1594,260,2024-03-11,Delivered,Spain,Corporate,2023-07-15,4367.0,97.0,1.0,Sports,133.82,894.0,PayPal,Success,133.82,True
1594,260,2024-03-11,Delivered,Spain,Corporate,2023-07-15,4474.0,68.0,1.0,Clothing,198.86,894.0,PayPal,Success,198.86,True
1595,188,2024-09-25,Returned,Spain,Corporate,2023-11-25,542.0,58.0,1.0,Home,6.66,1080.0,Bank Transfer,Success,6.66,False
1595,188,2024-09-25,Returned,Spain,Corporate,2023-11-25,833.0,82.0,4.0,Home,419.72,1080.0,Bank Transfer,Success,1678.88,False
1595,188,2024-09-25,Returned,Spain,Corporate,2023-11-25,1917.0,87.0,2.0,Home,195.12,1080.0,Bank Transfer,Success,390.24,False
1596,57,2024-11-20,Delivered,Italy,Small Business,2024-09-16,1640.0,18.0,2.0,Home,32.17,1997.0,Bank Transfer,Success,64.34,True
1596,57,2024-11-20,Delivered,Italy,Small Business,2024-09-16,1759.0,66.0,1.0,Clothing,27.32,1997.0,Bank Transfer,Success,27.32,True
1596,57,2024-11-20,Delivered,Italy,Small Business,2024-09-16,2743.0,28.0,1.0,Electronics,223.31,1997.0,Bank Transfer,Success,223.31,True
1597,429,2024-10-08,Delivered,France,Consumer,2024-05-14,270.0,4.0,2.0,Sports,336.61,215.0,Bank Transfer,Success,673.22,True
1597,429,2024-10-08,Delivered,France,Consumer,2024-05-14,270.0,4.0,2.0,Sports,336.61,1867.0,Card,Success,673.22,True
1597,429,2024-10-08,Delivered,France,Consumer,2024-05-14,407.0,38.0,3.0,Clothing,211.67,215.0,Bank Transfer,Success,635.01,True
1597,429,2024-10-08,Delivered,France,Consumer,2024-05-14,407.0,38.0,3.0,Clothing,211.67,1867.0,Card,Success,635.01,True
1597,429,2024-10-08,Delivered,France,Consumer,2024-05-14,1278.0,3.0,1.0,Electronics,30.54,215.0,Bank Transfer,Success,30.54,True
1597,429,2024-10-08,Delivered,France,Consumer,2024-05-14,1278.0,3.0,1.0,Electronics,30.54,1867.0,Card,Success,30.54,True
1597,429,2024-10-08,Delivered,France,Consumer,2024-05-14,2063.0,63.0,4.0,Sports,296.61,215.0,Bank Transfer,Success,1186.44,True
1597,429,2024-10-08,Delivered,France,Consumer,2024-05-14,2063.0,63.0,4.0,Sports,296.61,1867.0,Card,Success,1186.44,True
1597,429,2024-10-08,Delivered,France,Consumer,2024-05-14,3977.0,10.0,4.0,Sports,159.86,215.0,Bank Transfer,Success,639.44,True
1597,429,2024-10-08,Delivered,France,Consumer,2024-05-14,3977.0,10.0,4.0,Sports,159.86,1867.0,Card,Success,639.44,True
1598,20,2024-10-31,Delivered,Spain,Small Business,2023-07-14,351.0,14.0,3.0,Electronics,62.06,1161.0,Card,Success,186.18,True
1598,20,2024-10-31,Delivered,Spain,Small Business,2023-07-14,4146.0,20.0,1.0,Clothing,263.61,1161.0,Card,Success,263.61,True
1598,20,2024-10-31,Delivered,Spain,Small Business,2023-07-14,4434.0,37.0,4.0,Electronics,438.95,1161.0,Card,Success,1755.8,True
1599,273,2024-01-07,Delivered,Italy,Consumer,2023-09-18,110.0,23.0,4.0,Sports,185.53,1558.0,Bank Transfer,Success,742.12,True
1599,273,2024-01-07,Delivered,Italy,Consumer,2023-09-18,2897.0,74.0,3.0,Home,491.25,1558.0,Bank Transfer,Success,1473.75,True
1599,273,2024-01-07,Delivered,Italy,Consumer,2023-09-18,3787.0,25.0,2.0,Clothing,243.13,1558.0,Bank Transfer,Success,486.26,True
1599,273,2024-01-07,Delivered,Italy,Consumer,2023-09-18,4213.0,71.0,2.0,Electronics,400.0,1558.0,Bank Transfer,Success,800.0,True
1600,119,2024-11-09,Delivered,Italy,Small Business,2023-11-11,2124.0,51.0,1.0,Electronics,292.47,1214.0,Bank Transfer,Success,292.47,True
1601,71,2024-10-31,Cancelled,Germany,Consumer,2024-06-09,1514.0,52.0,2.0,Electronics,139.49,631.0,Bank Transfer,Success,278.98,False
1601,71,2024-10-31,Cancelled,Germany,Consumer,2024-06-09,3688.0,87.0,4.0,Home,195.12,631.0,Bank Transfer,Success,780.48,False
1601,71,2024-10-31,Cancelled,Germany,Consumer,2024-06-09,4214.0,18.0,4.0,Home,32.17,631.0,Bank Transfer,Success,128.68,False
1601,71,2024-10-31,Cancelled,Germany,Consumer,2024-06-09,4352.0,11.0,4.0,Home,64.66,631.0,Bank Transfer,Success,258.64,False
1602,4,2024-04-12,Delivered,Spain,Small Business,2024-06-29,849.0,39.0,4.0,Home,233.66,1315.0,Card,Success,934.64,True
1602,4,2024-04-12,Delivered,Spain,Small Business,2024-06-29,1196.0,34.0,2.0,Home,370.24,1315.0,Card,Success,740.48,True
1602,4,2024-04-12,Delivered,Spain,Small Business,2024-06-29,4588.0,55.0,4.0,Sports,171.5,1315.0,Card,Success,686.0,True
1603,221,2024-11-04,Cancelled,Spain,Small Business,2023-10-23,1813.0,52.0,2.0,Electronics,139.49,1652.0,Card,Success,278.98,False
1603,221,2024-11-04,Cancelled,Spain,Small Business,2023-10-23,1897.0,21.0,4.0,Home,324.05,1652.0,Card,Success,1296.2,False
1603,221,2024-11-04,Cancelled,Spain,Small Business,2023-10-23,2796.0,12.0,4.0,Sports,366.86,1652.0,Card,Success,1467.44,False
1603,221,2024-11-04,Cancelled,Spain,Small Business,2023-10-23,3229.0,93.0,4.0,Electronics,112.08,1652.0,Card,Success,448.32,False
1603,221,2024-11-04,Cancelled,Spain,Small Business,2023-10-23,4638.0,3.0,3.0,Electronics,30.54,1652.0,Card,Success,91.62,False
1604,14,2024-07-11,Delivered,Spain,Corporate,2024-01-09,269.0,25.0,3.0,Clothing,243.13,1878.0,Card,Success,729.39,True
1604,14,2024-07-11,Delivered,Spain,Corporate,2024-01-09,2094.0,72.0,2.0,Sports,133.2,1878.0,Card,Success,266.4,True
1604,14,2024-07-11,Delivered,Spain,Corporate,2024-01-09,3193.0,76.0,1.0,Electronics,302.4,1878.0,Card,Success,302.4,True
1605,3,2024-08-28,Delivered,France,Consumer,2023-03-10,595.0,55.0,4.0,Sports,171.5,1732.0,PayPal,Success,686.0,True
1605,3,2024-08-28,Delivered,France,Consumer,2023-03-10,2337.0,42.0,4.0,Clothing,96.81,1732.0,PayPal,Success,387.24,True
1605,3,2024-08-28,Delivered,France,Consumer,2023-03-10,3689.0,4.0,4.0,Sports,336.61,1732.0,PayPal,Success,1346.44,True
1605,3,2024-08-28,Delivered,France,Consumer,2023-03-10,4391.0,72.0,1.0,Sports,133.2,1732.0,PayPal,Success,133.2,True
1605,3,2024-08-28,Delivered,France,Consumer,2023-03-10,4788.0,28.0,3.0,Electronics,223.31,1732.0,PayPal,Success,669.9300000000001,True
1606,216,2024-03-02,Delivered,France,Consumer,2023-05-12,2467.0,18.0,2.0,Home,32.17,1456.0,PayPal,Success,64.34,True
1607,229,2024-01-17,Delivered,France,Consumer,2024-07-28,4663.0,68.0,3.0,Clothing,198.86,1281.0,Bank Transfer,Success,596.58,True
1608,336,2024-06-19,Returned,Italy,Consumer,2024-06-20,211.0,100.0,1.0,Electronics,498.19,1178.0,PayPal,Success,498.19,False
1608,336,2024-06-19,Returned,Italy,Consumer,2024-06-20,1750.0,38.0,1.0,Clothing,211.67,1178.0,PayPal,Success,211.67,False
1608,336,2024-06-19,Returned,Italy,Consumer,2024-06-20,2411.0,19.0,2.0,Clothing,230.3,1178.0,PayPal,Success,460.6,False
1608,336,2024-06-19,Returned,Italy,Consumer,2024-06-20,2620.0,72.0,1.0,Sports,133.2,1178.0,PayPal,Success,133.2,False
1608,336,2024-06-19,Returned,Italy,Consumer,2024-06-20,2977.0,97.0,2.0,Sports,133.82,1178.0,PayPal,Success,267.64,False
1608,336,2024-06-19,Returned,Italy,Consumer,2024-06-20,3575.0,17.0,4.0,Sports,373.81,1178.0,PayPal,Success,1495.24,False
1609,186,2024-01-25,Delivered,France,Corporate,2023-11-15,1251.0,31.0,2.0,Home,402.97,1885.0,PayPal,Success,805.94,True
1609,186,2024-01-25,Delivered,France,Corporate,2023-11-15,2325.0,79.0,3.0,Electronics,372.96,1885.0,PayPal,Success,1118.8799999999999,True
1609,186,2024-01-25,Delivered,France,Corporate,2023-11-15,3855.0,48.0,3.0,Electronics,48.83,1885.0,PayPal,Success,146.49,True
1610,55,2024-09-07,Delivered,Spain,Consumer,2023-09-14,1817.0,96.0,1.0,Clothing,264.89,989.0,Card,Success,264.89,True
1610,55,2024-09-07,Delivered,Spain,Consumer,2023-09-14,2118.0,52.0,2.0,Electronics,139.49,989.0,Card,Success,278.98,True
1611,500,2024-09-09,Delivered,Italy,Consumer,2024-10-07,49.0,46.0,4.0,Electronics,9.7,1162.0,Card,Failed,38.8,False
1611,500,2024-09-09,Delivered,Italy,Consumer,2024-10-07,3140.0,43.0,2.0,Electronics,195.06,1162.0,Card,Failed,390.12,False
1611,500,2024-09-09,Delivered,Italy,Consumer,2024-10-07,4145.0,9.0,4.0,Home,239.24,1162.0,Card,Failed,956.96,False
1612,388,2024-07-25,Delivered,Spain,Corporate,2024-01-06,3079.0,6.0,4.0,Clothing,296.19,971.0,PayPal,Success,1184.76,True
1613,376,2024-01-29,Delivered,Italy,Consumer,2023-02-01,2679.0,41.0,4.0,Home,5.12,1835.0,Card,Success,20.48,True
1614,254,2024-04-26,Delivered,France,Consumer,2024-07-03,252.0,87.0,4.0,Home,195.12,794.0,Bank Transfer,Success,780.48,True
1614,254,2024-04-26,Delivered,France,Consumer,2024-07-03,796.0,41.0,1.0,Home,5.12,794.0,Bank Transfer,Success,5.12,True
1614,254,2024-04-26,Delivered,France,Consumer,2024-07-03,1954.0,54.0,2.0,Home,50.39,794.0,Bank Transfer,Success,100.78,True
1614,254,2024-04-26,Delivered,France,Consumer,2024-07-03,2120.0,68.0,2.0,Clothing,198.86,794.0,Bank Transfer,Success,397.72,True
1614,254,2024-04-26,Delivered,France,Consumer,2024-07-03,3900.0,96.0,4.0,Clothing,264.89,794.0,Bank Transfer,Success,1059.56,True
1615,24,2024-10-08,Delivered,Italy,Corporate,2023-03-02,1045.0,83.0,1.0,Sports,119.13,1293.0,Bank Transfer,Success,119.13,True
1615,24,2024-10-08,Delivered,Italy,Corporate,2023-03-02,2136.0,13.0,3.0,Sports,100.34,1293.0,Bank Transfer,Success,301.02,True
1615,24,2024-10-08,Delivered,Italy,Corporate,2023-03-02,2997.0,59.0,2.0,Home,236.32,1293.0,Bank Transfer,Success,472.64,True
1615,24,2024-10-08,Delivered,Italy,Corporate,2023-03-02,3407.0,78.0,2.0,Clothing,494.65,1293.0,Bank Transfer,Success,989.3,True
1616,162,2024-05-23,Delivered,France,Consumer,2023-08-13,2902.0,100.0,3.0,Electronics,498.19,1746.0,PayPal,Success,1494.57,True
1617,158,2024-01-25,Delivered,Germany,Consumer,2024-10-06,1304.0,37.0,3.0,Electronics,438.95,1868.0,Card,Success,1316.85,True
1617,158,2024-01-25,Delivered,Germany,Consumer,2024-10-06,3291.0,93.0,1.0,Electronics,112.08,1868.0,Card,Success,112.08,True
1618,82,2024-11-05,Delivered,Italy,Corporate,2023-07-11,3493.0,58.0,1.0,Home,6.66,665.0,PayPal,Success,6.66,True
1618,82,2024-11-05,Delivered,Italy,Corporate,2023-07-11,4432.0,72.0,4.0,Sports,133.2,665.0,PayPal,Success,532.8,True
1618,82,2024-11-05,Delivered,Italy,Corporate,2023-07-11,4559.0,72.0,2.0,Sports,133.2,665.0,PayPal,Success,266.4,True
1619,403,2024-06-04,Delivered,Spain,Corporate,2023-03-28,1535.0,47.0,2.0,Electronics,31.08,235.0,Card,Success,62.16,True
1620,159,2024-03-13,Delivered,France,Small Business,2023-11-22,2047.0,93.0,3.0,Electronics,112.08,1464.0,Card,Success,336.24,True
1620,159,2024-03-13,Delivered,France,Small Business,2023-11-22,3089.0,50.0,3.0,Electronics,242.49,1464.0,Card,Success,727.47,True
1621,188,2024-04-29,Returned,Spain,Corporate,2023-11-25,469.0,95.0,2.0,Sports,300.65,28.0,PayPal,Failed,601.3,False
1621,188,2024-04-29,Returned,Spain,Corporate,2023-11-25,1916.0,34.0,3.0,Home,370.24,28.0,PayPal,Failed,1110.72,False
1621,188,2024-04-29,Returned,Spain,Corporate,2023-11-25,2739.0,32.0,1.0,Sports,271.51,28.0,PayPal,Failed,271.51,False
1621,188,2024-04-29,Returned,Spain,Corporate,2023-11-25,3430.0,38.0,1.0,Clothing,211.67,28.0,PayPal,Failed,211.67,False
1621,188,2024-04-29,Returned,Spain,Corporate,2023-11-25,3943.0,53.0,4.0,Electronics,202.15,28.0,PayPal,Failed,808.6,False
1622,60,2024-11-07,Delivered,France,Corporate,2023-10-30,2091.0,70.0,3.0,Home,478.43,400.0,Bank Transfer,Failed,1435.29,False
1622,60,2024-11-07,Delivered,France,Corporate,2023-10-30,2871.0,16.0,3.0,Home,398.69,400.0,Bank Transfer,Failed,1196.07,False
1623,403,2024-11-16,Delivered,Spain,Corporate,2023-03-28,2045.0,65.0,2.0,Home,455.62,1145.0,Card,Success,911.24,True
1623,403,2024-11-16,Delivered,Spain,Corporate,2023-03-28,2535.0,10.0,2.0,Sports,159.86,1145.0,Card,Success,319.72,True
1623,403,2024-11-16,Delivered,Spain,Corporate,2023-03-28,2794.0,67.0,2.0,Clothing,59.19,1145.0,Card,Success,118.38,True
1623,403,2024-11-16,Delivered,Spain,Corporate,2023-03-28,3215.0,41.0,4.0,Home,5.12,1145.0,Card,Success,20.48,True
1623,403,2024-11-16,Delivered,Spain,Corporate,2023-03-28,4901.0,4.0,2.0,Sports,336.61,1145.0,Card,Success,673.22,True
1624,305,2024-04-02,Delivered,Germany,Corporate,2023-05-13,2744.0,74.0,2.0,Home,491.25,301.0,PayPal,Success,982.5,True
1624,305,2024-04-02,Delivered,Germany,Corporate,2023-05-13,2889.0,98.0,4.0,Electronics,260.05,301.0,PayPal,Success,1040.2,True
1625,319,2024-03-26,Delivered,Spain,Consumer,2024-09-13,395.0,10.0,2.0,Sports,159.86,951.0,Card,Success,319.72,True
1626,366,2024-12-01,Delivered,Spain,Consumer,2023-12-08,2849.0,7.0,1.0,Electronics,499.68,61.0,Card,Success,499.68,True
1627,211,2024-12-29,Delivered,Spain,Consumer,2023-01-05,1846.0,20.0,4.0,Clothing,263.61,599.0,Card,Success,1054.44,True
1627,211,2024-12-29,Delivered,Spain,Consumer,2023-01-05,2722.0,37.0,2.0,Electronics,438.95,599.0,Card,Success,877.9,True
1628,406,2024-04-27,Delivered,Italy,Corporate,2023-06-27,1527.0,54.0,4.0,Home,50.39,1744.0,Card,Success,201.56,True
1628,406,2024-04-27,Delivered,Italy,Corporate,2023-06-27,4183.0,64.0,1.0,Sports,142.25,1744.0,Card,Success,142.25,True
1629,152,2024-08-20,Delivered,Spain,Corporate,2023-07-13,1085.0,2.0,1.0,Home,348.12,1195.0,Card,Success,348.12,True
1630,109,2024-07-17,Delivered,Germany,Consumer,2024-01-04,2001.0,78.0,1.0,Clothing,494.65,987.0,PayPal,Success,494.65,True
1630,109,2024-07-17,Delivered,Germany,Consumer,2024-01-04,3205.0,48.0,1.0,Electronics,48.83,987.0,PayPal,Success,48.83,True
1630,109,2024-07-17,Delivered,Germany,Consumer,2024-01-04,3525.0,15.0,2.0,Home,213.77,987.0,PayPal,Success,427.54,True
1630,109,2024-07-17,Delivered,Germany,Consumer,2024-01-04,3664.0,6.0,1.0,Clothing,296.19,987.0,PayPal,Success,296.19,True
1631,76,2024-07-24,Cancelled,Germany,Consumer,2024-09-14,,,,,,786.0,PayPal,Success,,False
1632,30,2024-12-04,Cancelled,Italy,Small Business,2024-08-26,599.0,85.0,1.0,Sports,64.57,544.0,Card,Success,64.57,False
1632,30,2024-12-04,Cancelled,Italy,Small Business,2024-08-26,2448.0,93.0,3.0,Electronics,112.08,544.0,Card,Success,336.24,False
1633,314,2024-05-26,Delivered,Spain,Corporate,2023-10-24,,,,,,1224.0,Card,Success,,True
1634,486,2024-09-27,Delivered,Germany,Small Business,2023-02-11,602.0,58.0,1.0,Home,6.66,1316.0,Bank Transfer,Success,6.66,True
1634,486,2024-09-27,Delivered,Germany,Small Business,2023-02-11,602.0,58.0,1.0,Home,6.66,1653.0,Card,Success,6.66,True
1634,486,2024-09-27,Delivered,Germany,Small Business,2023-02-11,737.0,10.0,4.0,Sports,159.86,1316.0,Bank Transfer,Success,639.44,True
1634,486,2024-09-27,Delivered,Germany,Small Business,2023-02-11,737.0,10.0,4.0,Sports,159.86,1653.0,Card,Success,639.44,True
1634,486,2024-09-27,Delivered,Germany,Small Business,2023-02-11,1858.0,52.0,2.0,Electronics,139.49,1316.0,Bank Transfer,Success,278.98,True
1634,486,2024-09-27,Delivered,Germany,Small Business,2023-02-11,1858.0,52.0,2.0,Electronics,139.49,1653.0,Card,Success,278.98,True
1634,486,2024-09-27,Delivered,Germany,Small Business,2023-02-11,4809.0,71.0,1.0,Electronics,400.0,1316.0,Bank Transfer,Success,400.0,True
1634,486,2024-09-27,Delivered,Germany,Small Business,2023-02-11,4809.0,71.0,1.0,Electronics,400.0,1653.0,Card,Success,400.0,True
1635,117,2024-05-18,Returned,France,Consumer,2023-11-16,2201.0,48.0,1.0,Electronics,48.83,1177.0,Bank Transfer,Success,48.83,False
1635,117,2024-05-18,Returned,France,Consumer,2023-11-16,4562.0,46.0,2.0,Electronics,9.7,1177.0,Bank Transfer,Success,19.4,False
1636,415,2024-06-29,Delivered,Spain,Small Business,2023-08-17,727.0,12.0,3.0,Sports,366.86,883.0,PayPal,Success,1100.58,True
1636,415,2024-06-29,Delivered,Spain,Small Business,2023-08-17,1261.0,33.0,1.0,Home,332.52,883.0,PayPal,Success,332.52,True
1636,415,2024-06-29,Delivered,Spain,Small Business,2023-08-17,1985.0,50.0,3.0,Electronics,242.49,883.0,PayPal,Success,727.47,True
1637,356,2024-01-30,Cancelled,Spain,Small Business,2024-10-23,3790.0,81.0,2.0,Electronics,203.78,1109.0,Bank Transfer,Success,407.56,False
1637,356,2024-01-30,Cancelled,Spain,Small Business,2024-10-23,4461.0,44.0,1.0,Clothing,466.63,1109.0,Bank Transfer,Success,466.63,False
1638,192,2024-02-26,Delivered,Spain,Consumer,2023-04-05,291.0,87.0,2.0,Home,195.12,1056.0,Bank Transfer,Success,390.24,True
1638,192,2024-02-26,Delivered,Spain,Consumer,2023-04-05,2142.0,5.0,4.0,Home,26.86,1056.0,Bank Transfer,Success,107.44,True
1638,192,2024-02-26,Delivered,Spain,Consumer,2023-04-05,3478.0,38.0,3.0,Clothing,211.67,1056.0,Bank Transfer,Success,635.01,True
1639,19,2024-08-19,Returned,Italy,Corporate,2023-07-14,1306.0,72.0,1.0,Sports,133.2,1724.0,Card,Success,133.2,False
1639,19,2024-08-19,Returned,Italy,Corporate,2023-07-14,3984.0,16.0,4.0,Home,398.69,1724.0,Card,Success,1594.76,False
1640,432,2024-05-25,Delivered,Germany,Corporate,2024-04-13,2082.0,90.0,1.0,Electronics,413.97,376.0,Bank Transfer,Success,413.97,True
1640,432,2024-05-25,Delivered,Germany,Corporate,2024-04-13,4511.0,5.0,3.0,Home,26.86,376.0,Bank Transfer,Success,80.58,True
1641,173,2024-02-17,Returned,Unknown,Consumer,2024-05-25,,,,,,270.0,Bank Transfer,Success,,False
1642,228,2024-07-12,Delivered,Germany,Corporate,2023-01-23,3013.0,85.0,4.0,Sports,64.57,430.0,Card,Success,258.28,True
1643,350,2024-08-11,Delivered,Spain,Small Business,2023-06-29,503.0,10.0,2.0,Sports,159.86,1570.0,Bank Transfer,Success,319.72,True
1643,350,2024-08-11,Delivered,Spain,Small Business,2023-06-29,2101.0,52.0,4.0,Electronics,139.49,1570.0,Bank Transfer,Success,557.96,True
1643,350,2024-08-11,Delivered,Spain,Small Business,2023-06-29,2445.0,24.0,2.0,Clothing,282.54,1570.0,Bank Transfer,Success,565.08,True
1643,350,2024-08-11,Delivered,Spain,Small Business,2023-06-29,2768.0,87.0,4.0,Home,195.12,1570.0,Bank Transfer,Success,780.48,True
1643,350,2024-08-11,Delivered,Spain,Small Business,2023-06-29,4190.0,37.0,2.0,Electronics,438.95,1570.0,Bank Transfer,Success,877.9,True
1644,183,2024-05-15,Returned,Germany,Consumer,2024-10-03,1489.0,52.0,3.0,Electronics,139.49,1233.0,PayPal,Success,418.47,False
1644,183,2024-05-15,Returned,Germany,Consumer,2024-10-03,3104.0,99.0,3.0,Clothing,248.14,1233.0,PayPal,Success,744.42,False
1644,183,2024-05-15,Returned,Germany,Consumer,2024-10-03,3558.0,99.0,3.0,Clothing,248.14,1233.0,PayPal,Success,744.42,False
1644,183,2024-05-15,Returned,Germany,Consumer,2024-10-03,3991.0,43.0,2.0,Electronics,195.06,1233.0,PayPal,Success,390.12,False
1644,183,2024-05-15,Returned,Germany,Consumer,2024-10-03,4728.0,77.0,1.0,Electronics,452.34,1233.0,PayPal,Success,452.34,False
1645,113,2024-01-22,Delivered,Italy,Small Business,2024-09-04,592.0,44.0,3.0,Clothing,466.63,311.0,Bank Transfer,Failed,1399.8899999999999,False
1645,113,2024-01-22,Delivered,Italy,Small Business,2024-09-04,1043.0,26.0,1.0,Electronics,443.07,311.0,Bank Transfer,Failed,443.07,False
1645,113,2024-01-22,Delivered,Italy,Small Business,2024-09-04,2028.0,68.0,1.0,Clothing,198.86,311.0,Bank Transfer,Failed,198.86,False
1646,183,2024-01-06,Delivered,Germany,Consumer,2024-10-03,97.0,23.0,4.0,Sports,185.53,280.0,Card,Success,742.12,True
1646,183,2024-01-06,Delivered,Germany,Consumer,2024-10-03,1246.0,43.0,3.0,Electronics,195.06,280.0,Card,Success,585.1800000000001,True
1646,183,2024-01-06,Delivered,Germany,Consumer,2024-10-03,2885.0,62.0,3.0,Electronics,359.2,280.0,Card,Success,1077.6,True
1647,481,2024-07-22,Delivered,Italy,Corporate,2023-04-19,2418.0,78.0,4.0,Clothing,494.65,1500.0,Card,Success,1978.6,True
1648,146,2024-08-26,Delivered,Spain,Consumer,2024-10-07,1942.0,63.0,3.0,Sports,296.61,1895.0,PayPal,Success,889.83,True
1648,146,2024-08-26,Delivered,Spain,Consumer,2024-10-07,2364.0,2.0,1.0,Home,348.12,1895.0,PayPal,Success,348.12,True
1649,319,2024-07-03,Returned,Spain,Consumer,2024-09-13,77.0,40.0,3.0,Electronics,495.22,1261.0,Card,Success,1485.66,False
1649,319,2024-07-03,Returned,Spain,Consumer,2024-09-13,321.0,67.0,1.0,Clothing,59.19,1261.0,Card,Success,59.19,False
1649,319,2024-07-03,Returned,Spain,Consumer,2024-09-13,457.0,51.0,3.0,Electronics,292.47,1261.0,Card,Success,877.4100000000001,False
1649,319,2024-07-03,Returned,Spain,Consumer,2024-09-13,525.0,10.0,1.0,Sports,159.86,1261.0,Card,Success,159.86,False
1649,319,2024-07-03,Returned,Spain,Consumer,2024-09-13,4630.0,28.0,3.0,Electronics,223.31,1261.0,Card,Success,669.9300000000001,False
1650,116,2024-12-25,Delivered,Italy,Corporate,2023-10-09,1207.0,30.0,2.0,Sports,288.35,244.0,PayPal,Success,576.7,True
1650,116,2024-12-25,Delivered,Italy,Corporate,2023-10-09,1390.0,22.0,3.0,Home,326.83,244.0,PayPal,Success,980.49,True
1651,113,2024-10-18,Delivered,Italy,Small Business,2024-09-04,4028.0,49.0,4.0,Sports,23.61,497.0,Card,Success,94.44,True
1652,251,2024-11-30,Delivered,Germany,Consumer,2023-08-19,677.0,12.0,3.0,Sports,366.86,433.0,Bank Transfer,Success,1100.58,True
1652,251,2024-11-30,Delivered,Germany,Consumer,2023-08-19,2237.0,66.0,3.0,Clothing,27.32,433.0,Bank Transfer,Success,81.96000000000001,True
1652,251,2024-11-30,Delivered,Germany,Consumer,2023-08-19,4089.0,10.0,2.0,Sports,159.86,433.0,Bank Transfer,Success,319.72,True
1652,251,2024-11-30,Delivered,Germany,Consumer,2023-08-19,4579.0,18.0,2.0,Home,32.17,433.0,Bank Transfer,Success,64.34,True
1653,476,2024-08-07,Delivered,Unknown,Corporate,2024-05-08,1931.0,33.0,4.0,Home,332.52,1546.0,Card,Success,1330.08,True
1654,251,2024-04-25,Delivered,Germany,Consumer,2023-08-19,4358.0,8.0,4.0,Electronics,280.12,1254.0,PayPal,Success,1120.48,True
1655,303,2024-11-08,Delivered,Spain,Small Business,2023-12-22,446.0,99.0,4.0,Clothing,248.14,434.0,Card,Success,992.56,True
1655,303,2024-11-08,Delivered,Spain,Small Business,2023-12-22,863.0,92.0,4.0,Home,316.74,434.0,Card,Success,1266.96,True
1655,303,2024-11-08,Delivered,Spain,Small Business,2023-12-22,2194.0,13.0,4.0,Sports,100.34,434.0,Card,Success,401.36,True
1656,459,2024-02-18,Delivered,Spain,Consumer,2023-10-07,3747.0,96.0,1.0,Clothing,264.89,1625.0,Bank Transfer,Success,264.89,True
1657,313,2024-06-21,Returned,Italy,Corporate,2023-10-23,2251.0,49.0,2.0,Sports,23.61,994.0,Bank Transfer,Success,47.22,False
1657,313,2024-06-21,Returned,Italy,Corporate,2023-10-23,2420.0,66.0,4.0,Clothing,27.32,994.0,Bank Transfer,Success,109.28,False
1657,313,2024-06-21,Returned,Italy,Corporate,2023-10-23,3237.0,59.0,3.0,Home,236.32,994.0,Bank Transfer,Success,708.96,False
1657,313,2024-06-21,Returned,Italy,Corporate,2023-10-23,3294.0,2.0,3.0,Home,348.12,994.0,Bank Transfer,Success,1044.3600000000001,False
1658,118,2024-03-22,Delivered,Germany,Small Business,2024-03-18,4370.0,80.0,1.0,Home,37.17,1395.0,PayPal,Success,37.17,True
1659,301,2024-11-17,Delivered,France,Corporate,2024-11-13,250.0,37.0,3.0,Electronics,438.95,885.0,Bank Transfer,Success,1316.85,True
1659,301,2024-11-17,Delivered,France,Corporate,2024-11-13,1635.0,72.0,1.0,Sports,133.2,885.0,Bank Transfer,Success,133.2,True
1660,161,2024-11-28,Returned,Spain,Small Business,2023-04-28,3554.0,50.0,3.0,Electronics,242.49,25.0,Bank Transfer,Success,727.47,False
1660,161,2024-11-28,Returned,Spain,Small Business,2023-04-28,3585.0,11.0,3.0,Home,64.66,25.0,Bank Transfer,Success,193.98,False
1661,401,2024-02-14,Delivered,Unknown,Small Business,2023-06-11,26.0,87.0,3.0,Home,195.12,662.0,Card,Success,585.36,True
1661,401,2024-02-14,Delivered,Unknown,Small Business,2023-06-11,247.0,76.0,2.0,Electronics,302.4,662.0,Card,Success,604.8,True
1661,401,2024-02-14,Delivered,Unknown,Small Business,2023-06-11,688.0,46.0,4.0,Electronics,9.7,662.0,Card,Success,38.8,True
1661,401,2024-02-14,Delivered,Unknown,Small Business,2023-06-11,1197.0,38.0,3.0,Clothing,211.67,662.0,Card,Success,635.01,True
1661,401,2024-02-14,Delivered,Unknown,Small Business,2023-06-11,1226.0,13.0,3.0,Sports,100.34,662.0,Card,Success,301.02,True
1661,401,2024-02-14,Delivered,Unknown,Small Business,2023-06-11,1277.0,43.0,4.0,Electronics,195.06,662.0,Card,Success,780.24,True
1661,401,2024-02-14,Delivered,Unknown,Small Business,2023-06-11,2297.0,82.0,2.0,Home,419.72,662.0,Card,Success,839.44,True
1662,198,2024-11-30,Cancelled,Italy,Small Business,2024-04-03,,,,,,,,,,False
1663,260,2024-01-20,Delivered,Spain,Corporate,2023-07-15,3029.0,81.0,4.0,Electronics,203.78,504.0,Card,Success,815.12,True
1663,260,2024-01-20,Delivered,Spain,Corporate,2023-07-15,3911.0,86.0,3.0,Sports,28.24,504.0,Card,Success,84.72,True
1664,148,2024-08-08,Cancelled,Spain,Small Business,2024-08-28,667.0,56.0,4.0,Clothing,263.65,1783.0,PayPal,Success,1054.6,False
1664,148,2024-08-08,Cancelled,Spain,Small Business,2024-08-28,1084.0,69.0,1.0,Sports,66.6,1783.0,PayPal,Success,66.6,False
1664,148,2024-08-08,Cancelled,Spain,Small Business,2024-08-28,1441.0,4.0,2.0,Sports,336.61,1783.0,PayPal,Success,673.22,False
1664,148,2024-08-08,Cancelled,Spain,Small Business,2024-08-28,2447.0,45.0,2.0,Clothing,39.66,1783.0,PayPal,Success,79.32,False
1664,148,2024-08-08,Cancelled,Spain,Small Business,2024-08-28,3017.0,37.0,4.0,Electronics,438.95,1783.0,PayPal,Success,1755.8,False
1664,148,2024-08-08,Cancelled,Spain,Small Business,2024-08-28,4433.0,21.0,3.0,Home,324.05,1783.0,PayPal,Success,972.1500000000001,False
1665,240,2024-05-02,Delivered,Italy,Small Business,2024-08-01,1661.0,53.0,3.0,Electronics,202.15,1581.0,PayPal,Success,606.45,True
1665,240,2024-05-02,Delivered,Italy,Small Business,2024-08-01,1661.0,53.0,3.0,Electronics,202.15,1599.0,PayPal,Success,606.45,True
1665,240,2024-05-02,Delivered,Italy,Small Business,2024-08-01,2517.0,1.0,4.0,Electronics,325.1,1581.0,PayPal,Success,1300.4,True
1665,240,2024-05-02,Delivered,Italy,Small Business,2024-08-01,2517.0,1.0,4.0,Electronics,325.1,1599.0,PayPal,Success,1300.4,True
1665,240,2024-05-02,Delivered,Italy,Small Business,2024-08-01,3448.0,23.0,1.0,Sports,185.53,1581.0,PayPal,Success,185.53,True
1665,240,2024-05-02,Delivered,Italy,Small Business,2024-08-01,3448.0,23.0,1.0,Sports,185.53,1599.0,PayPal,Success,185.53,True
1665,240,2024-05-02,Delivered,Italy,Small Business,2024-08-01,4137.0,27.0,3.0,Sports,267.48,1581.0,PayPal,Success,802.44,True
1665,240,2024-05-02,Delivered,Italy,Small Business,2024-08-01,4137.0,27.0,3.0,Sports,267.48,1599.0,PayPal,Success,802.44,True
1665,240,2024-05-02,Delivered,Italy,Small Business,2024-08-01,4223.0,65.0,3.0,Home,455.62,1581.0,PayPal,Success,1366.8600000000001,True
1665,240,2024-05-02,Delivered,Italy,Small Business,2024-08-01,4223.0,65.0,3.0,Home,455.62,1599.0,PayPal,Success,1366.8600000000001,True
1666,47,2024-08-21,Returned,Italy,Small Business,2023-08-27,1885.0,75.0,2.0,Electronics,442.68,964.0,Bank Transfer,Success,885.36,False
1666,47,2024-08-21,Returned,Italy,Small Business,2023-08-27,3956.0,85.0,4.0,Sports,64.57,964.0,Bank Transfer,Success,258.28,False
1666,47,2024-08-21,Returned,Italy,Small Business,2023-08-27,4124.0,54.0,3.0,Home,50.39,964.0,Bank Transfer,Success,151.17000000000002,False
1667,475,2024-08-08,Delivered,Spain,Small Business,2023-08-23,84.0,61.0,1.0,Clothing,427.15,1362.0,Bank Transfer,Success,427.15,True
1667,475,2024-08-08,Delivered,Spain,Small Business,2023-08-23,1140.0,44.0,3.0,Clothing,466.63,1362.0,Bank Transfer,Success,1399.8899999999999,True
1668,399,2024-11-18,Delivered,Italy,Small Business,2024-10-04,2840.0,52.0,2.0,Electronics,139.49,207.0,Bank Transfer,Success,278.98,True
1668,399,2024-11-18,Delivered,Italy,Small Business,2024-10-04,4067.0,2.0,3.0,Home,348.12,207.0,Bank Transfer,Success,1044.3600000000001,True
1668,399,2024-11-18,Delivered,Italy,Small Business,2024-10-04,4906.0,16.0,1.0,Home,398.69,207.0,Bank Transfer,Success,398.69,True
1669,198,2024-12-04,Delivered,Italy,Small Business,2024-04-03,3452.0,87.0,2.0,Home,195.12,1493.0,Bank Transfer,Success,390.24,True
1669,198,2024-12-04,Delivered,Italy,Small Business,2024-04-03,3995.0,35.0,3.0,Sports,262.48,1493.0,Bank Transfer,Success,787.44,True
1670,47,2024-01-03,Delivered,Italy,Small Business,2023-08-27,1313.0,94.0,4.0,Clothing,261.54,23.0,Bank Transfer,Success,1046.16,True
1670,47,2024-01-03,Delivered,Italy,Small Business,2023-08-27,2072.0,52.0,4.0,Electronics,139.49,23.0,Bank Transfer,Success,557.96,True
1670,47,2024-01-03,Delivered,Italy,Small Business,2023-08-27,3695.0,98.0,1.0,Electronics,260.05,23.0,Bank Transfer,Success,260.05,True
1670,47,2024-01-03,Delivered,Italy,Small Business,2023-08-27,4021.0,66.0,3.0,Clothing,27.32,23.0,Bank Transfer,Success,81.96000000000001,True
1671,78,2024-06-30,Delivered,Italy,Small Business,2024-05-22,1404.0,72.0,3.0,Sports,133.2,123.0,PayPal,Success,399.59999999999997,True
1671,78,2024-06-30,Delivered,Italy,Small Business,2024-05-22,2112.0,38.0,4.0,Clothing,211.67,123.0,PayPal,Success,846.68,True
1671,78,2024-06-30,Delivered,Italy,Small Business,2024-05-22,2559.0,45.0,3.0,Clothing,39.66,123.0,PayPal,Success,118.97999999999999,True
1672,124,2024-07-24,Delivered,Spain,Consumer,2023-10-04,745.0,26.0,1.0,Electronics,443.07,94.0,Card,Success,443.07,True
1672,124,2024-07-24,Delivered,Spain,Consumer,2023-10-04,2259.0,5.0,1.0,Home,26.86,94.0,Card,Success,26.86,True
1672,124,2024-07-24,Delivered,Spain,Consumer,2023-10-04,3209.0,37.0,4.0,Electronics,438.95,94.0,Card,Success,1755.8,True
1672,124,2024-07-24,Delivered,Spain,Consumer,2023-10-04,4570.0,29.0,4.0,Clothing,205.22,94.0,Card,Success,820.88,True
1673,75,2024-11-15,Delivered,France,Corporate,2023-01-03,471.0,21.0,4.0,Home,324.05,1210.0,Card,Success,1296.2,True
1673,75,2024-11-15,Delivered,France,Corporate,2023-01-03,625.0,37.0,4.0,Electronics,438.95,1210.0,Card,Success,1755.8,True
1673,75,2024-11-15,Delivered,France,Corporate,2023-01-03,2524.0,41.0,2.0,Home,5.12,1210.0,Card,Success,10.24,True
1673,75,2024-11-15,Delivered,France,Corporate,2023-01-03,4162.0,22.0,2.0,Home,326.83,1210.0,Card,Success,653.66,True
1673,75,2024-11-15,Delivered,France,Corporate,2023-01-03,4435.0,7.0,4.0,Electronics,499.68,1210.0,Card,Success,1998.72,True
1674,359,2024-02-09,Delivered,France,Corporate,2024-04-13,290.0,28.0,2.0,Electronics,223.31,372.0,PayPal,Success,446.62,True
1674,359,2024-02-09,Delivered,France,Corporate,2024-04-13,1137.0,100.0,4.0,Electronics,498.19,372.0,PayPal,Success,1992.76,True
1674,359,2024-02-09,Delivered,France,Corporate,2024-04-13,2529.0,69.0,3.0,Sports,66.6,372.0,PayPal,Success,199.79999999999998,True
1675,137,2024-02-28,Delivered,France,Small Business,2023-02-09,1119.0,37.0,3.0,Electronics,438.95,172.0,PayPal,Success,1316.85,True
1675,137,2024-02-28,Delivered,France,Small Business,2023-02-09,3481.0,61.0,2.0,Clothing,427.15,172.0,PayPal,Success,854.3,True
1676,90,2024-03-02,Delivered,Germany,Small Business,2024-04-18,1751.0,6.0,1.0,Clothing,296.19,547.0,Bank Transfer,Success,296.19,True
1676,90,2024-03-02,Delivered,Germany,Small Business,2024-04-18,2935.0,46.0,3.0,Electronics,9.7,547.0,Bank Transfer,Success,29.099999999999998,True
1676,90,2024-03-02,Delivered,Germany,Small Business,2024-04-18,3346.0,98.0,2.0,Electronics,260.05,547.0,Bank Transfer,Success,520.1,True
1676,90,2024-03-02,Delivered,Germany,Small Business,2024-04-18,3715.0,76.0,1.0,Electronics,302.4,547.0,Bank Transfer,Success,302.4,True
1676,90,2024-03-02,Delivered,Germany,Small Business,2024-04-18,4576.0,69.0,2.0,Sports,66.6,547.0,Bank Transfer,Success,133.2,True
1677,400,2024-05-11,Delivered,France,Consumer,2024-04-02,634.0,5.0,3.0,Home,26.86,1642.0,Bank Transfer,Success,80.58,True
1677,400,2024-05-11,Delivered,France,Consumer,2024-04-02,1981.0,81.0,4.0,Electronics,203.78,1642.0,Bank Transfer,Success,815.12,True
1677,400,2024-05-11,Delivered,France,Consumer,2024-04-02,2221.0,28.0,4.0,Electronics,223.31,1642.0,Bank Transfer,Success,893.24,True
1677,400,2024-05-11,Delivered,France,Consumer,2024-04-02,3251.0,99.0,4.0,Clothing,248.14,1642.0,Bank Transfer,Success,992.56,True
1678,325,2024-02-29,Delivered,Germany,Consumer,2024-10-22,729.0,79.0,1.0,Electronics,372.96,77.0,Bank Transfer,Success,372.96,True
1678,325,2024-02-29,Delivered,Germany,Consumer,2024-10-22,1559.0,51.0,3.0,Electronics,292.47,77.0,Bank Transfer,Success,877.4100000000001,True
1678,325,2024-02-29,Delivered,Germany,Consumer,2024-10-22,1585.0,61.0,4.0,Clothing,427.15,77.0,Bank Transfer,Success,1708.6,True
1678,325,2024-02-29,Delivered,Germany,Consumer,2024-10-22,2469.0,74.0,4.0,Home,491.25,77.0,Bank Transfer,Success,1965.0,True
1678,325,2024-02-29,Delivered,Germany,Consumer,2024-10-22,3038.0,66.0,3.0,Clothing,27.32,77.0,Bank Transfer,Success,81.96000000000001,True
1678,325,2024-02-29,Delivered,Germany,Consumer,2024-10-22,4094.0,77.0,1.0,Electronics,452.34,77.0,Bank Transfer,Success,452.34,True
1678,325,2024-02-29,Delivered,Germany,Consumer,2024-10-22,4346.0,14.0,3.0,Electronics,62.06,77.0,Bank Transfer,Success,186.18,True
1678,325,2024-02-29,Delivered,Germany,Consumer,2024-10-22,4577.0,8.0,2.0,Electronics,280.12,77.0,Bank Transfer,Success,560.24,True
1679,500,2024-11-26,Delivered,Italy,Consumer,2024-10-07,3708.0,43.0,1.0,Electronics,195.06,,,,195.06,False
1680,61,2024-05-01,Delivered,Spain,Corporate,2024-09-30,1426.0,7.0,1.0,Electronics,499.68,1810.0,Card,Success,499.68,True
1680,61,2024-05-01,Delivered,Spain,Corporate,2024-09-30,1794.0,44.0,4.0,Clothing,466.63,1810.0,Card,Success,1866.52,True
1680,61,2024-05-01,Delivered,Spain,Corporate,2024-09-30,3087.0,13.0,2.0,Sports,100.34,1810.0,Card,Success,200.68,True
1681,138,2024-04-16,Delivered,France,Consumer,2023-08-17,,,,,,572.0,Card,Failed,,False
1682,50,2024-04-05,Delivered,Germany,Corporate,2023-04-17,2460.0,70.0,3.0,Home,478.43,1188.0,Bank Transfer,Success,1435.29,True
1682,50,2024-04-05,Delivered,Germany,Corporate,2023-04-17,3869.0,33.0,2.0,Home,332.52,1188.0,Bank Transfer,Success,665.04,True
1682,50,2024-04-05,Delivered,Germany,Corporate,2023-04-17,4956.0,13.0,1.0,Sports,100.34,1188.0,Bank Transfer,Success,100.34,True
1683,259,2024-12-12,Cancelled,Italy,Small Business,2023-09-11,399.0,55.0,3.0,Sports,171.5,1090.0,PayPal,Success,514.5,False
1683,259,2024-12-12,Cancelled,Italy,Small Business,2023-09-11,637.0,87.0,2.0,Home,195.12,1090.0,PayPal,Success,390.24,False
1683,259,2024-12-12,Cancelled,Italy,Small Business,2023-09-11,4754.0,50.0,4.0,Electronics,242.49,1090.0,PayPal,Success,969.96,False
1684,461,2024-08-22,Delivered,Germany,Corporate,2023-06-07,4197.0,85.0,1.0,Sports,64.57,252.0,Bank Transfer,Success,64.57,True
1684,461,2024-08-22,Delivered,Germany,Corporate,2023-06-07,4491.0,74.0,1.0,Home,491.25,252.0,Bank Transfer,Success,491.25,True
1685,107,2024-03-02,Delivered,Germany,Corporate,2023-02-03,3511.0,4.0,3.0,Sports,336.61,593.0,Card,Success,1009.83,True
1686,113,2024-09-12,Delivered,Italy,Small Business,2024-09-04,1273.0,14.0,3.0,Electronics,62.06,155.0,PayPal,Success,186.18,True
1686,113,2024-09-12,Delivered,Italy,Small Business,2024-09-04,2500.0,28.0,1.0,Electronics,223.31,155.0,PayPal,Success,223.31,True
1686,113,2024-09-12,Delivered,Italy,Small Business,2024-09-04,2734.0,97.0,1.0,Sports,133.82,155.0,PayPal,Success,133.82,True
1686,113,2024-09-12,Delivered,Italy,Small Business,2024-09-04,4900.0,28.0,4.0,Electronics,223.31,155.0,PayPal,Success,893.24,True
1687,350,2024-02-18,Delivered,Spain,Small Business,2023-06-29,891.0,98.0,4.0,Electronics,260.05,755.0,Bank Transfer,Success,1040.2,True
1687,350,2024-02-18,Delivered,Spain,Small Business,2023-06-29,2247.0,100.0,1.0,Electronics,498.19,755.0,Bank Transfer,Success,498.19,True
1687,350,2024-02-18,Delivered,Spain,Small Business,2023-06-29,4479.0,47.0,2.0,Electronics,31.08,755.0,Bank Transfer,Success,62.16,True
1688,254,2024-12-13,Delivered,France,Consumer,2024-07-03,2505.0,47.0,3.0,Electronics,31.08,1371.0,Bank Transfer,Success,93.24,True
1688,254,2024-12-13,Delivered,France,Consumer,2024-07-03,4783.0,87.0,4.0,Home,195.12,1371.0,Bank Transfer,Success,780.48,True
1689,118,2024-06-07,Delivered,Germany,Small Business,2024-03-18,,,,,,1762.0,PayPal,Success,,True
1690,493,2024-05-03,Delivered,France,Small Business,2024-01-13,1091.0,56.0,4.0,Clothing,263.65,1314.0,Card,Success,1054.6,True
1690,493,2024-05-03,Delivered,France,Small Business,2024-01-13,3562.0,84.0,4.0,Clothing,416.17,1314.0,Card,Success,1664.68,True
1691,198,2024-11-12,Delivered,Italy,Small Business,2024-04-03,337.0,9.0,4.0,Home,239.24,134.0,Card,Success,956.96,True
1691,198,2024-11-12,Delivered,Italy,Small Business,2024-04-03,1038.0,31.0,3.0,Home,402.97,134.0,Card,Success,1208.91,True
1691,198,2024-11-12,Delivered,Italy,Small Business,2024-04-03,3820.0,7.0,3.0,Electronics,499.68,134.0,Card,Success,1499.04,True
1691,198,2024-11-12,Delivered,Italy,Small Business,2024-04-03,4168.0,60.0,2.0,Home,152.02,134.0,Card,Success,304.04,True
1691,198,2024-11-12,Delivered,Italy,Small Business,2024-04-03,4859.0,97.0,2.0,Sports,133.82,134.0,Card,Success,267.64,True
1692,337,2024-07-25,Delivered,France,Corporate,2024-08-24,328.0,1.0,4.0,Electronics,325.1,217.0,Card,Success,1300.4,True
1692,337,2024-07-25,Delivered,France,Corporate,2024-08-24,1233.0,9.0,1.0,Home,239.24,217.0,Card,Success,239.24,True
1693,365,2024-02-17,Delivered,Spain,Corporate,2024-09-21,1063.0,15.0,4.0,Home,213.77,440.0,Bank Transfer,Success,855.08,True
1693,365,2024-02-17,Delivered,Spain,Corporate,2024-09-21,3932.0,87.0,3.0,Home,195.12,440.0,Bank Transfer,Success,585.36,True
1693,365,2024-02-17,Delivered,Spain,Corporate,2024-09-21,4785.0,81.0,1.0,Electronics,203.78,440.0,Bank Transfer,Success,203.78,True
1694,51,2024-05-15,Delivered,Spain,Small Business,2023-02-17,1094.0,50.0,2.0,Electronics,242.49,408.0,PayPal,Success,484.98,True
1694,51,2024-05-15,Delivered,Spain,Small Business,2023-02-17,4257.0,11.0,2.0,Home,64.66,408.0,PayPal,Success,129.32,True
1695,245,2024-07-19,Delivered,Spain,Small Business,2024-05-14,578.0,13.0,4.0,Sports,100.34,643.0,Bank Transfer,Success,401.36,True
1695,245,2024-07-19,Delivered,Spain,Small Business,2024-05-14,912.0,34.0,4.0,Home,370.24,643.0,Bank Transfer,Success,1480.96,True
1695,245,2024-07-19,Delivered,Spain,Small Business,2024-05-14,1724.0,79.0,2.0,Electronics,372.96,643.0,Bank Transfer,Success,745.92,True
1696,403,2024-09-06,Returned,Spain,Corporate,2023-03-28,158.0,44.0,4.0,Clothing,466.63,347.0,Bank Transfer,Success,1866.52,False
1697,426,2024-11-09,Delivered,France,Consumer,2023-04-30,,,,,,1385.0,Card,Success,,True
1698,35,2024-12-22,Delivered,Germany,Small Business,2024-10-06,,,,,,,,,,False
1699,302,2024-11-13,Returned,France,Small Business,2024-04-04,879.0,38.0,2.0,Clothing,211.67,1604.0,PayPal,Success,423.34,False
1699,302,2024-11-13,Returned,France,Small Business,2024-04-04,1108.0,16.0,4.0,Home,398.69,1604.0,PayPal,Success,1594.76,False
1699,302,2024-11-13,Returned,France,Small Business,2024-04-04,3289.0,88.0,4.0,Sports,23.18,1604.0,PayPal,Success,92.72,False
1699,302,2024-11-13,Returned,France,Small Business,2024-04-04,4898.0,83.0,1.0,Sports,119.13,1604.0,PayPal,Success,119.13,False
1700,410,2024-10-21,Delivered,Unknown,Consumer,2023-11-09,963.0,36.0,4.0,Home,216.27,487.0,PayPal,Success,865.08,True
1700,410,2024-10-21,Delivered,Unknown,Consumer,2023-11-09,4821.0,96.0,3.0,Clothing,264.89,487.0,PayPal,Success,794.67,True
1701,499,2024-11-09,Delivered,France,Corporate,2023-10-14,1355.0,39.0,4.0,Home,233.66,780.0,Card,Success,934.64,True
1701,499,2024-11-09,Delivered,France,Corporate,2023-10-14,3921.0,54.0,2.0,Home,50.39,780.0,Card,Success,100.78,True
1702,69,2024-07-27,Delivered,Italy,Small Business,2023-12-31,2160.0,49.0,1.0,Sports,23.61,1775.0,Bank Transfer,Success,23.61,True
1702,69,2024-07-27,Delivered,Italy,Small Business,2023-12-31,4149.0,86.0,3.0,Sports,28.24,1775.0,Bank Transfer,Success,84.72,True
1702,69,2024-07-27,Delivered,Italy,Small Business,2023-12-31,4444.0,73.0,3.0,Home,296.33,1775.0,Bank Transfer,Success,888.99,True
1703,349,2024-12-20,Cancelled,Italy,Small Business,2023-01-25,937.0,64.0,2.0,Sports,142.25,9.0,Bank Transfer,Success,284.5,False
1704,320,2024-07-29,Delivered,Germany,Small Business,2024-02-24,94.0,91.0,3.0,Electronics,401.38,1947.0,Bank Transfer,Failed,1204.1399999999999,False
1704,320,2024-07-29,Delivered,Germany,Small Business,2024-02-24,1538.0,23.0,1.0,Sports,185.53,1947.0,Bank Transfer,Failed,185.53,False
1704,320,2024-07-29,Delivered,Germany,Small Business,2024-02-24,3098.0,32.0,1.0,Sports,271.51,1947.0,Bank Transfer,Failed,271.51,False
1705,421,2024-07-10,Delivered,Germany,Consumer,2024-02-22,,,,,,818.0,Bank Transfer,Success,,True
1706,468,2024-02-13,Delivered,France,Small Business,2024-06-04,1830.0,22.0,1.0,Home,326.83,1752.0,Bank Transfer,Success,326.83,True
1707,49,2024-01-29,Returned,Germany,Corporate,2023-12-16,2276.0,56.0,1.0,Clothing,263.65,1091.0,Bank Transfer,Failed,263.65,False
1707,49,2024-01-29,Returned,Germany,Corporate,2023-12-16,3662.0,100.0,4.0,Electronics,498.19,1091.0,Bank Transfer,Failed,1992.76,False
1708,405,2024-02-28,Delivered,Italy,Consumer,2024-04-20,2702.0,89.0,4.0,Home,478.85,108.0,Bank Transfer,Failed,1915.4,False
1709,74,2024-03-11,Delivered,Germany,Small Business,2023-01-07,616.0,57.0,4.0,Electronics,367.47,136.0,PayPal,Success,1469.88,True
1709,74,2024-03-11,Delivered,Germany,Small Business,2023-01-07,3410.0,88.0,2.0,Sports,23.18,136.0,PayPal,Success,46.36,True
1709,74,2024-03-11,Delivered,Germany,Small Business,2023-01-07,3606.0,3.0,4.0,Electronics,30.54,136.0,PayPal,Success,122.16,True
1710,192,2024-04-01,Cancelled,Spain,Consumer,2023-04-05,890.0,15.0,2.0,Home,213.77,1193.0,Bank Transfer,Success,427.54,False
1710,192,2024-04-01,Cancelled,Spain,Consumer,2023-04-05,3970.0,55.0,2.0,Sports,171.5,1193.0,Bank Transfer,Success,343.0,False
1710,192,2024-04-01,Cancelled,Spain,Consumer,2023-04-05,4762.0,78.0,3.0,Clothing,494.65,1193.0,Bank Transfer,Success,1483.9499999999998,False
1710,192,2024-04-01,Cancelled,Spain,Consumer,2023-04-05,4994.0,24.0,4.0,Clothing,282.54,1193.0,Bank Transfer,Success,1130.16,False
1711,261,2024-09-21,Delivered,France,Consumer,2024-08-20,365.0,27.0,4.0,Sports,267.48,1530.0,PayPal,Success,1069.92,True
1711,261,2024-09-21,Delivered,France,Consumer,2024-08-20,1320.0,41.0,2.0,Home,5.12,1530.0,PayPal,Success,10.24,True
1711,261,2024-09-21,Delivered,France,Consumer,2024-08-20,1719.0,21.0,4.0,Home,324.05,1530.0,PayPal,Success,1296.2,True
1712,356,2024-08-07,Delivered,Spain,Small Business,2024-10-23,2405.0,9.0,4.0,Home,239.24,494.0,PayPal,Success,956.96,True
1712,356,2024-08-07,Delivered,Spain,Small Business,2024-10-23,2780.0,82.0,1.0,Home,419.72,494.0,PayPal,Success,419.72,True
1712,356,2024-08-07,Delivered,Spain,Small Business,2024-10-23,2814.0,81.0,4.0,Electronics,203.78,494.0,PayPal,Success,815.12,True
1712,356,2024-08-07,Delivered,Spain,Small Business,2024-10-23,3166.0,92.0,4.0,Home,316.74,494.0,PayPal,Success,1266.96,True
1712,356,2024-08-07,Delivered,Spain,Small Business,2024-10-23,3848.0,66.0,3.0,Clothing,27.32,494.0,PayPal,Success,81.96000000000001,True
1713,70,2024-08-02,Delivered,Germany,Consumer,2024-10-27,293.0,3.0,1.0,Electronics,30.54,1532.0,PayPal,Success,30.54,True
1714,90,2024-10-03,Delivered,Germany,Small Business,2024-04-18,4874.0,21.0,4.0,Home,324.05,,,,1296.2,False
1715,260,2024-03-04,Cancelled,Spain,Corporate,2023-07-15,4277.0,47.0,2.0,Electronics,31.08,52.0,Card,Failed,62.16,False
1715,260,2024-03-04,Cancelled,Spain,Corporate,2023-07-15,4541.0,72.0,2.0,Sports,133.2,52.0,Card,Failed,266.4,False
1715,260,2024-03-04,Cancelled,Spain,Corporate,2023-07-15,4550.0,98.0,1.0,Electronics,260.05,52.0,Card,Failed,260.05,False
1716,126,2024-12-11,Delivered,Italy,Corporate,2024-05-17,301.0,15.0,3.0,Home,213.77,308.0,Bank Transfer,Success,641.3100000000001,True
1716,126,2024-12-11,Delivered,Italy,Corporate,2024-05-17,1398.0,100.0,1.0,Electronics,498.19,308.0,Bank Transfer,Success,498.19,True
1717,231,2024-10-18,Cancelled,Germany,Small Business,2024-10-26,533.0,45.0,2.0,Clothing,39.66,1760.0,Card,Success,79.32,False
1717,231,2024-10-18,Cancelled,Germany,Small Business,2024-10-26,4923.0,6.0,3.0,Clothing,296.19,1760.0,Card,Success,888.5699999999999,False
1718,295,2024-09-01,Delivered,Germany,Consumer,2023-08-06,278.0,84.0,1.0,Clothing,416.17,483.0,Card,Success,416.17,True
1718,295,2024-09-01,Delivered,Germany,Consumer,2023-08-06,1597.0,23.0,1.0,Sports,185.53,483.0,Card,Success,185.53,True
1719,498,2024-03-02,Delivered,Italy,Consumer,2023-01-27,702.0,4.0,4.0,Sports,336.61,976.0,Bank Transfer,Success,1346.44,True
1719,498,2024-03-02,Delivered,Italy,Consumer,2023-01-27,2278.0,9.0,4.0,Home,239.24,976.0,Bank Transfer,Success,956.96,True
1719,498,2024-03-02,Delivered,Italy,Consumer,2023-01-27,3018.0,16.0,2.0,Home,398.69,976.0,Bank Transfer,Success,797.38,True
1719,498,2024-03-02,Delivered,Italy,Consumer,2023-01-27,4703.0,28.0,1.0,Electronics,223.31,976.0,Bank Transfer,Success,223.31,True
1720,419,2024-11-27,Returned,Italy,Corporate,2024-08-26,975.0,93.0,1.0,Electronics,112.08,,,,112.08,False
1721,129,2024-06-18,Delivered,Italy,Consumer,2023-12-16,4679.0,88.0,3.0,Sports,23.18,694.0,Card,Success,69.53999999999999,True
1721,129,2024-06-18,Delivered,Italy,Consumer,2023-12-16,4752.0,48.0,4.0,Electronics,48.83,694.0,Card,Success,195.32,True
1722,280,2024-09-25,Delivered,Germany,Corporate,2023-04-05,136.0,85.0,3.0,Sports,64.57,1120.0,Card,Success,193.70999999999998,True
1722,280,2024-09-25,Delivered,Germany,Corporate,2023-04-05,1787.0,42.0,3.0,Clothing,96.81,1120.0,Card,Success,290.43,True
1722,280,2024-09-25,Delivered,Germany,Corporate,2023-04-05,4609.0,57.0,2.0,Electronics,367.47,1120.0,Card,Success,734.94,True
1723,313,2024-09-23,Delivered,Italy,Corporate,2023-10-23,3604.0,87.0,1.0,Home,195.12,1022.0,PayPal,Success,195.12,True
1724,100,2024-02-23,Cancelled,France,Consumer,2023-08-21,2238.0,30.0,2.0,Sports,288.35,163.0,PayPal,Success,576.7,False
1724,100,2024-02-23,Cancelled,France,Consumer,2023-08-21,2272.0,76.0,2.0,Electronics,302.4,163.0,PayPal,Success,604.8,False
1724,100,2024-02-23,Cancelled,France,Consumer,2023-08-21,2306.0,23.0,3.0,Sports,185.53,163.0,PayPal,Success,556.59,False
1725,326,2024-01-16,Delivered,Germany,Consumer,2024-03-06,598.0,4.0,1.0,Sports,336.61,864.0,PayPal,Success,336.61,True
1725,326,2024-01-16,Delivered,Germany,Consumer,2024-03-06,1581.0,87.0,1.0,Home,195.12,864.0,PayPal,Success,195.12,True
1726,297,2024-01-08,Delivered,Germany,Corporate,2024-09-07,50.0,18.0,4.0,Home,32.17,1009.0,PayPal,Success,128.68,True
1726,297,2024-01-08,Delivered,Germany,Corporate,2024-09-07,105.0,67.0,4.0,Clothing,59.19,1009.0,PayPal,Success,236.76,True
1726,297,2024-01-08,Delivered,Germany,Corporate,2024-09-07,117.0,81.0,3.0,Electronics,203.78,1009.0,PayPal,Success,611.34,True
1726,297,2024-01-08,Delivered,Germany,Corporate,2024-09-07,2370.0,42.0,3.0,Clothing,96.81,1009.0,PayPal,Success,290.43,True
1726,297,2024-01-08,Delivered,Germany,Corporate,2024-09-07,3283.0,47.0,3.0,Electronics,31.08,1009.0,PayPal,Success,93.24,True
1726,297,2024-01-08,Delivered,Germany,Corporate,2024-09-07,3922.0,74.0,3.0,Home,491.25,1009.0,PayPal,Success,1473.75,True
1726,297,2024-01-08,Delivered,Germany,Corporate,2024-09-07,4312.0,56.0,3.0,Clothing,263.65,1009.0,PayPal,Success,790.9499999999999,True
1726,297,2024-01-08,Delivered,Germany,Corporate,2024-09-07,4442.0,32.0,2.0,Sports,271.51,1009.0,PayPal,Success,543.02,True
1726,297,2024-01-08,Delivered,Germany,Corporate,2024-09-07,4626.0,71.0,1.0,Electronics,400.0,1009.0,PayPal,Success,400.0,True
1726,297,2024-01-08,Delivered,Germany,Corporate,2024-09-07,4811.0,76.0,4.0,Electronics,302.4,1009.0,PayPal,Success,1209.6,True
1727,182,2024-04-13,Delivered,Spain,Small Business,2023-06-17,,,,,,203.0,Bank Transfer,Success,,True
1728,174,2024-02-28,Delivered,Italy,Consumer,2023-09-16,1502.0,29.0,2.0,Clothing,205.22,510.0,PayPal,Success,410.44,True
1728,174,2024-02-28,Delivered,Italy,Consumer,2023-09-16,4548.0,32.0,3.0,Sports,271.51,510.0,PayPal,Success,814.53,True
1729,316,2024-11-08,Delivered,Italy,Small Business,2024-09-04,747.0,9.0,3.0,Home,239.24,1488.0,PayPal,Success,717.72,True
1729,316,2024-11-08,Delivered,Italy,Small Business,2024-09-04,1168.0,6.0,4.0,Clothing,296.19,1488.0,PayPal,Success,1184.76,True
1730,364,2024-02-09,Delivered,Germany,Corporate,2023-05-28,347.0,93.0,3.0,Electronics,112.08,31.0,Card,Success,336.24,True
1730,364,2024-02-09,Delivered,Germany,Corporate,2023-05-28,347.0,93.0,3.0,Electronics,112.08,53.0,Bank Transfer,Success,336.24,True
1730,364,2024-02-09,Delivered,Germany,Corporate,2023-05-28,985.0,37.0,3.0,Electronics,438.95,31.0,Card,Success,1316.85,True
1730,364,2024-02-09,Delivered,Germany,Corporate,2023-05-28,985.0,37.0,3.0,Electronics,438.95,53.0,Bank Transfer,Success,1316.85,True
1730,364,2024-02-09,Delivered,Germany,Corporate,2023-05-28,2110.0,17.0,2.0,Sports,373.81,31.0,Card,Success,747.62,True
1730,364,2024-02-09,Delivered,Germany,Corporate,2023-05-28,2110.0,17.0,2.0,Sports,373.81,53.0,Bank Transfer,Success,747.62,True
1730,364,2024-02-09,Delivered,Germany,Corporate,2023-05-28,2179.0,3.0,2.0,Electronics,30.54,31.0,Card,Success,61.08,True
1730,364,2024-02-09,Delivered,Germany,Corporate,2023-05-28,2179.0,3.0,2.0,Electronics,30.54,53.0,Bank Transfer,Success,61.08,True
1730,364,2024-02-09,Delivered,Germany,Corporate,2023-05-28,2823.0,35.0,2.0,Sports,262.48,31.0,Card,Success,524.96,True
1730,364,2024-02-09,Delivered,Germany,Corporate,2023-05-28,2823.0,35.0,2.0,Sports,262.48,53.0,Bank Transfer,Success,524.96,True
1730,364,2024-02-09,Delivered,Germany,Corporate,2023-05-28,3873.0,58.0,1.0,Home,6.66,31.0,Card,Success,6.66,True
1730,364,2024-02-09,Delivered,Germany,Corporate,2023-05-28,3873.0,58.0,1.0,Home,6.66,53.0,Bank Transfer,Success,6.66,True
1731,188,2024-08-24,Delivered,Spain,Corporate,2023-11-25,,,,,,275.0,Card,Success,,True
1732,57,2024-04-03,Delivered,Italy,Small Business,2024-09-16,282.0,92.0,3.0,Home,316.74,165.0,PayPal,Success,950.22,True
1732,57,2024-04-03,Delivered,Italy,Small Business,2024-09-16,1688.0,15.0,2.0,Home,213.77,165.0,PayPal,Success,427.54,True
1733,31,2024-08-09,Delivered,France,Consumer,2024-11-12,1394.0,86.0,3.0,Sports,28.24,1657.0,PayPal,Success,84.72,True
1733,31,2024-08-09,Delivered,France,Consumer,2024-11-12,2886.0,2.0,4.0,Home,348.12,1657.0,PayPal,Success,1392.48,True
1733,31,2024-08-09,Delivered,France,Consumer,2024-11-12,3326.0,31.0,3.0,Home,402.97,1657.0,PayPal,Success,1208.91,True
1733,31,2024-08-09,Delivered,France,Consumer,2024-11-12,3815.0,10.0,4.0,Sports,159.86,1657.0,PayPal,Success,639.44,True
1733,31,2024-08-09,Delivered,France,Consumer,2024-11-12,4029.0,19.0,4.0,Clothing,230.3,1657.0,PayPal,Success,921.2,True
1734,84,2024-07-22,Returned,Italy,Corporate,2024-04-29,251.0,27.0,1.0,Sports,267.48,668.0,Card,Success,267.48,False
1734,84,2024-07-22,Returned,Italy,Corporate,2024-04-29,251.0,27.0,1.0,Sports,267.48,1436.0,PayPal,Success,267.48,False
1734,84,2024-07-22,Returned,Italy,Corporate,2024-04-29,577.0,36.0,2.0,Home,216.27,668.0,Card,Success,432.54,False
1734,84,2024-07-22,Returned,Italy,Corporate,2024-04-29,577.0,36.0,2.0,Home,216.27,1436.0,PayPal,Success,432.54,False
1734,84,2024-07-22,Returned,Italy,Corporate,2024-04-29,1710.0,55.0,4.0,Sports,171.5,668.0,Card,Success,686.0,False
1734,84,2024-07-22,Returned,Italy,Corporate,2024-04-29,1710.0,55.0,4.0,Sports,171.5,1436.0,PayPal,Success,686.0,False
1734,84,2024-07-22,Returned,Italy,Corporate,2024-04-29,2682.0,64.0,2.0,Sports,142.25,668.0,Card,Success,284.5,False
1734,84,2024-07-22,Returned,Italy,Corporate,2024-04-29,2682.0,64.0,2.0,Sports,142.25,1436.0,PayPal,Success,284.5,False
1734,84,2024-07-22,Returned,Italy,Corporate,2024-04-29,3412.0,48.0,4.0,Electronics,48.83,668.0,Card,Success,195.32,False
1734,84,2024-07-22,Returned,Italy,Corporate,2024-04-29,3412.0,48.0,4.0,Electronics,48.83,1436.0,PayPal,Success,195.32,False
1735,152,2024-05-17,Delivered,Spain,Corporate,2023-07-13,335.0,9.0,3.0,Home,239.24,1051.0,PayPal,Success,717.72,True
1735,152,2024-05-17,Delivered,Spain,Corporate,2023-07-13,1783.0,59.0,1.0,Home,236.32,1051.0,PayPal,Success,236.32,True
1735,152,2024-05-17,Delivered,Spain,Corporate,2023-07-13,3887.0,13.0,3.0,Sports,100.34,1051.0,PayPal,Success,301.02,True
1736,473,2024-10-26,Returned,Spain,Small Business,2023-07-20,,,,,,1484.0,PayPal,Success,,False
1737,36,2024-07-25,Delivered,France,Corporate,2023-08-21,14.0,66.0,1.0,Clothing,27.32,1716.0,Bank Transfer,Success,27.32,True
1737,36,2024-07-25,Delivered,France,Corporate,2023-08-21,4369.0,57.0,2.0,Electronics,367.47,1716.0,Bank Transfer,Success,734.94,True
1738,213,2024-12-01,Delivered,France,Small Business,2023-03-19,,,,,,1832.0,PayPal,Success,,True
1739,414,2024-03-21,Cancelled,France,Small Business,2023-08-27,1416.0,50.0,1.0,Electronics,242.49,461.0,PayPal,Success,242.49,False
1739,414,2024-03-21,Cancelled,France,Small Business,2023-08-27,3967.0,79.0,2.0,Electronics,372.96,461.0,PayPal,Success,745.92,False
1739,414,2024-03-21,Cancelled,France,Small Business,2023-08-27,4041.0,30.0,2.0,Sports,288.35,461.0,PayPal,Success,576.7,False
1739,414,2024-03-21,Cancelled,France,Small Business,2023-08-27,4446.0,64.0,3.0,Sports,142.25,461.0,PayPal,Success,426.75,False
1740,408,2024-08-05,Delivered,Italy,Small Business,2023-12-15,4302.0,48.0,3.0,Electronics,48.83,691.0,Bank Transfer,Success,146.49,True
1741,364,2024-01-02,Delivered,Germany,Corporate,2023-05-28,2798.0,95.0,1.0,Sports,300.65,639.0,Bank Transfer,Success,300.65,True
1741,364,2024-01-02,Delivered,Germany,Corporate,2023-05-28,4480.0,66.0,2.0,Clothing,27.32,639.0,Bank Transfer,Success,54.64,True
1742,106,2024-06-26,Returned,Germany,Corporate,2024-04-14,40.0,18.0,2.0,Home,32.17,85.0,Bank Transfer,Success,64.34,False
1742,106,2024-06-26,Returned,Germany,Corporate,2024-04-14,334.0,48.0,1.0,Electronics,48.83,85.0,Bank Transfer,Success,48.83,False
1742,106,2024-06-26,Returned,Germany,Corporate,2024-04-14,806.0,30.0,3.0,Sports,288.35,85.0,Bank Transfer,Success,865.0500000000001,False
1742,106,2024-06-26,Returned,Germany,Corporate,2024-04-14,955.0,19.0,4.0,Clothing,230.3,85.0,Bank Transfer,Success,921.2,False
1742,106,2024-06-26,Returned,Germany,Corporate,2024-04-14,1572.0,58.0,1.0,Home,6.66,85.0,Bank Transfer,Success,6.66,False
1743,414,2024-12-11,Delivered,France,Small Business,2023-08-27,2218.0,10.0,4.0,Sports,159.86,1380.0,Card,Success,639.44,True
1743,414,2024-12-11,Delivered,France,Small Business,2023-08-27,3358.0,50.0,4.0,Electronics,242.49,1380.0,Card,Success,969.96,True
1744,342,2024-10-05,Delivered,Italy,Small Business,2024-02-22,2624.0,70.0,1.0,Home,478.43,1082.0,Card,Success,478.43,True
1745,220,2024-05-25,Delivered,Spain,Consumer,2024-02-06,2666.0,19.0,4.0,Clothing,230.3,1253.0,PayPal,Success,921.2,True
1745,220,2024-05-25,Delivered,Spain,Consumer,2024-02-06,4448.0,40.0,3.0,Electronics,495.22,1253.0,PayPal,Success,1485.66,True
1745,220,2024-05-25,Delivered,Spain,Consumer,2024-02-06,4867.0,88.0,4.0,Sports,23.18,1253.0,PayPal,Success,92.72,True
1746,391,2024-11-13,Delivered,Spain,Small Business,2024-05-16,69.0,95.0,3.0,Sports,300.65,1417.0,Bank Transfer,Success,901.9499999999999,True
1746,391,2024-11-13,Delivered,Spain,Small Business,2024-05-16,2703.0,92.0,2.0,Home,316.74,1417.0,Bank Transfer,Success,633.48,True
1746,391,2024-11-13,Delivered,Spain,Small Business,2024-05-16,3108.0,50.0,1.0,Electronics,242.49,1417.0,Bank Transfer,Success,242.49,True
1747,163,2024-08-11,Delivered,Italy,Consumer,2024-06-15,9.0,44.0,2.0,Clothing,466.63,1381.0,Bank Transfer,Success,933.26,True
1747,163,2024-08-11,Delivered,Italy,Consumer,2024-06-15,1421.0,46.0,4.0,Electronics,9.7,1381.0,Bank Transfer,Success,38.8,True
1747,163,2024-08-11,Delivered,Italy,Consumer,2024-06-15,2503.0,65.0,4.0,Home,455.62,1381.0,Bank Transfer,Success,1822.48,True
1748,439,2024-03-02,Delivered,Spain,Consumer,2024-09-15,3226.0,43.0,1.0,Electronics,195.06,1087.0,Bank Transfer,Failed,195.06,False
1749,220,2024-10-20,Delivered,Spain,Consumer,2024-02-06,192.0,13.0,4.0,Sports,100.34,1697.0,Bank Transfer,Success,401.36,True
1749,220,2024-10-20,Delivered,Spain,Consumer,2024-02-06,3704.0,81.0,2.0,Electronics,203.78,1697.0,Bank Transfer,Success,407.56,True
1750,270,2024-08-26,Delivered,Spain,Corporate,2023-01-15,361.0,1.0,2.0,Electronics,325.1,508.0,Bank Transfer,Success,650.2,True
1750,270,2024-08-26,Delivered,Spain,Corporate,2023-01-15,427.0,86.0,2.0,Sports,28.24,508.0,Bank Transfer,Success,56.48,True
1750,270,2024-08-26,Delivered,Spain,Corporate,2023-01-15,1964.0,26.0,3.0,Electronics,443.07,508.0,Bank Transfer,Success,1329.21,True
1750,270,2024-08-26,Delivered,Spain,Corporate,2023-01-15,3058.0,96.0,4.0,Clothing,264.89,508.0,Bank Transfer,Success,1059.56,True
1750,270,2024-08-26,Delivered,Spain,Corporate,2023-01-15,3809.0,66.0,1.0,Clothing,27.32,508.0,Bank Transfer,Success,27.32,True
1751,120,2024-07-13,Delivered,France,Corporate,2024-01-12,147.0,13.0,2.0,Sports,100.34,1859.0,PayPal,Success,200.68,True
1751,120,2024-07-13,Delivered,France,Corporate,2024-01-12,1206.0,52.0,4.0,Electronics,139.49,1859.0,PayPal,Success,557.96,True
1752,394,2024-06-14,Delivered,Unknown,Small Business,2023-08-10,392.0,18.0,2.0,Home,32.17,1272.0,Bank Transfer,Success,64.34,True
1752,394,2024-06-14,Delivered,Unknown,Small Business,2023-08-10,3870.0,14.0,1.0,Electronics,62.06,1272.0,Bank Transfer,Success,62.06,True
1753,336,2024-08-09,Delivered,Italy,Consumer,2024-06-20,,,,,,1853.0,Bank Transfer,Success,,True
1754,400,2024-03-01,Delivered,France,Consumer,2024-04-02,1336.0,64.0,3.0,Sports,142.25,142.0,Bank Transfer,Success,426.75,True
1754,400,2024-03-01,Delivered,France,Consumer,2024-04-02,2320.0,14.0,3.0,Electronics,62.06,142.0,Bank Transfer,Success,186.18,True
1754,400,2024-03-01,Delivered,France,Consumer,2024-04-02,2677.0,72.0,3.0,Sports,133.2,142.0,Bank Transfer,Success,399.59999999999997,True
1755,182,2024-05-08,Delivered,Spain,Small Business,2023-06-17,261.0,88.0,3.0,Sports,23.18,1964.0,Card,Success,69.53999999999999,True
1755,182,2024-05-08,Delivered,Spain,Small Business,2023-06-17,553.0,73.0,1.0,Home,296.33,1964.0,Card,Success,296.33,True
1756,479,2024-06-21,Delivered,France,Corporate,2024-03-17,783.0,88.0,4.0,Sports,23.18,1491.0,Bank Transfer,Success,92.72,True
1756,479,2024-06-21,Delivered,France,Corporate,2024-03-17,1998.0,90.0,3.0,Electronics,413.97,1491.0,Bank Transfer,Success,1241.91,True
1756,479,2024-06-21,Delivered,France,Corporate,2024-03-17,3748.0,59.0,2.0,Home,236.32,1491.0,Bank Transfer,Success,472.64,True
1757,106,2024-06-04,Delivered,Germany,Corporate,2024-04-14,653.0,50.0,3.0,Electronics,242.49,1830.0,Bank Transfer,Success,727.47,True
1757,106,2024-06-04,Delivered,Germany,Corporate,2024-04-14,1079.0,55.0,4.0,Sports,171.5,1830.0,Bank Transfer,Success,686.0,True
1757,106,2024-06-04,Delivered,Germany,Corporate,2024-04-14,2399.0,69.0,4.0,Sports,66.6,1830.0,Bank Transfer,Success,266.4,True
1758,217,2024-04-19,Delivered,Italy,Small Business,2024-08-23,1400.0,15.0,3.0,Home,213.77,1227.0,PayPal,Success,641.3100000000001,True
1758,217,2024-04-19,Delivered,Italy,Small Business,2024-08-23,2261.0,16.0,2.0,Home,398.69,1227.0,PayPal,Success,797.38,True
1758,217,2024-04-19,Delivered,Italy,Small Business,2024-08-23,3630.0,43.0,4.0,Electronics,195.06,1227.0,PayPal,Success,780.24,True
1759,205,2024-09-25,Cancelled,Italy,Consumer,2024-07-25,298.0,4.0,1.0,Sports,336.61,1641.0,Card,Success,336.61,False
1759,205,2024-09-25,Cancelled,Italy,Consumer,2024-07-25,558.0,7.0,3.0,Electronics,499.68,1641.0,Card,Success,1499.04,False
1759,205,2024-09-25,Cancelled,Italy,Consumer,2024-07-25,1595.0,10.0,1.0,Sports,159.86,1641.0,Card,Success,159.86,False
1759,205,2024-09-25,Cancelled,Italy,Consumer,2024-07-25,2911.0,7.0,2.0,Electronics,499.68,1641.0,Card,Success,999.36,False
1759,205,2024-09-25,Cancelled,Italy,Consumer,2024-07-25,4500.0,27.0,3.0,Sports,267.48,1641.0,Card,Success,802.44,False
1760,70,2024-12-21,Delivered,Germany,Consumer,2024-10-27,2176.0,15.0,3.0,Home,213.77,1425.0,Card,Success,641.3100000000001,True
1760,70,2024-12-21,Delivered,Germany,Consumer,2024-10-27,2978.0,11.0,1.0,Home,64.66,1425.0,Card,Success,64.66,True
1760,70,2024-12-21,Delivered,Germany,Consumer,2024-10-27,3480.0,26.0,3.0,Electronics,443.07,1425.0,Card,Success,1329.21,True
1760,70,2024-12-21,Delivered,Germany,Consumer,2024-10-27,4176.0,2.0,4.0,Home,348.12,1425.0,Card,Success,1392.48,True
1761,44,2024-10-04,Delivered,Italy,Corporate,2023-02-16,1866.0,52.0,1.0,Electronics,139.49,1711.0,Card,Success,139.49,True
1761,44,2024-10-04,Delivered,Italy,Corporate,2023-02-16,4079.0,12.0,3.0,Sports,366.86,1711.0,Card,Success,1100.58,True
1762,329,2024-03-14,Delivered,Italy,Consumer,2023-07-21,3497.0,60.0,3.0,Home,152.02,498.0,PayPal,Success,456.06000000000006,True
1763,301,2024-07-25,Delivered,France,Corporate,2024-11-13,720.0,94.0,2.0,Clothing,261.54,46.0,Card,Success,523.08,True
1763,301,2024-07-25,Delivered,France,Corporate,2024-11-13,3891.0,99.0,1.0,Clothing,248.14,46.0,Card,Success,248.14,True
1763,301,2024-07-25,Delivered,France,Corporate,2024-11-13,4910.0,81.0,1.0,Electronics,203.78,46.0,Card,Success,203.78,True
1764,228,2024-10-05,Cancelled,Germany,Corporate,2023-01-23,3605.0,5.0,4.0,Home,26.86,348.0,Bank Transfer,Success,107.44,False
1764,228,2024-10-05,Cancelled,Germany,Corporate,2023-01-23,3901.0,74.0,4.0,Home,491.25,348.0,Bank Transfer,Success,1965.0,False
1764,228,2024-10-05,Cancelled,Germany,Corporate,2023-01-23,4377.0,48.0,1.0,Electronics,48.83,348.0,Bank Transfer,Success,48.83,False
1765,184,2024-11-21,Cancelled,Spain,Corporate,2024-08-18,2476.0,42.0,3.0,Clothing,96.81,413.0,PayPal,Success,290.43,False
1765,184,2024-11-21,Cancelled,Spain,Corporate,2024-08-18,2900.0,73.0,4.0,Home,296.33,413.0,PayPal,Success,1185.32,False
1765,184,2024-11-21,Cancelled,Spain,Corporate,2024-08-18,3240.0,15.0,4.0,Home,213.77,413.0,PayPal,Success,855.08,False
1766,107,2024-12-05,Delivered,Germany,Corporate,2023-02-03,2433.0,56.0,1.0,Clothing,263.65,505.0,Bank Transfer,Success,263.65,True
1766,107,2024-12-05,Delivered,Germany,Corporate,2023-02-03,4243.0,5.0,2.0,Home,26.86,505.0,Bank Transfer,Success,53.72,True
1767,84,2024-12-22,Delivered,Italy,Corporate,2024-04-29,3762.0,45.0,3.0,Clothing,39.66,1399.0,Bank Transfer,Success,118.97999999999999,True
1768,338,2024-12-05,Returned,Spain,Consumer,2023-03-16,,,,,,1503.0,Card,Success,,False
1769,250,2024-07-22,Returned,Spain,Small Business,2024-04-22,,,,,,1888.0,PayPal,Success,,False
1770,363,2024-06-09,Delivered,Unknown,Corporate,2024-11-19,,,,,,428.0,Bank Transfer,Success,,True
1771,441,2024-01-28,Delivered,France,Consumer,2024-07-01,4839.0,43.0,4.0,Electronics,195.06,,,,780.24,False
1772,21,2024-09-13,Delivered,Germany,Small Business,2024-10-28,1056.0,95.0,4.0,Sports,300.65,118.0,Card,Success,1202.6,True
1772,21,2024-09-13,Delivered,Germany,Small Business,2024-10-28,4222.0,8.0,1.0,Electronics,280.12,118.0,Card,Success,280.12,True
1773,196,2024-06-13,Returned,Germany,Corporate,2023-11-30,166.0,47.0,4.0,Electronics,31.08,1096.0,Bank Transfer,Success,124.32,False
1773,196,2024-06-13,Returned,Germany,Corporate,2023-11-30,2424.0,53.0,3.0,Electronics,202.15,1096.0,Bank Transfer,Success,606.45,False
1773,196,2024-06-13,Returned,Germany,Corporate,2023-11-30,4003.0,63.0,4.0,Sports,296.61,1096.0,Bank Transfer,Success,1186.44,False
1773,196,2024-06-13,Returned,Germany,Corporate,2023-11-30,4963.0,21.0,1.0,Home,324.05,1096.0,Bank Transfer,Success,324.05,False
1774,178,2024-03-03,Delivered,Spain,Consumer,2023-09-18,652.0,61.0,3.0,Clothing,427.15,1088.0,PayPal,Success,1281.4499999999998,True
1774,178,2024-03-03,Delivered,Spain,Consumer,2023-09-18,2636.0,73.0,1.0,Home,296.33,1088.0,PayPal,Success,296.33,True
1774,178,2024-03-03,Delivered,Spain,Consumer,2023-09-18,3940.0,24.0,4.0,Clothing,282.54,1088.0,PayPal,Success,1130.16,True
1774,178,2024-03-03,Delivered,Spain,Consumer,2023-09-18,4669.0,23.0,3.0,Sports,185.53,1088.0,PayPal,Success,556.59,True
1774,178,2024-03-03,Delivered,Spain,Consumer,2023-09-18,4840.0,55.0,3.0,Sports,171.5,1088.0,PayPal,Success,514.5,True
1775,417,2024-01-22,Delivered,France,Consumer,2023-02-20,195.0,78.0,3.0,Clothing,494.65,1238.0,Card,Success,1483.9499999999998,True
1775,417,2024-01-22,Delivered,France,Consumer,2023-02-20,3902.0,65.0,3.0,Home,455.62,1238.0,Card,Success,1366.8600000000001,True
1775,417,2024-01-22,Delivered,France,Consumer,2023-02-20,4019.0,58.0,3.0,Home,6.66,1238.0,Card,Success,19.98,True
1776,475,2024-03-10,Delivered,Spain,Small Business,2023-08-23,2387.0,45.0,1.0,Clothing,39.66,1496.0,Card,Success,39.66,True
1776,475,2024-03-10,Delivered,Spain,Small Business,2023-08-23,3245.0,52.0,1.0,Electronics,139.49,1496.0,Card,Success,139.49,True
1777,7,2024-04-05,Delivered,France,Corporate,2023-07-24,176.0,18.0,3.0,Home,32.17,1674.0,Bank Transfer,Success,96.51,True
1778,70,2024-06-11,Delivered,Germany,Consumer,2024-10-27,190.0,94.0,4.0,Clothing,261.54,1865.0,PayPal,Success,1046.16,True
1778,70,2024-06-11,Delivered,Germany,Consumer,2024-10-27,632.0,97.0,1.0,Sports,133.82,1865.0,PayPal,Success,133.82,True
1778,70,2024-06-11,Delivered,Germany,Consumer,2024-10-27,731.0,99.0,3.0,Clothing,248.14,1865.0,PayPal,Success,744.42,True
1778,70,2024-06-11,Delivered,Germany,Consumer,2024-10-27,2530.0,66.0,4.0,Clothing,27.32,1865.0,PayPal,Success,109.28,True
1779,127,2024-03-19,Returned,Germany,Consumer,2024-09-15,100.0,21.0,2.0,Home,324.05,980.0,Card,Success,648.1,False
1779,127,2024-03-19,Returned,Germany,Consumer,2024-09-15,3019.0,46.0,3.0,Electronics,9.7,980.0,Card,Success,29.099999999999998,False
1780,399,2024-01-05,Delivered,Italy,Small Business,2024-10-04,567.0,82.0,1.0,Home,419.72,890.0,PayPal,Success,419.72,True
1780,399,2024-01-05,Delivered,Italy,Small Business,2024-10-04,1028.0,20.0,1.0,Clothing,263.61,890.0,PayPal,Success,263.61,True
1780,399,2024-01-05,Delivered,Italy,Small Business,2024-10-04,1627.0,49.0,2.0,Sports,23.61,890.0,PayPal,Success,47.22,True
1781,466,2024-11-11,Delivered,Spain,Small Business,2023-07-28,831.0,19.0,2.0,Clothing,230.3,328.0,Bank Transfer,Success,460.6,True
1781,466,2024-11-11,Delivered,Spain,Small Business,2023-07-28,1579.0,27.0,2.0,Sports,267.48,328.0,Bank Transfer,Success,534.96,True
1781,466,2024-11-11,Delivered,Spain,Small Business,2023-07-28,2767.0,16.0,3.0,Home,398.69,328.0,Bank Transfer,Success,1196.07,True
1781,466,2024-11-11,Delivered,Spain,Small Business,2023-07-28,2946.0,19.0,3.0,Clothing,230.3,328.0,Bank Transfer,Success,690.9000000000001,True
1782,160,2024-04-29,Delivered,Italy,Corporate,2024-02-14,3721.0,90.0,2.0,Electronics,413.97,1291.0,Card,Success,827.94,True
1783,248,2024-10-28,Delivered,France,Consumer,2024-10-30,565.0,71.0,2.0,Electronics,400.0,385.0,Bank Transfer,Success,800.0,True
1783,248,2024-10-28,Delivered,France,Consumer,2024-10-30,2104.0,48.0,3.0,Electronics,48.83,385.0,Bank Transfer,Success,146.49,True
1784,203,2024-06-26,Delivered,Spain,Consumer,2023-10-23,2159.0,86.0,1.0,Sports,28.24,1046.0,PayPal,Failed,28.24,False
1785,148,2024-06-24,Delivered,Spain,Small Business,2024-08-28,1501.0,1.0,3.0,Electronics,325.1,202.0,PayPal,Success,975.3000000000001,True
1785,148,2024-06-24,Delivered,Spain,Small Business,2024-08-28,3958.0,79.0,2.0,Electronics,372.96,202.0,PayPal,Success,745.92,True
1785,148,2024-06-24,Delivered,Spain,Small Business,2024-08-28,4174.0,45.0,3.0,Clothing,39.66,202.0,PayPal,Success,118.97999999999999,True
1786,472,2024-08-04,Delivered,Italy,Corporate,2023-12-25,302.0,64.0,4.0,Sports,142.25,1906.0,Card,Success,569.0,True
1787,143,2024-02-25,Delivered,Italy,Corporate,2024-04-12,1727.0,44.0,2.0,Clothing,466.63,1025.0,Card,Success,933.26,True
1787,143,2024-02-25,Delivered,Italy,Corporate,2024-04-12,2046.0,14.0,2.0,Electronics,62.06,1025.0,Card,Success,124.12,True
1787,143,2024-02-25,Delivered,Italy,Corporate,2024-04-12,2654.0,68.0,2.0,Clothing,198.86,1025.0,Card,Success,397.72,True
1787,143,2024-02-25,Delivered,Italy,Corporate,2024-04-12,3212.0,74.0,3.0,Home,491.25,1025.0,Card,Success,1473.75,True
1788,432,2024-07-05,Delivered,Germany,Corporate,2024-04-13,1436.0,76.0,2.0,Electronics,302.4,210.0,PayPal,Success,604.8,True
1788,432,2024-07-05,Delivered,Germany,Corporate,2024-04-13,2888.0,19.0,2.0,Clothing,230.3,210.0,PayPal,Success,460.6,True
1788,432,2024-07-05,Delivered,Germany,Corporate,2024-04-13,4102.0,51.0,4.0,Electronics,292.47,210.0,PayPal,Success,1169.88,True
1788,432,2024-07-05,Delivered,Germany,Corporate,2024-04-13,4845.0,48.0,2.0,Electronics,48.83,210.0,PayPal,Success,97.66,True
1789,199,2024-08-19,Delivered,France,Consumer,2023-05-17,,,,,,622.0,PayPal,Success,,True
1790,405,2024-09-11,Returned,Italy,Consumer,2024-04-20,174.0,62.0,4.0,Electronics,359.2,149.0,Card,Success,1436.8,False
1790,405,2024-09-11,Returned,Italy,Consumer,2024-04-20,2532.0,68.0,2.0,Clothing,198.86,149.0,Card,Success,397.72,False
1790,405,2024-09-11,Returned,Italy,Consumer,2024-04-20,2647.0,6.0,3.0,Clothing,296.19,149.0,Card,Success,888.5699999999999,False
1791,426,2024-04-13,Returned,France,Consumer,2023-04-30,1575.0,87.0,2.0,Home,195.12,1002.0,PayPal,Success,390.24,False
1791,426,2024-04-13,Returned,France,Consumer,2023-04-30,2695.0,64.0,1.0,Sports,142.25,1002.0,PayPal,Success,142.25,False
1791,426,2024-04-13,Returned,France,Consumer,2023-04-30,3111.0,33.0,4.0,Home,332.52,1002.0,PayPal,Success,1330.08,False
1791,426,2024-04-13,Returned,France,Consumer,2023-04-30,4482.0,36.0,2.0,Home,216.27,1002.0,PayPal,Success,432.54,False
1792,154,2024-03-17,Delivered,Spain,Consumer,2023-01-26,1873.0,77.0,4.0,Electronics,452.34,1269.0,Card,Failed,1809.36,False
1792,154,2024-03-17,Delivered,Spain,Consumer,2023-01-26,3222.0,62.0,2.0,Electronics,359.2,1269.0,Card,Failed,718.4,False
1793,492,2024-08-17,Delivered,France,Corporate,2023-06-02,345.0,82.0,2.0,Home,419.72,857.0,Bank Transfer,Success,839.44,True
1793,492,2024-08-17,Delivered,France,Corporate,2023-06-02,1018.0,20.0,1.0,Clothing,263.61,857.0,Bank Transfer,Success,263.61,True
1793,492,2024-08-17,Delivered,France,Corporate,2023-06-02,2958.0,57.0,3.0,Electronics,367.47,857.0,Bank Transfer,Success,1102.41,True
1793,492,2024-08-17,Delivered,France,Corporate,2023-06-02,3886.0,81.0,4.0,Electronics,203.78,857.0,Bank Transfer,Success,815.12,True
1794,376,2024-09-14,Returned,Italy,Consumer,2023-02-01,1064.0,54.0,2.0,Home,50.39,1239.0,Bank Transfer,Success,100.78,False
1794,376,2024-09-14,Returned,Italy,Consumer,2023-02-01,1748.0,95.0,2.0,Sports,300.65,1239.0,Bank Transfer,Success,601.3,False
1794,376,2024-09-14,Returned,Italy,Consumer,2023-02-01,2731.0,17.0,3.0,Sports,373.81,1239.0,Bank Transfer,Success,1121.43,False
1794,376,2024-09-14,Returned,Italy,Consumer,2023-02-01,3221.0,34.0,3.0,Home,370.24,1239.0,Bank Transfer,Success,1110.72,False
1795,384,2024-09-20,Delivered,France,Consumer,2024-02-28,513.0,82.0,4.0,Home,419.72,722.0,Bank Transfer,Success,1678.88,True
1796,142,2024-11-26,Cancelled,France,Small Business,2023-11-18,2985.0,79.0,4.0,Electronics,372.96,402.0,Card,Success,1491.84,False
1796,142,2024-11-26,Cancelled,France,Small Business,2023-11-18,4091.0,73.0,4.0,Home,296.33,402.0,Card,Success,1185.32,False
1796,142,2024-11-26,Cancelled,France,Small Business,2023-11-18,4547.0,81.0,4.0,Electronics,203.78,402.0,Card,Success,815.12,False
1796,142,2024-11-26,Cancelled,France,Small Business,2023-11-18,4727.0,100.0,1.0,Electronics,498.19,402.0,Card,Success,498.19,False
1797,313,2024-06-30,Returned,Italy,Corporate,2023-10-23,718.0,48.0,1.0,Electronics,48.83,1175.0,Bank Transfer,Failed,48.83,False
1797,313,2024-06-30,Returned,Italy,Corporate,2023-10-23,3985.0,79.0,4.0,Electronics,372.96,1175.0,Bank Transfer,Failed,1491.84,False
1797,313,2024-06-30,Returned,Italy,Corporate,2023-10-23,4170.0,60.0,4.0,Home,152.02,1175.0,Bank Transfer,Failed,608.08,False
1797,313,2024-06-30,Returned,Italy,Corporate,2023-10-23,4233.0,41.0,3.0,Home,5.12,1175.0,Bank Transfer,Failed,15.36,False
1798,165,2024-09-12,Delivered,Germany,Small Business,2023-05-20,1637.0,7.0,4.0,Electronics,499.68,1829.0,Bank Transfer,Success,1998.72,True
1799,314,2024-02-07,Delivered,Spain,Corporate,2023-10-24,1189.0,42.0,2.0,Clothing,96.81,1680.0,Card,Success,193.62,True
1799,314,2024-02-07,Delivered,Spain,Corporate,2023-10-24,3479.0,28.0,4.0,Electronics,223.31,1680.0,Card,Success,893.24,True
1799,314,2024-02-07,Delivered,Spain,Corporate,2023-10-24,4032.0,7.0,4.0,Electronics,499.68,1680.0,Card,Success,1998.72,True
1800,21,2024-06-24,Returned,Germany,Small Business,2024-10-28,3924.0,31.0,4.0,Home,402.97,577.0,Bank Transfer,Success,1611.88,False
1801,82,2024-01-27,Delivered,Italy,Corporate,2023-07-11,216.0,26.0,2.0,Electronics,443.07,791.0,PayPal,Failed,886.14,False
1801,82,2024-01-27,Delivered,Italy,Corporate,2023-07-11,1537.0,20.0,2.0,Clothing,263.61,791.0,PayPal,Failed,527.22,False
1801,82,2024-01-27,Delivered,Italy,Corporate,2023-07-11,2168.0,73.0,1.0,Home,296.33,791.0,PayPal,Failed,296.33,False
1802,69,2024-10-02,Delivered,Italy,Small Business,2023-12-31,1203.0,67.0,2.0,Clothing,59.19,1912.0,Card,Success,118.38,True
1802,69,2024-10-02,Delivered,Italy,Small Business,2023-12-31,1840.0,4.0,2.0,Sports,336.61,1912.0,Card,Success,673.22,True
1802,69,2024-10-02,Delivered,Italy,Small Business,2023-12-31,1991.0,67.0,3.0,Clothing,59.19,1912.0,Card,Success,177.57,True
1802,69,2024-10-02,Delivered,Italy,Small Business,2023-12-31,4422.0,92.0,3.0,Home,316.74,1912.0,Card,Success,950.22,True
1802,69,2024-10-02,Delivered,Italy,Small Business,2023-12-31,4721.0,81.0,1.0,Electronics,203.78,1912.0,Card,Success,203.78,True
1803,131,2024-05-19,Delivered,Italy,Corporate,2023-12-16,,,,,,1455.0,Card,Failed,,False
1804,87,2024-10-25,Delivered,Germany,Small Business,2023-09-30,506.0,75.0,3.0,Electronics,442.68,1729.0,PayPal,Failed,1328.04,False
1804,87,2024-10-25,Delivered,Germany,Small Business,2023-09-30,2895.0,96.0,1.0,Clothing,264.89,1729.0,PayPal,Failed,264.89,False
1805,218,2024-10-13,Delivered,France,Consumer,2023-02-11,870.0,54.0,4.0,Home,50.39,591.0,Bank Transfer,Success,201.56,True
1806,421,2024-03-31,Delivered,Germany,Consumer,2024-02-22,551.0,72.0,1.0,Sports,133.2,1457.0,Bank Transfer,Success,133.2,True
1806,421,2024-03-31,Delivered,Germany,Consumer,2024-02-22,836.0,87.0,3.0,Home,195.12,1457.0,Bank Transfer,Success,585.36,True
1806,421,2024-03-31,Delivered,Germany,Consumer,2024-02-22,4015.0,37.0,2.0,Electronics,438.95,1457.0,Bank Transfer,Success,877.9,True
1806,421,2024-03-31,Delivered,Germany,Consumer,2024-02-22,4035.0,88.0,2.0,Sports,23.18,1457.0,Bank Transfer,Success,46.36,True
1806,421,2024-03-31,Delivered,Germany,Consumer,2024-02-22,4868.0,37.0,3.0,Electronics,438.95,1457.0,Bank Transfer,Success,1316.85,True
1807,472,2024-03-01,Returned,Italy,Corporate,2023-12-25,64.0,99.0,3.0,Clothing,248.14,1443.0,PayPal,Failed,744.42,False
1807,472,2024-03-01,Returned,Italy,Corporate,2023-12-25,226.0,77.0,1.0,Electronics,452.34,1443.0,PayPal,Failed,452.34,False
1807,472,2024-03-01,Returned,Italy,Corporate,2023-12-25,1161.0,84.0,1.0,Clothing,416.17,1443.0,PayPal,Failed,416.17,False
1807,472,2024-03-01,Returned,Italy,Corporate,2023-12-25,3335.0,41.0,3.0,Home,5.12,1443.0,PayPal,Failed,15.36,False
1807,472,2024-03-01,Returned,Italy,Corporate,2023-12-25,3962.0,55.0,2.0,Sports,171.5,1443.0,PayPal,Failed,343.0,False
1807,472,2024-03-01,Returned,Italy,Corporate,2023-12-25,4105.0,88.0,1.0,Sports,23.18,1443.0,PayPal,Failed,23.18,False
1808,305,2024-12-30,Delivered,Germany,Corporate,2023-05-13,3740.0,36.0,3.0,Home,216.27,1071.0,Card,Success,648.8100000000001,True
1809,403,2024-12-12,Delivered,Spain,Corporate,2023-03-28,3807.0,27.0,3.0,Sports,267.48,95.0,Card,Success,802.44,True
1810,371,2024-06-11,Delivered,Italy,Consumer,2023-11-23,1401.0,62.0,4.0,Electronics,359.2,1837.0,Bank Transfer,Success,1436.8,True
1810,371,2024-06-11,Delivered,Italy,Consumer,2023-11-23,4581.0,49.0,4.0,Sports,23.61,1837.0,Bank Transfer,Success,94.44,True
1810,371,2024-06-11,Delivered,Italy,Consumer,2023-11-23,4920.0,21.0,4.0,Home,324.05,1837.0,Bank Transfer,Success,1296.2,True
1810,371,2024-06-11,Delivered,Italy,Consumer,2023-11-23,4935.0,92.0,4.0,Home,316.74,1837.0,Bank Transfer,Success,1266.96,True
1811,345,2024-12-16,Delivered,Spain,Small Business,2024-10-01,1445.0,67.0,3.0,Clothing,59.19,213.0,PayPal,Failed,177.57,False
1811,345,2024-12-16,Delivered,Spain,Small Business,2024-10-01,2788.0,41.0,1.0,Home,5.12,213.0,PayPal,Failed,5.12,False
1811,345,2024-12-16,Delivered,Spain,Small Business,2024-10-01,4014.0,62.0,1.0,Electronics,359.2,213.0,PayPal,Failed,359.2,False
1811,345,2024-12-16,Delivered,Spain,Small Business,2024-10-01,4085.0,51.0,1.0,Electronics,292.47,213.0,PayPal,Failed,292.47,False
1811,345,2024-12-16,Delivered,Spain,Small Business,2024-10-01,4337.0,86.0,3.0,Sports,28.24,213.0,PayPal,Failed,84.72,False
1812,341,2024-05-22,Delivered,Spain,Small Business,2024-04-19,613.0,23.0,4.0,Sports,185.53,1838.0,PayPal,Failed,742.12,False
1812,341,2024-05-22,Delivered,Spain,Small Business,2024-04-19,1875.0,32.0,3.0,Sports,271.51,1838.0,PayPal,Failed,814.53,False
1812,341,2024-05-22,Delivered,Spain,Small Business,2024-04-19,2642.0,9.0,2.0,Home,239.24,1838.0,PayPal,Failed,478.48,False
1812,341,2024-05-22,Delivered,Spain,Small Business,2024-04-19,4333.0,27.0,3.0,Sports,267.48,1838.0,PayPal,Failed,802.44,False
1812,341,2024-05-22,Delivered,Spain,Small Business,2024-04-19,4401.0,61.0,4.0,Clothing,427.15,1838.0,PayPal,Failed,1708.6,False
1813,384,2024-09-09,Returned,France,Consumer,2024-02-28,3744.0,36.0,4.0,Home,216.27,1665.0,PayPal,Success,865.08,False
1814,396,2024-09-25,Cancelled,Italy,Corporate,2024-10-05,3998.0,12.0,4.0,Sports,366.86,1976.0,Bank Transfer,Success,1467.44,False
1814,396,2024-09-25,Cancelled,Italy,Corporate,2024-10-05,4245.0,22.0,3.0,Home,326.83,1976.0,Bank Transfer,Success,980.49,False
1815,445,2024-10-17,Delivered,Italy,Consumer,2024-05-28,39.0,18.0,2.0,Home,32.17,1565.0,Bank Transfer,Failed,64.34,False
1815,445,2024-10-17,Delivered,Italy,Consumer,2024-05-28,1736.0,52.0,2.0,Electronics,139.49,1565.0,Bank Transfer,Failed,278.98,False
1815,445,2024-10-17,Delivered,Italy,Consumer,2024-05-28,2837.0,49.0,1.0,Sports,23.61,1565.0,Bank Transfer,Failed,23.61,False
1816,425,2024-07-05,Delivered,Italy,Small Business,2023-10-15,1391.0,27.0,4.0,Sports,267.48,1440.0,PayPal,Success,1069.92,True
1817,161,2024-10-30,Delivered,Spain,Small Business,2023-04-28,57.0,79.0,3.0,Electronics,372.96,626.0,Bank Transfer,Failed,1118.8799999999999,False
1817,161,2024-10-30,Delivered,Spain,Small Business,2023-04-28,113.0,97.0,2.0,Sports,133.82,626.0,Bank Transfer,Failed,267.64,False
1817,161,2024-10-30,Delivered,Spain,Small Business,2023-04-28,648.0,51.0,1.0,Electronics,292.47,626.0,Bank Transfer,Failed,292.47,False
1817,161,2024-10-30,Delivered,Spain,Small Business,2023-04-28,1789.0,92.0,4.0,Home,316.74,626.0,Bank Transfer,Failed,1266.96,False
1817,161,2024-10-30,Delivered,Spain,Small Business,2023-04-28,2879.0,70.0,2.0,Home,478.43,626.0,Bank Transfer,Failed,956.86,False
1818,178,2024-10-17,Delivered,Spain,Consumer,2023-09-18,1734.0,72.0,2.0,Sports,133.2,1950.0,Bank Transfer,Success,266.4,True
1818,178,2024-10-17,Delivered,Spain,Consumer,2023-09-18,1735.0,86.0,2.0,Sports,28.24,1950.0,Bank Transfer,Success,56.48,True
1818,178,2024-10-17,Delivered,Spain,Consumer,2023-09-18,2774.0,48.0,3.0,Electronics,48.83,1950.0,Bank Transfer,Success,146.49,True
1818,178,2024-10-17,Delivered,Spain,Consumer,2023-09-18,3074.0,87.0,2.0,Home,195.12,1950.0,Bank Transfer,Success,390.24,True
1819,117,2024-03-26,Delivered,France,Consumer,2023-11-16,455.0,9.0,3.0,Home,239.24,1474.0,PayPal,Success,717.72,True
1819,117,2024-03-26,Delivered,France,Consumer,2023-11-16,683.0,93.0,1.0,Electronics,112.08,1474.0,PayPal,Success,112.08,True
1819,117,2024-03-26,Delivered,France,Consumer,2023-11-16,1578.0,54.0,4.0,Home,50.39,1474.0,PayPal,Success,201.56,True
1819,117,2024-03-26,Delivered,France,Consumer,2023-11-16,3624.0,61.0,1.0,Clothing,427.15,1474.0,PayPal,Success,427.15,True
1819,117,2024-03-26,Delivered,France,Consumer,2023-11-16,4925.0,53.0,3.0,Electronics,202.15,1474.0,PayPal,Success,606.45,True
1820,196,2024-06-14,Delivered,Germany,Corporate,2023-11-30,,,,,,369.0,PayPal,Success,,True
1821,383,2024-04-23,Returned,Italy,Small Business,2023-05-24,4644.0,2.0,4.0,Home,348.12,395.0,Bank Transfer,Success,1392.48,False
1822,490,2024-12-21,Delivered,France,Consumer,2023-01-17,34.0,22.0,3.0,Home,326.83,825.0,Card,Success,980.49,True
1822,490,2024-12-21,Delivered,France,Consumer,2023-01-17,4220.0,95.0,4.0,Sports,300.65,825.0,Card,Success,1202.6,True
1823,327,2024-07-01,Delivered,Spain,Consumer,2023-11-05,217.0,86.0,1.0,Sports,28.24,657.0,PayPal,Success,28.24,True
1823,327,2024-07-01,Delivered,Spain,Consumer,2023-11-05,2663.0,44.0,3.0,Clothing,466.63,657.0,PayPal,Success,1399.8899999999999,True
1824,86,2024-07-25,Delivered,Spain,Consumer,2023-02-08,,,,,,76.0,Card,Success,,True
1825,289,2024-09-12,Delivered,France,Consumer,2023-05-14,1341.0,53.0,1.0,Electronics,202.15,1353.0,Bank Transfer,Failed,202.15,False
1825,289,2024-09-12,Delivered,France,Consumer,2023-05-14,3053.0,44.0,2.0,Clothing,466.63,1353.0,Bank Transfer,Failed,933.26,False
1825,289,2024-09-12,Delivered,France,Consumer,2023-05-14,4619.0,95.0,4.0,Sports,300.65,1353.0,Bank Transfer,Failed,1202.6,False
1826,81,2024-08-22,Delivered,Spain,Consumer,2023-01-15,1193.0,27.0,2.0,Sports,267.48,1516.0,Card,Success,534.96,True
1827,152,2024-12-20,Delivered,Spain,Corporate,2023-07-13,956.0,39.0,1.0,Home,233.66,1482.0,Bank Transfer,Success,233.66,True
1827,152,2024-12-20,Delivered,Spain,Corporate,2023-07-13,3566.0,88.0,3.0,Sports,23.18,1482.0,Bank Transfer,Success,69.53999999999999,True
1827,152,2024-12-20,Delivered,Spain,Corporate,2023-07-13,4770.0,48.0,4.0,Electronics,48.83,1482.0,Bank Transfer,Success,195.32,True
1828,61,2024-01-03,Delivered,Spain,Corporate,2024-09-30,,,,,,1875.0,PayPal,Success,,True
1829,61,2024-07-26,Delivered,Spain,Corporate,2024-09-30,2584.0,11.0,1.0,Home,64.66,711.0,Card,Success,64.66,True
1829,61,2024-07-26,Delivered,Spain,Corporate,2024-09-30,4891.0,67.0,3.0,Clothing,59.19,711.0,Card,Success,177.57,True
1830,354,2024-07-15,Delivered,Italy,Corporate,2023-10-12,3365.0,33.0,1.0,Home,332.52,190.0,Bank Transfer,Failed,332.52,False
1831,28,2024-12-06,Delivered,Germany,Small Business,2023-01-05,1184.0,61.0,4.0,Clothing,427.15,553.0,Card,Success,1708.6,True
1831,28,2024-12-06,Delivered,Germany,Small Business,2023-01-05,4180.0,60.0,1.0,Home,152.02,553.0,Card,Success,152.02,True
1832,442,2024-05-04,Delivered,Italy,Consumer,2023-10-12,779.0,91.0,4.0,Electronics,401.38,170.0,Bank Transfer,Success,1605.52,True
1832,442,2024-05-04,Delivered,Italy,Consumer,2023-10-12,4502.0,2.0,2.0,Home,348.12,170.0,Bank Transfer,Success,696.24,True
1833,43,2024-05-17,Delivered,Germany,Consumer,2023-09-06,387.0,81.0,4.0,Electronics,203.78,1619.0,Bank Transfer,Failed,815.12,False
1833,43,2024-05-17,Delivered,Germany,Consumer,2023-09-06,693.0,72.0,3.0,Sports,133.2,1619.0,Bank Transfer,Failed,399.59999999999997,False
1833,43,2024-05-17,Delivered,Germany,Consumer,2023-09-06,2376.0,100.0,1.0,Electronics,498.19,1619.0,Bank Transfer,Failed,498.19,False
1834,169,2024-12-04,Cancelled,Spain,Consumer,2024-10-15,1430.0,93.0,4.0,Electronics,112.08,892.0,Card,Success,448.32,False
1834,169,2024-12-04,Cancelled,Spain,Consumer,2024-10-15,4793.0,29.0,4.0,Clothing,205.22,892.0,Card,Success,820.88,False
1835,423,2024-01-25,Delivered,Germany,Consumer,2023-03-29,3386.0,33.0,1.0,Home,332.52,285.0,Card,Success,332.52,True
1835,423,2024-01-25,Delivered,Germany,Consumer,2023-03-29,3915.0,13.0,4.0,Sports,100.34,285.0,Card,Success,401.36,True
1836,86,2024-03-08,Delivered,Spain,Consumer,2023-02-08,201.0,18.0,3.0,Home,32.17,1223.0,PayPal,Success,96.51,True
1836,86,2024-03-08,Delivered,Spain,Consumer,2023-02-08,839.0,47.0,2.0,Electronics,31.08,1223.0,PayPal,Success,62.16,True
1836,86,2024-03-08,Delivered,Spain,Consumer,2023-02-08,1086.0,56.0,1.0,Clothing,263.65,1223.0,PayPal,Success,263.65,True
1836,86,2024-03-08,Delivered,Spain,Consumer,2023-02-08,4897.0,53.0,4.0,Electronics,202.15,1223.0,PayPal,Success,808.6,True
1836,86,2024-03-08,Delivered,Spain,Consumer,2023-02-08,4988.0,35.0,2.0,Sports,262.48,1223.0,PayPal,Success,524.96,True
1837,177,2024-03-01,Delivered,Spain,Corporate,2023-01-10,1438.0,61.0,1.0,Clothing,427.15,1899.0,Card,Success,427.15,True
1838,17,2024-01-29,Delivered,Italy,Corporate,2024-11-26,,,,,,309.0,PayPal,Success,,True
1839,98,2024-01-19,Delivered,Unknown,Consumer,2024-01-29,1165.0,59.0,1.0,Home,236.32,717.0,Bank Transfer,Success,236.32,True
1840,454,2024-06-19,Delivered,Germany,Small Business,2023-08-14,1359.0,22.0,3.0,Home,326.83,1439.0,PayPal,Success,980.49,True
1840,454,2024-06-19,Delivered,Germany,Small Business,2023-08-14,1782.0,56.0,1.0,Clothing,263.65,1439.0,PayPal,Success,263.65,True
1840,454,2024-06-19,Delivered,Germany,Small Business,2023-08-14,2256.0,46.0,3.0,Electronics,9.7,1439.0,PayPal,Success,29.099999999999998,True
1840,454,2024-06-19,Delivered,Germany,Small Business,2023-08-14,2621.0,95.0,4.0,Sports,300.65,1439.0,PayPal,Success,1202.6,True
1840,454,2024-06-19,Delivered,Germany,Small Business,2023-08-14,2632.0,46.0,3.0,Electronics,9.7,1439.0,PayPal,Success,29.099999999999998,True
1841,494,2024-03-14,Delivered,Germany,Corporate,2024-08-10,1980.0,21.0,2.0,Home,324.05,1357.0,Bank Transfer,Success,648.1,True
1841,494,2024-03-14,Delivered,Germany,Corporate,2024-08-10,2300.0,73.0,2.0,Home,296.33,1357.0,Bank Transfer,Success,592.66,True
1841,494,2024-03-14,Delivered,Germany,Corporate,2024-08-10,4546.0,46.0,3.0,Electronics,9.7,1357.0,Bank Transfer,Success,29.099999999999998,True
1841,494,2024-03-14,Delivered,Germany,Corporate,2024-08-10,4943.0,33.0,3.0,Home,332.52,1357.0,Bank Transfer,Success,997.56,True
1842,198,2024-03-01,Delivered,Italy,Small Business,2024-04-03,2170.0,64.0,1.0,Sports,142.25,168.0,Card,Success,142.25,True
1842,198,2024-03-01,Delivered,Italy,Small Business,2024-04-03,3130.0,99.0,3.0,Clothing,248.14,168.0,Card,Success,744.42,True
1842,198,2024-03-01,Delivered,Italy,Small Business,2024-04-03,4712.0,36.0,1.0,Home,216.27,168.0,Card,Success,216.27,True
1843,98,2024-06-01,Returned,Unknown,Consumer,2024-01-29,90.0,33.0,4.0,Home,332.52,1406.0,Bank Transfer,Success,1330.08,False
1843,98,2024-06-01,Returned,Unknown,Consumer,2024-01-29,1211.0,15.0,3.0,Home,213.77,1406.0,Bank Transfer,Success,641.3100000000001,False
1843,98,2024-06-01,Returned,Unknown,Consumer,2024-01-29,2857.0,47.0,2.0,Electronics,31.08,1406.0,Bank Transfer,Success,62.16,False
1844,65,2024-10-02,Delivered,Spain,Corporate,2023-01-28,193.0,42.0,2.0,Clothing,96.81,1676.0,Card,Failed,193.62,False
1844,65,2024-10-02,Delivered,Spain,Corporate,2023-01-28,1224.0,75.0,1.0,Electronics,442.68,1676.0,Card,Failed,442.68,False
1844,65,2024-10-02,Delivered,Spain,Corporate,2023-01-28,3792.0,55.0,4.0,Sports,171.5,1676.0,Card,Failed,686.0,False
1845,330,2024-02-17,Cancelled,Italy,Corporate,2024-03-11,2639.0,63.0,4.0,Sports,296.61,379.0,PayPal,Failed,1186.44,False
1845,330,2024-02-17,Cancelled,Italy,Corporate,2024-03-11,3249.0,40.0,2.0,Electronics,495.22,379.0,PayPal,Failed,990.44,False
1845,330,2024-02-17,Cancelled,Italy,Corporate,2024-03-11,4590.0,64.0,1.0,Sports,142.25,379.0,PayPal,Failed,142.25,False
1846,341,2024-07-29,Delivered,Spain,Small Business,2024-04-19,445.0,2.0,4.0,Home,348.12,624.0,PayPal,Success,1392.48,True
1846,341,2024-07-29,Delivered,Spain,Small Business,2024-04-19,3676.0,53.0,4.0,Electronics,202.15,624.0,PayPal,Success,808.6,True
1846,341,2024-07-29,Delivered,Spain,Small Business,2024-04-19,3783.0,46.0,4.0,Electronics,9.7,624.0,PayPal,Success,38.8,True
1847,5,2024-12-08,Delivered,Spain,Consumer,2023-02-22,2058.0,10.0,3.0,Sports,159.86,1313.0,PayPal,Success,479.58000000000004,True
1847,5,2024-12-08,Delivered,Spain,Consumer,2023-02-22,3239.0,86.0,3.0,Sports,28.24,1313.0,PayPal,Success,84.72,True
1847,5,2024-12-08,Delivered,Spain,Consumer,2023-02-22,3879.0,41.0,3.0,Home,5.12,1313.0,PayPal,Success,15.36,True
1847,5,2024-12-08,Delivered,Spain,Consumer,2023-02-22,4657.0,60.0,3.0,Home,152.02,1313.0,PayPal,Success,456.06000000000006,True
1848,2,2024-05-18,Cancelled,Italy,Consumer,2024-05-22,,,,,,1946.0,Card,Success,,False
1849,22,2024-04-19,Delivered,France,Corporate,2023-04-03,480.0,79.0,3.0,Electronics,372.96,1984.0,PayPal,Success,1118.8799999999999,True
1849,22,2024-04-19,Delivered,France,Corporate,2023-04-03,907.0,70.0,4.0,Home,478.43,1984.0,PayPal,Success,1913.72,True
1849,22,2024-04-19,Delivered,France,Corporate,2023-04-03,1405.0,58.0,4.0,Home,6.66,1984.0,PayPal,Success,26.64,True
1849,22,2024-04-19,Delivered,France,Corporate,2023-04-03,2085.0,34.0,3.0,Home,370.24,1984.0,PayPal,Success,1110.72,True
1849,22,2024-04-19,Delivered,France,Corporate,2023-04-03,2891.0,78.0,3.0,Clothing,494.65,1984.0,PayPal,Success,1483.9499999999998,True
1849,22,2024-04-19,Delivered,France,Corporate,2023-04-03,3043.0,95.0,3.0,Sports,300.65,1984.0,PayPal,Success,901.9499999999999,True
1850,112,2024-07-01,Delivered,Spain,Consumer,2024-02-29,2577.0,28.0,3.0,Electronics,223.31,1723.0,Bank Transfer,Success,669.9300000000001,True
1850,112,2024-07-01,Delivered,Spain,Consumer,2024-02-29,4756.0,41.0,2.0,Home,5.12,1723.0,Bank Transfer,Success,10.24,True
1851,57,2024-01-28,Delivered,Italy,Small Business,2024-09-16,,,,,,357.0,Bank Transfer,Success,,True
1852,66,2024-07-15,Delivered,Germany,Corporate,2023-03-19,566.0,47.0,1.0,Electronics,31.08,,,,31.08,False
1852,66,2024-07-15,Delivered,Germany,Corporate,2023-03-19,921.0,65.0,1.0,Home,455.62,,,,455.62,False
1852,66,2024-07-15,Delivered,Germany,Corporate,2023-03-19,2392.0,93.0,3.0,Electronics,112.08,,,,336.24,False
1852,66,2024-07-15,Delivered,Germany,Corporate,2023-03-19,2826.0,16.0,1.0,Home,398.69,,,,398.69,False
1852,66,2024-07-15,Delivered,Germany,Corporate,2023-03-19,3263.0,74.0,4.0,Home,491.25,,,,1965.0,False
1852,66,2024-07-15,Delivered,Germany,Corporate,2023-03-19,3871.0,64.0,2.0,Sports,142.25,,,,284.5,False
1852,66,2024-07-15,Delivered,Germany,Corporate,2023-03-19,4627.0,28.0,2.0,Electronics,223.31,,,,446.62,False
1853,330,2024-07-09,Delivered,Italy,Corporate,2024-03-11,,,,,,581.0,Card,Success,,True
1854,98,2024-11-10,Delivered,Unknown,Consumer,2024-01-29,3726.0,94.0,3.0,Clothing,261.54,680.0,Card,Success,784.6200000000001,True
1855,144,2024-02-20,Cancelled,Italy,Corporate,2023-03-16,173.0,48.0,2.0,Electronics,48.83,335.0,Bank Transfer,Success,97.66,False
1855,144,2024-02-20,Cancelled,Italy,Corporate,2023-03-16,715.0,30.0,3.0,Sports,288.35,335.0,Bank Transfer,Success,865.0500000000001,False
1855,144,2024-02-20,Cancelled,Italy,Corporate,2023-03-16,1175.0,25.0,2.0,Clothing,243.13,335.0,Bank Transfer,Success,486.26,False
1855,144,2024-02-20,Cancelled,Italy,Corporate,2023-03-16,2453.0,49.0,4.0,Sports,23.61,335.0,Bank Transfer,Success,94.44,False
1856,368,2024-05-28,Delivered,Germany,Small Business,2023-03-04,221.0,97.0,2.0,Sports,133.82,1672.0,Bank Transfer,Success,267.64,True
1856,368,2024-05-28,Delivered,Germany,Small Business,2023-03-04,539.0,10.0,3.0,Sports,159.86,1672.0,Bank Transfer,Success,479.58000000000004,True
1856,368,2024-05-28,Delivered,Germany,Small Business,2023-03-04,3310.0,17.0,1.0,Sports,373.81,1672.0,Bank Transfer,Success,373.81,True
1856,368,2024-05-28,Delivered,Germany,Small Business,2023-03-04,3699.0,56.0,4.0,Clothing,263.65,1672.0,Bank Transfer,Success,1054.6,True
1857,435,2024-09-24,Returned,Italy,Consumer,2024-11-03,2175.0,16.0,3.0,Home,398.69,1273.0,Card,Success,1196.07,False
1857,435,2024-09-24,Returned,Italy,Consumer,2024-11-03,3005.0,58.0,3.0,Home,6.66,1273.0,Card,Success,19.98,False
1857,435,2024-09-24,Returned,Italy,Consumer,2024-11-03,3015.0,96.0,2.0,Clothing,264.89,1273.0,Card,Success,529.78,False
1857,435,2024-09-24,Returned,Italy,Consumer,2024-11-03,4944.0,43.0,4.0,Electronics,195.06,1273.0,Card,Success,780.24,False
1858,125,2024-02-19,Returned,France,Consumer,2024-08-04,2818.0,15.0,2.0,Home,213.77,1664.0,Bank Transfer,Success,427.54,False
1858,125,2024-02-19,Returned,France,Consumer,2024-08-04,3398.0,86.0,1.0,Sports,28.24,1664.0,Bank Transfer,Success,28.24,False
1859,167,2024-09-02,Delivered,Italy,Consumer,2023-01-01,2346.0,47.0,3.0,Electronics,31.08,1404.0,Bank Transfer,Success,93.24,True
1859,167,2024-09-02,Delivered,Italy,Consumer,2023-01-01,4641.0,24.0,2.0,Clothing,282.54,1404.0,Bank Transfer,Success,565.08,True
1860,86,2024-04-22,Delivered,Spain,Consumer,2023-02-08,827.0,72.0,3.0,Sports,133.2,1027.0,PayPal,Success,399.59999999999997,True
1860,86,2024-04-22,Delivered,Spain,Consumer,2023-02-08,944.0,48.0,2.0,Electronics,48.83,1027.0,PayPal,Success,97.66,True
1860,86,2024-04-22,Delivered,Spain,Consumer,2023-02-08,1270.0,17.0,2.0,Sports,373.81,1027.0,PayPal,Success,747.62,True
1860,86,2024-04-22,Delivered,Spain,Consumer,2023-02-08,4078.0,64.0,3.0,Sports,142.25,1027.0,PayPal,Success,426.75,True
1861,76,2024-06-18,Cancelled,Germany,Consumer,2024-09-14,529.0,38.0,3.0,Clothing,211.67,614.0,Card,Success,635.01,False
1861,76,2024-06-18,Cancelled,Germany,Consumer,2024-09-14,1718.0,10.0,2.0,Sports,159.86,614.0,Card,Success,319.72,False
1862,344,2024-06-14,Returned,Germany,Corporate,2024-06-12,1178.0,95.0,1.0,Sports,300.65,862.0,Card,Success,300.65,False
1862,344,2024-06-14,Returned,Germany,Corporate,2024-06-12,3954.0,95.0,2.0,Sports,300.65,862.0,Card,Success,601.3,False
1863,495,2024-01-14,Delivered,France,Small Business,2024-08-21,218.0,76.0,3.0,Electronics,302.4,1669.0,PayPal,Success,907.1999999999999,True
1863,495,2024-01-14,Delivered,France,Small Business,2024-08-21,1031.0,15.0,1.0,Home,213.77,1669.0,PayPal,Success,213.77,True
1864,424,2024-07-21,Delivered,Spain,Corporate,2023-03-19,125.0,7.0,4.0,Electronics,499.68,1538.0,Card,Success,1998.72,True
1864,424,2024-07-21,Delivered,Spain,Corporate,2023-03-19,4177.0,15.0,3.0,Home,213.77,1538.0,Card,Success,641.3100000000001,True
1865,294,2024-10-14,Delivered,Germany,Small Business,2024-01-31,1100.0,60.0,1.0,Home,152.02,603.0,PayPal,Success,152.02,True
1866,444,2024-07-07,Delivered,Italy,Consumer,2023-03-23,181.0,12.0,1.0,Sports,366.86,238.0,PayPal,Success,366.86,True
1866,444,2024-07-07,Delivered,Italy,Consumer,2023-03-23,1295.0,56.0,1.0,Clothing,263.65,238.0,PayPal,Success,263.65,True
1866,444,2024-07-07,Delivered,Italy,Consumer,2023-03-23,3148.0,83.0,1.0,Sports,119.13,238.0,PayPal,Success,119.13,True
1866,444,2024-07-07,Delivered,Italy,Consumer,2023-03-23,4236.0,66.0,1.0,Clothing,27.32,238.0,PayPal,Success,27.32,True
1866,444,2024-07-07,Delivered,Italy,Consumer,2023-03-23,4286.0,59.0,1.0,Home,236.32,238.0,PayPal,Success,236.32,True
1867,59,2024-06-03,Delivered,Spain,Consumer,2024-11-22,828.0,68.0,4.0,Clothing,198.86,975.0,Bank Transfer,Success,795.44,True
1867,59,2024-06-03,Delivered,Spain,Consumer,2024-11-22,2793.0,44.0,4.0,Clothing,466.63,975.0,Bank Transfer,Success,1866.52,True
1867,59,2024-06-03,Delivered,Spain,Consumer,2024-11-22,4911.0,69.0,2.0,Sports,66.6,975.0,Bank Transfer,Success,133.2,True
1868,138,2024-02-24,Delivered,France,Consumer,2023-08-17,4061.0,61.0,1.0,Clothing,427.15,816.0,PayPal,Success,427.15,True
1869,99,2024-06-30,Delivered,Germany,Consumer,2023-03-08,735.0,65.0,3.0,Home,455.62,439.0,Bank Transfer,Failed,1366.8600000000001,False
1869,99,2024-06-30,Delivered,Germany,Consumer,2023-03-08,744.0,86.0,1.0,Sports,28.24,439.0,Bank Transfer,Failed,28.24,False
1869,99,2024-06-30,Delivered,Germany,Consumer,2023-03-08,1976.0,31.0,3.0,Home,402.97,439.0,Bank Transfer,Failed,1208.91,False
1869,99,2024-06-30,Delivered,Germany,Consumer,2023-03-08,2338.0,21.0,1.0,Home,324.05,439.0,Bank Transfer,Failed,324.05,False
1869,99,2024-06-30,Delivered,Germany,Consumer,2023-03-08,2514.0,36.0,1.0,Home,216.27,439.0,Bank Transfer,Failed,216.27,False
1869,99,2024-06-30,Delivered,Germany,Consumer,2023-03-08,3323.0,31.0,4.0,Home,402.97,439.0,Bank Transfer,Failed,1611.88,False
1869,99,2024-06-30,Delivered,Germany,Consumer,2023-03-08,4258.0,85.0,2.0,Sports,64.57,439.0,Bank Transfer,Failed,129.14,False
1870,192,2024-07-28,Delivered,Spain,Consumer,2023-04-05,2965.0,59.0,3.0,Home,236.32,1579.0,Bank Transfer,Success,708.96,True
1871,243,2024-03-15,Delivered,Italy,Consumer,2024-07-07,1375.0,35.0,1.0,Sports,262.48,16.0,Bank Transfer,Success,262.48,True
1872,319,2024-10-03,Delivered,Spain,Consumer,2024-09-13,712.0,65.0,2.0,Home,455.62,398.0,PayPal,Success,911.24,True
1872,319,2024-10-03,Delivered,Spain,Consumer,2024-09-13,3238.0,77.0,3.0,Electronics,452.34,398.0,PayPal,Success,1357.02,True
1872,319,2024-10-03,Delivered,Spain,Consumer,2024-09-13,3391.0,6.0,4.0,Clothing,296.19,398.0,PayPal,Success,1184.76,True
1873,49,2024-05-12,Delivered,Germany,Corporate,2023-12-16,501.0,72.0,1.0,Sports,133.2,,,,133.2,False
1873,49,2024-05-12,Delivered,Germany,Corporate,2023-12-16,1818.0,37.0,4.0,Electronics,438.95,,,,1755.8,False
1873,49,2024-05-12,Delivered,Germany,Corporate,2023-12-16,3192.0,60.0,2.0,Home,152.02,,,,304.04,False
1874,448,2024-12-08,Delivered,Germany,Small Business,2024-04-15,489.0,96.0,4.0,Clothing,264.89,1709.0,Bank Transfer,Success,1059.56,True
1874,448,2024-12-08,Delivered,Germany,Small Business,2024-04-15,658.0,57.0,1.0,Electronics,367.47,1709.0,Bank Transfer,Success,367.47,True
1874,448,2024-12-08,Delivered,Germany,Small Business,2024-04-15,3828.0,72.0,3.0,Sports,133.2,1709.0,Bank Transfer,Success,399.59999999999997,True
1875,32,2024-02-28,Delivered,France,Corporate,2024-06-17,54.0,74.0,1.0,Home,491.25,810.0,Card,Success,491.25,True
1876,391,2024-12-10,Delivered,Spain,Small Business,2024-05-16,3404.0,86.0,1.0,Sports,28.24,990.0,Card,Success,28.24,True
1877,277,2024-06-30,Delivered,France,Consumer,2024-11-15,2130.0,66.0,3.0,Clothing,27.32,1283.0,Bank Transfer,Success,81.96000000000001,True
1877,277,2024-06-30,Delivered,France,Consumer,2024-11-15,3381.0,25.0,3.0,Clothing,243.13,1283.0,Bank Transfer,Success,729.39,True
1877,277,2024-06-30,Delivered,France,Consumer,2024-11-15,3705.0,66.0,3.0,Clothing,27.32,1283.0,Bank Transfer,Success,81.96000000000001,True
1877,277,2024-06-30,Delivered,France,Consumer,2024-11-15,4062.0,76.0,3.0,Electronics,302.4,1283.0,Bank Transfer,Success,907.1999999999999,True
1877,277,2024-06-30,Delivered,France,Consumer,2024-11-15,4896.0,21.0,1.0,Home,324.05,1283.0,Bank Transfer,Success,324.05,True
1878,20,2024-12-04,Returned,Spain,Small Business,2023-07-14,2216.0,72.0,3.0,Sports,133.2,6.0,Card,Success,399.59999999999997,False
1878,20,2024-12-04,Returned,Spain,Small Business,2023-07-14,3258.0,5.0,3.0,Home,26.86,6.0,Card,Success,80.58,False
1878,20,2024-12-04,Returned,Spain,Small Business,2023-07-14,3808.0,37.0,3.0,Electronics,438.95,6.0,Card,Success,1316.85,False
1878,20,2024-12-04,Returned,Spain,Small Business,2023-07-14,3827.0,35.0,4.0,Sports,262.48,6.0,Card,Success,1049.92,False
1878,20,2024-12-04,Returned,Spain,Small Business,2023-07-14,4198.0,46.0,3.0,Electronics,9.7,6.0,Card,Success,29.099999999999998,False
1879,154,2024-11-16,Delivered,Spain,Consumer,2023-01-26,1026.0,96.0,4.0,Clothing,264.89,742.0,Card,Success,1059.56,True
1879,154,2024-11-16,Delivered,Spain,Consumer,2023-01-26,1451.0,66.0,2.0,Clothing,27.32,742.0,Card,Success,54.64,True
1879,154,2024-11-16,Delivered,Spain,Consumer,2023-01-26,1523.0,3.0,2.0,Electronics,30.54,742.0,Card,Success,61.08,True
1879,154,2024-11-16,Delivered,Spain,Consumer,2023-01-26,2553.0,91.0,2.0,Electronics,401.38,742.0,Card,Success,802.76,True
1880,383,2024-03-04,Delivered,Italy,Small Business,2023-05-24,254.0,68.0,3.0,Clothing,198.86,1167.0,PayPal,Failed,596.58,False
1880,383,2024-03-04,Delivered,Italy,Small Business,2023-05-24,1862.0,91.0,1.0,Electronics,401.38,1167.0,PayPal,Failed,401.38,False
1881,68,2024-11-22,Delivered,France,Corporate,2024-01-21,2030.0,84.0,1.0,Clothing,416.17,358.0,Card,Success,416.17,True
1881,68,2024-11-22,Delivered,France,Corporate,2024-01-21,3247.0,11.0,4.0,Home,64.66,358.0,Card,Success,258.64,True
1882,366,2024-09-16,Returned,Spain,Consumer,2023-12-08,549.0,64.0,4.0,Sports,142.25,1268.0,PayPal,Failed,569.0,False
1882,366,2024-09-16,Returned,Spain,Consumer,2023-12-08,830.0,94.0,1.0,Clothing,261.54,1268.0,PayPal,Failed,261.54,False
1882,366,2024-09-16,Returned,Spain,Consumer,2023-12-08,2496.0,12.0,2.0,Sports,366.86,1268.0,PayPal,Failed,733.72,False
1882,366,2024-09-16,Returned,Spain,Consumer,2023-12-08,4364.0,24.0,3.0,Clothing,282.54,1268.0,PayPal,Failed,847.6200000000001,False
1882,366,2024-09-16,Returned,Spain,Consumer,2023-12-08,4529.0,65.0,2.0,Home,455.62,1268.0,PayPal,Failed,911.24,False
1883,372,2024-07-11,Delivered,Italy,Consumer,2023-05-21,717.0,33.0,4.0,Home,332.52,1343.0,Bank Transfer,Success,1330.08,True
1883,372,2024-07-11,Delivered,Italy,Consumer,2023-05-21,2474.0,52.0,2.0,Electronics,139.49,1343.0,Bank Transfer,Success,278.98,True
1884,214,2024-05-22,Delivered,Spain,Corporate,2024-02-14,913.0,15.0,4.0,Home,213.77,879.0,Card,Success,855.08,True
1884,214,2024-05-22,Delivered,Spain,Corporate,2024-02-14,1074.0,36.0,2.0,Home,216.27,879.0,Card,Success,432.54,True
1885,143,2024-04-13,Delivered,Italy,Corporate,2024-04-12,325.0,95.0,3.0,Sports,300.65,1420.0,Bank Transfer,Success,901.9499999999999,True
1885,143,2024-04-13,Delivered,Italy,Corporate,2024-04-12,325.0,95.0,3.0,Sports,300.65,1550.0,PayPal,Success,901.9499999999999,True
1885,143,2024-04-13,Delivered,Italy,Corporate,2024-04-12,1012.0,90.0,1.0,Electronics,413.97,1420.0,Bank Transfer,Success,413.97,True
1885,143,2024-04-13,Delivered,Italy,Corporate,2024-04-12,1012.0,90.0,1.0,Electronics,413.97,1550.0,PayPal,Success,413.97,True
1885,143,2024-04-13,Delivered,Italy,Corporate,2024-04-12,1548.0,59.0,4.0,Home,236.32,1420.0,Bank Transfer,Success,945.28,True
1885,143,2024-04-13,Delivered,Italy,Corporate,2024-04-12,1548.0,59.0,4.0,Home,236.32,1550.0,PayPal,Success,945.28,True
1885,143,2024-04-13,Delivered,Italy,Corporate,2024-04-12,3121.0,84.0,3.0,Clothing,416.17,1420.0,Bank Transfer,Success,1248.51,True
1885,143,2024-04-13,Delivered,Italy,Corporate,2024-04-12,3121.0,84.0,3.0,Clothing,416.17,1550.0,PayPal,Success,1248.51,True
1885,143,2024-04-13,Delivered,Italy,Corporate,2024-04-12,4263.0,14.0,1.0,Electronics,62.06,1420.0,Bank Transfer,Success,62.06,True
1885,143,2024-04-13,Delivered,Italy,Corporate,2024-04-12,4263.0,14.0,1.0,Electronics,62.06,1550.0,PayPal,Success,62.06,True
1886,376,2024-08-01,Delivered,Italy,Consumer,2023-02-01,941.0,69.0,2.0,Sports,66.6,676.0,PayPal,Success,133.2,True
1886,376,2024-08-01,Delivered,Italy,Consumer,2023-02-01,2185.0,63.0,1.0,Sports,296.61,676.0,PayPal,Success,296.61,True
1886,376,2024-08-01,Delivered,Italy,Consumer,2023-02-01,2721.0,52.0,2.0,Electronics,139.49,676.0,PayPal,Success,278.98,True
1886,376,2024-08-01,Delivered,Italy,Consumer,2023-02-01,3623.0,74.0,1.0,Home,491.25,676.0,PayPal,Success,491.25,True
1887,232,2024-08-29,Delivered,Italy,Consumer,2023-05-25,810.0,67.0,4.0,Clothing,59.19,,,,236.76,False
1887,232,2024-08-29,Delivered,Italy,Consumer,2023-05-25,2534.0,91.0,2.0,Electronics,401.38,,,,802.76,False
1887,232,2024-08-29,Delivered,Italy,Consumer,2023-05-25,3231.0,13.0,3.0,Sports,100.34,,,,301.02,False
1888,213,2024-07-27,Delivered,France,Small Business,2023-03-19,4299.0,10.0,3.0,Sports,159.86,807.0,PayPal,Success,479.58000000000004,True
1889,79,2024-04-02,Delivered,Spain,Small Business,2023-10-01,2714.0,50.0,3.0,Electronics,242.49,43.0,PayPal,Success,727.47,True
1889,79,2024-04-02,Delivered,Spain,Small Business,2023-10-01,3304.0,45.0,2.0,Clothing,39.66,43.0,PayPal,Success,79.32,True
1889,79,2024-04-02,Delivered,Spain,Small Business,2023-10-01,4526.0,94.0,3.0,Clothing,261.54,43.0,PayPal,Success,784.6200000000001,True
1890,214,2024-05-21,Delivered,Spain,Corporate,2024-02-14,58.0,79.0,3.0,Electronics,372.96,1607.0,Card,Failed,1118.8799999999999,False
1890,214,2024-05-21,Delivered,Spain,Corporate,2024-02-14,3989.0,86.0,4.0,Sports,28.24,1607.0,Card,Failed,112.96,False
1891,116,2024-04-21,Delivered,Italy,Corporate,2023-10-09,4808.0,92.0,3.0,Home,316.74,396.0,PayPal,Success,950.22,True
1892,92,2024-02-28,Delivered,Italy,Consumer,2024-06-20,309.0,50.0,3.0,Electronics,242.49,1331.0,PayPal,Success,727.47,True
1892,92,2024-02-28,Delivered,Italy,Consumer,2024-06-20,1466.0,35.0,2.0,Sports,262.48,1331.0,PayPal,Success,524.96,True
1892,92,2024-02-28,Delivered,Italy,Consumer,2024-06-20,2519.0,6.0,3.0,Clothing,296.19,1331.0,PayPal,Success,888.5699999999999,True
1892,92,2024-02-28,Delivered,Italy,Consumer,2024-06-20,2552.0,45.0,1.0,Clothing,39.66,1331.0,PayPal,Success,39.66,True
1892,92,2024-02-28,Delivered,Italy,Consumer,2024-06-20,3769.0,22.0,2.0,Home,326.83,1331.0,PayPal,Success,653.66,True
1893,270,2024-02-12,Cancelled,Spain,Corporate,2023-01-15,911.0,39.0,1.0,Home,233.66,323.0,Bank Transfer,Success,233.66,False
1893,270,2024-02-12,Cancelled,Spain,Corporate,2023-01-15,926.0,72.0,3.0,Sports,133.2,323.0,Bank Transfer,Success,399.59999999999997,False
1893,270,2024-02-12,Cancelled,Spain,Corporate,2023-01-15,1621.0,78.0,4.0,Clothing,494.65,323.0,Bank Transfer,Success,1978.6,False
1893,270,2024-02-12,Cancelled,Spain,Corporate,2023-01-15,3640.0,89.0,2.0,Home,478.85,323.0,Bank Transfer,Success,957.7,False
1894,411,2024-07-25,Delivered,Spain,Consumer,2024-03-18,1029.0,36.0,3.0,Home,216.27,963.0,Bank Transfer,Failed,648.8100000000001,False
1894,411,2024-07-25,Delivered,Spain,Consumer,2024-03-18,1070.0,22.0,2.0,Home,326.83,963.0,Bank Transfer,Failed,653.66,False
1894,411,2024-07-25,Delivered,Spain,Consumer,2024-03-18,2649.0,21.0,2.0,Home,324.05,963.0,Bank Transfer,Failed,648.1,False
1894,411,2024-07-25,Delivered,Spain,Consumer,2024-03-18,2929.0,9.0,3.0,Home,239.24,963.0,Bank Transfer,Failed,717.72,False
1895,381,2024-09-24,Cancelled,Italy,Corporate,2024-04-21,1353.0,34.0,4.0,Home,370.24,1785.0,PayPal,Success,1480.96,False
1895,381,2024-09-24,Cancelled,Italy,Corporate,2024-04-21,1439.0,41.0,3.0,Home,5.12,1785.0,PayPal,Success,15.36,False
1896,489,2024-10-22,Delivered,France,Corporate,2023-02-03,,,,,,1110.0,Card,Success,,True
1897,168,2024-04-27,Delivered,Unknown,Small Business,2023-03-31,450.0,21.0,1.0,Home,324.05,131.0,PayPal,Success,324.05,True
1897,168,2024-04-27,Delivered,Unknown,Small Business,2023-03-31,971.0,49.0,4.0,Sports,23.61,131.0,PayPal,Success,94.44,True
1897,168,2024-04-27,Delivered,Unknown,Small Business,2023-03-31,2920.0,98.0,2.0,Electronics,260.05,131.0,PayPal,Success,520.1,True
1897,168,2024-04-27,Delivered,Unknown,Small Business,2023-03-31,3016.0,31.0,4.0,Home,402.97,131.0,PayPal,Success,1611.88,True
1897,168,2024-04-27,Delivered,Unknown,Small Business,2023-03-31,4271.0,9.0,1.0,Home,239.24,131.0,PayPal,Success,239.24,True
1898,58,2024-01-20,Delivered,France,Corporate,2023-09-10,1118.0,30.0,1.0,Sports,288.35,336.0,Bank Transfer,Success,288.35,True
1898,58,2024-01-20,Delivered,France,Corporate,2023-09-10,1118.0,30.0,1.0,Sports,288.35,1229.0,Bank Transfer,Success,288.35,True
1898,58,2024-01-20,Delivered,France,Corporate,2023-09-10,2236.0,42.0,1.0,Clothing,96.81,336.0,Bank Transfer,Success,96.81,True
1898,58,2024-01-20,Delivered,France,Corporate,2023-09-10,2236.0,42.0,1.0,Clothing,96.81,1229.0,Bank Transfer,Success,96.81,True
1898,58,2024-01-20,Delivered,France,Corporate,2023-09-10,3872.0,43.0,3.0,Electronics,195.06,336.0,Bank Transfer,Success,585.1800000000001,True
1898,58,2024-01-20,Delivered,France,Corporate,2023-09-10,3872.0,43.0,3.0,Electronics,195.06,1229.0,Bank Transfer,Success,585.1800000000001,True
1898,58,2024-01-20,Delivered,France,Corporate,2023-09-10,3923.0,97.0,2.0,Sports,133.82,336.0,Bank Transfer,Success,267.64,True
1898,58,2024-01-20,Delivered,France,Corporate,2023-09-10,3923.0,97.0,2.0,Sports,133.82,1229.0,Bank Transfer,Success,267.64,True
1899,284,2024-08-09,Returned,Spain,Consumer,2023-03-10,,,,,,1523.0,PayPal,Success,,False
1899,284,2024-08-09,Returned,Spain,Consumer,2023-03-10,,,,,,1620.0,Bank Transfer,Success,,False
1900,26,2024-06-14,Delivered,Germany,Consumer,2023-02-20,,,,,,1260.0,Card,Failed,,False
1901,369,2024-05-10,Delivered,Spain,Corporate,2023-12-26,1472.0,33.0,1.0,Home,332.52,1773.0,PayPal,Success,332.52,True
1901,369,2024-05-10,Delivered,Spain,Corporate,2023-12-26,4983.0,97.0,3.0,Sports,133.82,1773.0,PayPal,Success,401.46,True
1902,447,2024-06-04,Delivered,Spain,Small Business,2024-01-21,346.0,16.0,4.0,Home,398.69,1075.0,PayPal,Success,1594.76,True
1903,66,2024-07-02,Delivered,Germany,Corporate,2023-03-19,2513.0,26.0,3.0,Electronics,443.07,1330.0,PayPal,Failed,1329.21,False
1904,409,2024-03-30,Delivered,Italy,Consumer,2023-01-08,1965.0,63.0,2.0,Sports,296.61,1492.0,Bank Transfer,Success,593.22,True
1905,248,2024-04-03,Delivered,France,Consumer,2024-10-30,568.0,86.0,2.0,Sports,28.24,1996.0,Card,Success,56.48,True
1905,248,2024-04-03,Delivered,France,Consumer,2024-10-30,2293.0,12.0,2.0,Sports,366.86,1996.0,Card,Success,733.72,True
1905,248,2024-04-03,Delivered,France,Consumer,2024-10-30,2541.0,57.0,3.0,Electronics,367.47,1996.0,Card,Success,1102.41,True
1905,248,2024-04-03,Delivered,France,Consumer,2024-10-30,3665.0,68.0,3.0,Clothing,198.86,1996.0,Card,Success,596.58,True
1905,248,2024-04-03,Delivered,France,Consumer,2024-10-30,4454.0,63.0,4.0,Sports,296.61,1996.0,Card,Success,1186.44,True
1906,254,2024-01-13,Delivered,France,Consumer,2024-07-03,588.0,48.0,2.0,Electronics,48.83,1471.0,Card,Success,97.66,True
1906,254,2024-01-13,Delivered,France,Consumer,2024-07-03,1479.0,40.0,3.0,Electronics,495.22,1471.0,Card,Success,1485.66,True
1907,387,2024-11-17,Delivered,Spain,Corporate,2024-08-12,1758.0,53.0,4.0,Electronics,202.15,350.0,PayPal,Success,808.6,True
1907,387,2024-11-17,Delivered,Spain,Corporate,2024-08-12,1786.0,44.0,2.0,Clothing,466.63,350.0,PayPal,Success,933.26,True
1908,456,2024-10-19,Delivered,Spain,Corporate,2024-05-14,159.0,39.0,4.0,Home,233.66,1207.0,Bank Transfer,Failed,934.64,False
1908,456,2024-10-19,Delivered,Spain,Corporate,2024-05-14,1792.0,76.0,1.0,Electronics,302.4,1207.0,Bank Transfer,Failed,302.4,False
1909,44,2024-08-17,Delivered,Italy,Corporate,2023-02-16,1324.0,2.0,4.0,Home,348.12,1349.0,PayPal,Success,1392.48,True
1909,44,2024-08-17,Delivered,Italy,Corporate,2023-02-16,3411.0,85.0,4.0,Sports,64.57,1349.0,PayPal,Success,258.28,True
1909,44,2024-08-17,Delivered,Italy,Corporate,2023-02-16,3573.0,77.0,4.0,Electronics,452.34,1349.0,PayPal,Success,1809.36,True
1909,44,2024-08-17,Delivered,Italy,Corporate,2023-02-16,3682.0,83.0,2.0,Sports,119.13,1349.0,PayPal,Success,238.26,True
1909,44,2024-08-17,Delivered,Italy,Corporate,2023-02-16,3759.0,100.0,1.0,Electronics,498.19,1349.0,PayPal,Success,498.19,True
1909,44,2024-08-17,Delivered,Italy,Corporate,2023-02-16,4478.0,58.0,1.0,Home,6.66,1349.0,PayPal,Success,6.66,True
1910,97,2024-11-17,Delivered,Germany,Small Business,2024-08-02,509.0,62.0,2.0,Electronics,359.2,1945.0,Bank Transfer,Success,718.4,True
1910,97,2024-11-17,Delivered,Germany,Small Business,2024-08-02,1034.0,93.0,1.0,Electronics,112.08,1945.0,Bank Transfer,Success,112.08,True
1910,97,2024-11-17,Delivered,Germany,Small Business,2024-08-02,3810.0,54.0,1.0,Home,50.39,1945.0,Bank Transfer,Success,50.39,True
1910,97,2024-11-17,Delivered,Germany,Small Business,2024-08-02,4635.0,4.0,1.0,Sports,336.61,1945.0,Bank Transfer,Success,336.61,True
1911,42,2024-10-18,Delivered,Spain,Consumer,2023-03-14,1793.0,25.0,3.0,Clothing,243.13,1927.0,Bank Transfer,Success,729.39,True
1911,42,2024-10-18,Delivered,Spain,Consumer,2023-03-14,1827.0,46.0,3.0,Electronics,9.7,1927.0,Bank Transfer,Success,29.099999999999998,True
1911,42,2024-10-18,Delivered,Spain,Consumer,2023-03-14,3210.0,87.0,3.0,Home,195.12,1927.0,Bank Transfer,Success,585.36,True
1912,500,2024-01-26,Delivered,Italy,Consumer,2024-10-07,342.0,38.0,3.0,Clothing,211.67,744.0,Bank Transfer,Failed,635.01,False
1912,500,2024-01-26,Delivered,Italy,Consumer,2024-10-07,2808.0,10.0,2.0,Sports,159.86,744.0,Bank Transfer,Failed,319.72,False
1913,227,2024-03-15,Delivered,France,Consumer,2024-02-26,1099.0,14.0,3.0,Electronics,62.06,1799.0,PayPal,Success,186.18,True
1913,227,2024-03-15,Delivered,France,Consumer,2024-02-26,2953.0,88.0,2.0,Sports,23.18,1799.0,PayPal,Success,46.36,True
1914,262,2024-12-29,Returned,Germany,Small Business,2024-06-05,3141.0,38.0,1.0,Clothing,211.67,559.0,Card,Success,211.67,False
1915,167,2024-10-25,Returned,Italy,Consumer,2023-01-01,750.0,63.0,3.0,Sports,296.61,705.0,Bank Transfer,Failed,889.83,False
1915,167,2024-10-25,Returned,Italy,Consumer,2023-01-01,1284.0,10.0,3.0,Sports,159.86,705.0,Bank Transfer,Failed,479.58000000000004,False
1915,167,2024-10-25,Returned,Italy,Consumer,2023-01-01,1566.0,58.0,3.0,Home,6.66,705.0,Bank Transfer,Failed,19.98,False
1915,167,2024-10-25,Returned,Italy,Consumer,2023-01-01,1741.0,10.0,2.0,Sports,159.86,705.0,Bank Transfer,Failed,319.72,False
1915,167,2024-10-25,Returned,Italy,Consumer,2023-01-01,2050.0,65.0,3.0,Home,455.62,705.0,Bank Transfer,Failed,1366.8600000000001,False
1915,167,2024-10-25,Returned,Italy,Consumer,2023-01-01,2948.0,82.0,2.0,Home,419.72,705.0,Bank Transfer,Failed,839.44,False
1916,436,2024-05-29,Cancelled,Italy,Corporate,2023-05-31,928.0,90.0,2.0,Electronics,413.97,1911.0,Card,Success,827.94,False
1916,436,2024-05-29,Cancelled,Italy,Corporate,2023-05-31,1399.0,73.0,2.0,Home,296.33,1911.0,Card,Success,592.66,False
1916,436,2024-05-29,Cancelled,Italy,Corporate,2023-05-31,3177.0,87.0,4.0,Home,195.12,1911.0,Card,Success,780.48,False
1916,436,2024-05-29,Cancelled,Italy,Corporate,2023-05-31,4693.0,87.0,2.0,Home,195.12,1911.0,Card,Success,390.24,False
1917,279,2024-05-27,Delivered,France,Consumer,2024-02-15,1558.0,77.0,2.0,Electronics,452.34,111.0,Card,Success,904.68,True
1917,279,2024-05-27,Delivered,France,Consumer,2024-02-15,1558.0,77.0,2.0,Electronics,452.34,1690.0,PayPal,Success,904.68,True
1917,279,2024-05-27,Delivered,France,Consumer,2024-02-15,3781.0,44.0,1.0,Clothing,466.63,111.0,Card,Success,466.63,True
1917,279,2024-05-27,Delivered,France,Consumer,2024-02-15,3781.0,44.0,1.0,Clothing,466.63,1690.0,PayPal,Success,466.63,True
1917,279,2024-05-27,Delivered,France,Consumer,2024-02-15,3939.0,74.0,2.0,Home,491.25,111.0,Card,Success,982.5,True
1917,279,2024-05-27,Delivered,France,Consumer,2024-02-15,3939.0,74.0,2.0,Home,491.25,1690.0,PayPal,Success,982.5,True
1917,279,2024-05-27,Delivered,France,Consumer,2024-02-15,4931.0,12.0,2.0,Sports,366.86,111.0,Card,Success,733.72,True
1917,279,2024-05-27,Delivered,France,Consumer,2024-02-15,4931.0,12.0,2.0,Sports,366.86,1690.0,PayPal,Success,733.72,True
1918,89,2024-01-08,Delivered,Italy,Corporate,2023-03-27,3774.0,68.0,1.0,Clothing,198.86,645.0,PayPal,Success,198.86,True
1919,379,2024-01-29,Delivered,Germany,Small Business,2023-11-01,3349.0,13.0,4.0,Sports,100.34,1689.0,PayPal,Success,401.36,True
1919,379,2024-01-29,Delivered,Germany,Small Business,2023-11-01,4235.0,52.0,4.0,Electronics,139.49,1689.0,PayPal,Success,557.96,True
1919,379,2024-01-29,Delivered,Germany,Small Business,2023-11-01,4397.0,29.0,2.0,Clothing,205.22,1689.0,PayPal,Success,410.44,True
1920,178,2024-10-22,Delivered,Spain,Consumer,2023-09-18,1984.0,60.0,4.0,Home,152.02,183.0,PayPal,Success,608.08,True
1920,178,2024-10-22,Delivered,Spain,Consumer,2023-09-18,2239.0,9.0,3.0,Home,239.24,183.0,PayPal,Success,717.72,True
1920,178,2024-10-22,Delivered,Spain,Consumer,2023-09-18,3816.0,59.0,4.0,Home,236.32,183.0,PayPal,Success,945.28,True
1921,427,2024-07-27,Delivered,France,Small Business,2024-05-05,,,,,,1478.0,PayPal,Success,,True
1922,403,2024-05-07,Delivered,Spain,Corporate,2023-03-28,3515.0,37.0,2.0,Electronics,438.95,221.0,Bank Transfer,Success,877.9,True
1922,403,2024-05-07,Delivered,Spain,Corporate,2023-03-28,4622.0,14.0,4.0,Electronics,62.06,221.0,Bank Transfer,Success,248.24,True
1922,403,2024-05-07,Delivered,Spain,Corporate,2023-03-28,4853.0,71.0,3.0,Electronics,400.0,221.0,Bank Transfer,Success,1200.0,True
1923,197,2024-12-05,Cancelled,Germany,Consumer,2024-01-11,952.0,19.0,1.0,Clothing,230.3,967.0,PayPal,Success,230.3,False
1923,197,2024-12-05,Cancelled,Germany,Consumer,2024-01-11,2463.0,37.0,1.0,Electronics,438.95,967.0,PayPal,Success,438.95,False
1923,197,2024-12-05,Cancelled,Germany,Consumer,2024-01-11,2822.0,66.0,1.0,Clothing,27.32,967.0,PayPal,Success,27.32,False
1924,307,2024-04-25,Cancelled,Italy,Small Business,2023-04-16,2761.0,58.0,4.0,Home,6.66,1573.0,PayPal,Failed,26.64,False
1924,307,2024-04-25,Cancelled,Italy,Small Business,2023-04-16,4524.0,14.0,3.0,Electronics,62.06,1573.0,PayPal,Failed,186.18,False
1925,267,2024-05-23,Delivered,Italy,Corporate,2023-08-16,2315.0,90.0,4.0,Electronics,413.97,888.0,Card,Success,1655.88,True
1926,268,2024-11-13,Delivered,Unknown,Small Business,2023-08-04,1797.0,53.0,2.0,Electronics,202.15,1089.0,Card,Failed,404.3,False
1926,268,2024-11-13,Delivered,Unknown,Small Business,2023-08-04,2075.0,18.0,3.0,Home,32.17,1089.0,Card,Failed,96.51,False
1926,268,2024-11-13,Delivered,Unknown,Small Business,2023-08-04,4118.0,68.0,1.0,Clothing,198.86,1089.0,Card,Failed,198.86,False
1926,268,2024-11-13,Delivered,Unknown,Small Business,2023-08-04,4306.0,24.0,2.0,Clothing,282.54,1089.0,Card,Failed,565.08,False
1927,74,2024-08-22,Delivered,Germany,Small Business,2023-01-07,965.0,76.0,3.0,Electronics,302.4,1209.0,PayPal,Success,907.1999999999999,True
1928,8,2024-01-07,Delivered,France,Consumer,2023-05-06,4837.0,100.0,4.0,Electronics,498.19,1125.0,Card,Failed,1992.76,False
1929,408,2024-02-14,Delivered,Italy,Small Business,2023-12-15,3789.0,56.0,3.0,Clothing,263.65,1814.0,PayPal,Success,790.9499999999999,True
1930,476,2024-08-26,Delivered,Unknown,Corporate,2024-05-08,1235.0,96.0,4.0,Clothing,264.89,1623.0,Bank Transfer,Success,1059.56,True
1930,476,2024-08-26,Delivered,Unknown,Corporate,2024-05-08,4574.0,39.0,2.0,Home,233.66,1623.0,Bank Transfer,Success,467.32,True
1931,297,2024-06-03,Delivered,Germany,Corporate,2024-09-07,1147.0,68.0,3.0,Clothing,198.86,655.0,Card,Success,596.58,True
1931,297,2024-06-03,Delivered,Germany,Corporate,2024-09-07,3996.0,69.0,2.0,Sports,66.6,655.0,Card,Success,133.2,True
1932,164,2024-06-29,Delivered,Italy,Consumer,2023-04-23,2073.0,18.0,3.0,Home,32.17,1415.0,Card,Success,96.51,True
1932,164,2024-06-29,Delivered,Italy,Consumer,2023-04-23,3492.0,62.0,1.0,Electronics,359.2,1415.0,Card,Success,359.2,True
1933,485,2024-08-02,Delivered,France,Small Business,2023-05-08,594.0,55.0,1.0,Sports,171.5,1548.0,PayPal,Success,171.5,True
1933,485,2024-08-02,Delivered,France,Small Business,2023-05-08,2324.0,24.0,1.0,Clothing,282.54,1548.0,PayPal,Success,282.54,True
1933,485,2024-08-02,Delivered,France,Small Business,2023-05-08,4904.0,64.0,2.0,Sports,142.25,1548.0,PayPal,Success,284.5,True
1934,85,2024-03-28,Delivered,Spain,Small Business,2023-01-28,3611.0,21.0,4.0,Home,324.05,1571.0,Bank Transfer,Success,1296.2,True
1935,72,2024-09-12,Delivered,Germany,Consumer,2024-11-29,1006.0,23.0,2.0,Sports,185.53,339.0,Bank Transfer,Success,371.06,True
1935,72,2024-09-12,Delivered,Germany,Consumer,2024-11-29,2203.0,10.0,1.0,Sports,159.86,339.0,Bank Transfer,Success,159.86,True
1935,72,2024-09-12,Delivered,Germany,Consumer,2024-11-29,3694.0,15.0,3.0,Home,213.77,339.0,Bank Transfer,Success,641.3100000000001,True
1935,72,2024-09-12,Delivered,Germany,Consumer,2024-11-29,4507.0,71.0,1.0,Electronics,400.0,339.0,Bank Transfer,Success,400.0,True
1936,55,2024-03-13,Cancelled,Spain,Consumer,2023-09-14,3616.0,24.0,1.0,Clothing,282.54,359.0,Card,Success,282.54,False
1937,393,2024-06-27,Delivered,Italy,Consumer,2023-04-24,429.0,51.0,3.0,Electronics,292.47,1296.0,PayPal,Success,877.4100000000001,True
1937,393,2024-06-27,Delivered,Italy,Consumer,2023-04-24,935.0,41.0,1.0,Home,5.12,1296.0,PayPal,Success,5.12,True
1938,47,2024-07-30,Delivered,Italy,Small Business,2023-08-27,687.0,78.0,3.0,Clothing,494.65,269.0,PayPal,Success,1483.9499999999998,True
1938,47,2024-07-30,Delivered,Italy,Small Business,2023-08-27,2016.0,91.0,2.0,Electronics,401.38,269.0,PayPal,Success,802.76,True
1938,47,2024-07-30,Delivered,Italy,Small Business,2023-08-27,2196.0,90.0,3.0,Electronics,413.97,269.0,PayPal,Success,1241.91,True
1938,47,2024-07-30,Delivered,Italy,Small Business,2023-08-27,4792.0,83.0,2.0,Sports,119.13,269.0,PayPal,Success,238.26,True
1939,399,2024-10-19,Delivered,Italy,Small Business,2024-10-04,755.0,24.0,1.0,Clothing,282.54,555.0,PayPal,Success,282.54,True
1939,399,2024-10-19,Delivered,Italy,Small Business,2024-10-04,898.0,35.0,1.0,Sports,262.48,555.0,PayPal,Success,262.48,True
1939,399,2024-10-19,Delivered,Italy,Small Business,2024-10-04,3548.0,44.0,2.0,Clothing,466.63,555.0,PayPal,Success,933.26,True
1940,432,2024-08-21,Delivered,Germany,Corporate,2024-04-13,3125.0,28.0,2.0,Electronics,223.31,997.0,Bank Transfer,Success,446.62,True
1940,432,2024-08-21,Delivered,Germany,Corporate,2024-04-13,4647.0,86.0,1.0,Sports,28.24,997.0,Bank Transfer,Success,28.24,True
1941,238,2024-08-26,Returned,Germany,Corporate,2023-07-17,2551.0,97.0,2.0,Sports,133.82,968.0,Card,Success,267.64,False
1941,238,2024-08-26,Returned,Germany,Corporate,2023-07-17,3375.0,89.0,2.0,Home,478.85,968.0,Card,Success,957.7,False
1942,104,2024-08-10,Delivered,Italy,Small Business,2023-08-16,869.0,19.0,3.0,Clothing,230.3,520.0,Card,Success,690.9000000000001,True
1942,104,2024-08-10,Delivered,Italy,Small Business,2023-08-16,1218.0,72.0,2.0,Sports,133.2,520.0,Card,Success,266.4,True
1942,104,2024-08-10,Delivered,Italy,Small Business,2023-08-16,4537.0,70.0,4.0,Home,478.43,520.0,Card,Success,1913.72,True
1943,210,2024-04-28,Delivered,France,Corporate,2023-06-14,213.0,42.0,3.0,Clothing,96.81,716.0,Bank Transfer,Success,290.43,True
1943,210,2024-04-28,Delivered,France,Corporate,2023-06-14,2805.0,99.0,3.0,Clothing,248.14,716.0,Bank Transfer,Success,744.42,True
1943,210,2024-04-28,Delivered,France,Corporate,2023-06-14,3143.0,72.0,1.0,Sports,133.2,716.0,Bank Transfer,Success,133.2,True
1943,210,2024-04-28,Delivered,France,Corporate,2023-06-14,3396.0,92.0,4.0,Home,316.74,716.0,Bank Transfer,Success,1266.96,True
1944,42,2024-11-08,Delivered,Spain,Consumer,2023-03-14,202.0,35.0,1.0,Sports,262.48,1527.0,Bank Transfer,Success,262.48,True
1944,42,2024-11-08,Delivered,Spain,Consumer,2023-03-14,1677.0,97.0,1.0,Sports,133.82,1527.0,Bank Transfer,Success,133.82,True
1944,42,2024-11-08,Delivered,Spain,Consumer,2023-03-14,2850.0,72.0,3.0,Sports,133.2,1527.0,Bank Transfer,Success,399.59999999999997,True
1945,316,2024-09-20,Returned,Italy,Small Business,2024-09-04,,,,,,1295.0,Bank Transfer,Success,,False
1946,468,2024-07-25,Delivered,France,Small Business,2024-06-04,1763.0,52.0,2.0,Electronics,139.49,448.0,PayPal,Success,278.98,True
1946,468,2024-07-25,Delivered,France,Small Business,2024-06-04,2410.0,13.0,4.0,Sports,100.34,448.0,PayPal,Success,401.36,True
1947,454,2024-04-04,Delivered,Germany,Small Business,2023-08-14,2147.0,69.0,4.0,Sports,66.6,1433.0,Bank Transfer,Success,266.4,True
1947,454,2024-04-04,Delivered,Germany,Small Business,2023-08-14,4607.0,47.0,2.0,Electronics,31.08,1433.0,Bank Transfer,Success,62.16,True
1947,454,2024-04-04,Delivered,Germany,Small Business,2023-08-14,4614.0,83.0,4.0,Sports,119.13,1433.0,Bank Transfer,Success,476.52,True
1948,268,2024-08-09,Delivered,Unknown,Small Business,2023-08-04,2127.0,26.0,2.0,Electronics,443.07,901.0,PayPal,Success,886.14,True
1948,268,2024-08-09,Delivered,Unknown,Small Business,2023-08-04,2245.0,17.0,4.0,Sports,373.81,901.0,PayPal,Success,1495.24,True
1948,268,2024-08-09,Delivered,Unknown,Small Business,2023-08-04,2546.0,77.0,4.0,Electronics,452.34,901.0,PayPal,Success,1809.36,True
1949,386,2024-10-02,Delivered,Italy,Consumer,2023-01-18,1337.0,64.0,1.0,Sports,142.25,1202.0,PayPal,Success,142.25,True
1950,263,2024-08-18,Delivered,France,Small Business,2024-05-31,1978.0,8.0,2.0,Electronics,280.12,141.0,Bank Transfer,Success,560.24,True
1951,336,2024-11-04,Delivered,Italy,Consumer,2024-06-20,1410.0,8.0,3.0,Electronics,280.12,277.0,Bank Transfer,Success,840.36,True
1951,336,2024-11-04,Delivered,Italy,Consumer,2024-06-20,1525.0,22.0,2.0,Home,326.83,277.0,Bank Transfer,Success,653.66,True
1952,387,2024-04-28,Delivered,Spain,Corporate,2024-08-12,2510.0,51.0,3.0,Electronics,292.47,1328.0,Card,Failed,877.4100000000001,False
1952,387,2024-04-28,Delivered,Spain,Corporate,2024-08-12,3330.0,16.0,3.0,Home,398.69,1328.0,Card,Failed,1196.07,False
1953,365,2024-09-24,Cancelled,Spain,Corporate,2024-09-21,108.0,44.0,3.0,Clothing,466.63,700.0,PayPal,Success,1399.8899999999999,False
1953,365,2024-09-24,Cancelled,Spain,Corporate,2024-09-21,108.0,44.0,3.0,Clothing,466.63,1119.0,Card,Success,1399.8899999999999,False
1953,365,2024-09-24,Cancelled,Spain,Corporate,2024-09-21,324.0,69.0,1.0,Sports,66.6,700.0,PayPal,Success,66.6,False
1953,365,2024-09-24,Cancelled,Spain,Corporate,2024-09-21,324.0,69.0,1.0,Sports,66.6,1119.0,Card,Success,66.6,False
1953,365,2024-09-24,Cancelled,Spain,Corporate,2024-09-21,1403.0,84.0,2.0,Clothing,416.17,700.0,PayPal,Success,832.34,False
1953,365,2024-09-24,Cancelled,Spain,Corporate,2024-09-21,1403.0,84.0,2.0,Clothing,416.17,1119.0,Card,Success,832.34,False
1953,365,2024-09-24,Cancelled,Spain,Corporate,2024-09-21,1658.0,22.0,1.0,Home,326.83,700.0,PayPal,Success,326.83,False
1953,365,2024-09-24,Cancelled,Spain,Corporate,2024-09-21,1658.0,22.0,1.0,Home,326.83,1119.0,Card,Success,326.83,False
1953,365,2024-09-24,Cancelled,Spain,Corporate,2024-09-21,2360.0,4.0,2.0,Sports,336.61,700.0,PayPal,Success,673.22,False
1953,365,2024-09-24,Cancelled,Spain,Corporate,2024-09-21,2360.0,4.0,2.0,Sports,336.61,1119.0,Card,Success,673.22,False
1953,365,2024-09-24,Cancelled,Spain,Corporate,2024-09-21,2883.0,34.0,4.0,Home,370.24,700.0,PayPal,Success,1480.96,False
1953,365,2024-09-24,Cancelled,Spain,Corporate,2024-09-21,2883.0,34.0,4.0,Home,370.24,1119.0,Card,Success,1480.96,False
1953,365,2024-09-24,Cancelled,Spain,Corporate,2024-09-21,3368.0,72.0,4.0,Sports,133.2,700.0,PayPal,Success,532.8,False
1953,365,2024-09-24,Cancelled,Spain,Corporate,2024-09-21,3368.0,72.0,4.0,Sports,133.2,1119.0,Card,Success,532.8,False
1953,365,2024-09-24,Cancelled,Spain,Corporate,2024-09-21,3462.0,42.0,3.0,Clothing,96.81,700.0,PayPal,Success,290.43,False
1953,365,2024-09-24,Cancelled,Spain,Corporate,2024-09-21,3462.0,42.0,3.0,Clothing,96.81,1119.0,Card,Success,290.43,False
1953,365,2024-09-24,Cancelled,Spain,Corporate,2024-09-21,4873.0,68.0,4.0,Clothing,198.86,700.0,PayPal,Success,795.44,False
1953,365,2024-09-24,Cancelled,Spain,Corporate,2024-09-21,4873.0,68.0,4.0,Clothing,198.86,1119.0,Card,Success,795.44,False
1954,259,2024-09-29,Delivered,Italy,Small Business,2023-09-11,2579.0,32.0,4.0,Sports,271.51,1136.0,Card,Success,1086.04,True
1954,259,2024-09-29,Delivered,Italy,Small Business,2023-09-11,3834.0,62.0,4.0,Electronics,359.2,1136.0,Card,Success,1436.8,True
1954,259,2024-09-29,Delivered,Italy,Small Business,2023-09-11,4530.0,57.0,4.0,Electronics,367.47,1136.0,Card,Success,1469.88,True
1955,283,2024-03-04,Delivered,Germany,Corporate,2023-10-10,1666.0,8.0,3.0,Electronics,280.12,1542.0,PayPal,Success,840.36,True
1955,283,2024-03-04,Delivered,Germany,Corporate,2023-10-10,2017.0,60.0,1.0,Home,152.02,1542.0,PayPal,Success,152.02,True
1955,283,2024-03-04,Delivered,Germany,Corporate,2023-10-10,2801.0,41.0,4.0,Home,5.12,1542.0,PayPal,Success,20.48,True
1956,114,2024-10-24,Delivered,Germany,Small Business,2024-06-01,1297.0,36.0,1.0,Home,216.27,784.0,Bank Transfer,Success,216.27,True
1956,114,2024-10-24,Delivered,Germany,Small Business,2024-06-01,4159.0,5.0,2.0,Home,26.86,784.0,Bank Transfer,Success,53.72,True
1957,363,2024-12-15,Delivered,Unknown,Corporate,2024-11-19,83.0,89.0,3.0,Home,478.85,1640.0,Bank Transfer,Success,1436.5500000000002,True
1957,363,2024-12-15,Delivered,Unknown,Corporate,2024-11-19,2950.0,5.0,3.0,Home,26.86,1640.0,Bank Transfer,Success,80.58,True
1958,40,2024-01-11,Delivered,Spain,Small Business,2024-06-29,563.0,79.0,2.0,Electronics,372.96,1306.0,Bank Transfer,Success,745.92,True
1958,40,2024-01-11,Delivered,Spain,Small Business,2024-06-29,563.0,79.0,2.0,Electronics,372.96,1972.0,Bank Transfer,Success,745.92,True
1958,40,2024-01-11,Delivered,Spain,Small Business,2024-06-29,1000.0,44.0,2.0,Clothing,466.63,1306.0,Bank Transfer,Success,933.26,True
1958,40,2024-01-11,Delivered,Spain,Small Business,2024-06-29,1000.0,44.0,2.0,Clothing,466.63,1972.0,Bank Transfer,Success,933.26,True
1958,40,2024-01-11,Delivered,Spain,Small Business,2024-06-29,1701.0,74.0,3.0,Home,491.25,1306.0,Bank Transfer,Success,1473.75,True
1958,40,2024-01-11,Delivered,Spain,Small Business,2024-06-29,1701.0,74.0,3.0,Home,491.25,1972.0,Bank Transfer,Success,1473.75,True
1958,40,2024-01-11,Delivered,Spain,Small Business,2024-06-29,2797.0,30.0,2.0,Sports,288.35,1306.0,Bank Transfer,Success,576.7,True
1958,40,2024-01-11,Delivered,Spain,Small Business,2024-06-29,2797.0,30.0,2.0,Sports,288.35,1972.0,Bank Transfer,Success,576.7,True
1958,40,2024-01-11,Delivered,Spain,Small Business,2024-06-29,3008.0,48.0,2.0,Electronics,48.83,1306.0,Bank Transfer,Success,97.66,True
1958,40,2024-01-11,Delivered,Spain,Small Business,2024-06-29,3008.0,48.0,2.0,Electronics,48.83,1972.0,Bank Transfer,Success,97.66,True
1958,40,2024-01-11,Delivered,Spain,Small Business,2024-06-29,3523.0,22.0,1.0,Home,326.83,1306.0,Bank Transfer,Success,326.83,True
1958,40,2024-01-11,Delivered,Spain,Small Business,2024-06-29,3523.0,22.0,1.0,Home,326.83,1972.0,Bank Transfer,Success,326.83,True
1958,40,2024-01-11,Delivered,Spain,Small Business,2024-06-29,3712.0,48.0,2.0,Electronics,48.83,1306.0,Bank Transfer,Success,97.66,True
1958,40,2024-01-11,Delivered,Spain,Small Business,2024-06-29,3712.0,48.0,2.0,Electronics,48.83,1972.0,Bank Transfer,Success,97.66,True
1959,486,2024-04-07,Delivered,Germany,Small Business,2023-02-11,1903.0,20.0,3.0,Clothing,263.61,702.0,Bank Transfer,Success,790.83,True
1960,417,2024-03-11,Delivered,France,Consumer,2023-02-20,2800.0,65.0,4.0,Home,455.62,1626.0,PayPal,Success,1822.48,True
1960,417,2024-03-11,Delivered,France,Consumer,2023-02-20,4239.0,97.0,4.0,Sports,133.82,1626.0,PayPal,Success,535.28,True
1961,220,2024-12-29,Delivered,Spain,Consumer,2024-02-06,844.0,7.0,2.0,Electronics,499.68,528.0,Card,Failed,999.36,False
1961,220,2024-12-29,Delivered,Spain,Consumer,2024-02-06,1950.0,53.0,2.0,Electronics,202.15,528.0,Card,Failed,404.3,False
1961,220,2024-12-29,Delivered,Spain,Consumer,2024-02-06,4483.0,1.0,3.0,Electronics,325.1,528.0,Card,Failed,975.3000000000001,False
1961,220,2024-12-29,Delivered,Spain,Consumer,2024-02-06,4863.0,84.0,4.0,Clothing,416.17,528.0,Card,Failed,1664.68,False
1962,129,2024-02-27,Delivered,Italy,Consumer,2023-12-16,1699.0,17.0,1.0,Sports,373.81,678.0,Bank Transfer,Success,373.81,True
1962,129,2024-02-27,Delivered,Italy,Consumer,2023-12-16,2380.0,67.0,1.0,Clothing,59.19,678.0,Bank Transfer,Success,59.19,True
1963,8,2024-10-16,Delivered,France,Consumer,2023-05-06,96.0,88.0,3.0,Sports,23.18,1975.0,PayPal,Success,69.53999999999999,True
1963,8,2024-10-16,Delivered,France,Consumer,2023-05-06,4154.0,30.0,4.0,Sports,288.35,1975.0,PayPal,Success,1153.4,True
1964,101,2024-09-07,Delivered,Spain,Corporate,2023-04-19,1945.0,89.0,4.0,Home,478.85,841.0,Bank Transfer,Success,1915.4,True
1964,101,2024-09-07,Delivered,Spain,Corporate,2023-04-19,2065.0,42.0,2.0,Clothing,96.81,841.0,Bank Transfer,Success,193.62,True
1964,101,2024-09-07,Delivered,Spain,Corporate,2023-04-19,4099.0,61.0,4.0,Clothing,427.15,841.0,Bank Transfer,Success,1708.6,True
1965,416,2024-10-02,Delivered,France,Consumer,2024-08-01,2263.0,91.0,3.0,Electronics,401.38,523.0,Card,Success,1204.1399999999999,True
1965,416,2024-10-02,Delivered,France,Consumer,2024-08-01,2457.0,17.0,4.0,Sports,373.81,523.0,Card,Success,1495.24,True
1965,416,2024-10-02,Delivered,France,Consumer,2024-08-01,2583.0,70.0,4.0,Home,478.43,523.0,Card,Success,1913.72,True
1965,416,2024-10-02,Delivered,France,Consumer,2024-08-01,3771.0,90.0,3.0,Electronics,413.97,523.0,Card,Success,1241.91,True
1965,416,2024-10-02,Delivered,France,Consumer,2024-08-01,4722.0,49.0,3.0,Sports,23.61,523.0,Card,Success,70.83,True
1966,380,2024-02-19,Delivered,France,Consumer,2024-03-04,1999.0,92.0,2.0,Home,316.74,1190.0,Card,Success,633.48,True
1966,380,2024-02-19,Delivered,France,Consumer,2024-03-04,4497.0,22.0,2.0,Home,326.83,1190.0,Card,Success,653.66,True
1966,380,2024-02-19,Delivered,France,Consumer,2024-03-04,4864.0,61.0,4.0,Clothing,427.15,1190.0,Card,Success,1708.6,True
1967,176,2024-12-23,Returned,Germany,Corporate,2024-11-20,,,,,,310.0,Card,Success,,False
1968,107,2024-08-03,Cancelled,Germany,Corporate,2023-02-03,487.0,42.0,1.0,Clothing,96.81,81.0,Bank Transfer,Success,96.81,False
1968,107,2024-08-03,Cancelled,Germany,Corporate,2023-02-03,487.0,42.0,1.0,Clothing,96.81,98.0,Bank Transfer,Success,96.81,False
1968,107,2024-08-03,Cancelled,Germany,Corporate,2023-02-03,1685.0,84.0,3.0,Clothing,416.17,81.0,Bank Transfer,Success,1248.51,False
1968,107,2024-08-03,Cancelled,Germany,Corporate,2023-02-03,1685.0,84.0,3.0,Clothing,416.17,98.0,Bank Transfer,Success,1248.51,False
1968,107,2024-08-03,Cancelled,Germany,Corporate,2023-02-03,4289.0,24.0,1.0,Clothing,282.54,81.0,Bank Transfer,Success,282.54,False
1968,107,2024-08-03,Cancelled,Germany,Corporate,2023-02-03,4289.0,24.0,1.0,Clothing,282.54,98.0,Bank Transfer,Success,282.54,False
1968,107,2024-08-03,Cancelled,Germany,Corporate,2023-02-03,4566.0,67.0,3.0,Clothing,59.19,81.0,Bank Transfer,Success,177.57,False
1968,107,2024-08-03,Cancelled,Germany,Corporate,2023-02-03,4566.0,67.0,3.0,Clothing,59.19,98.0,Bank Transfer,Success,177.57,False
1968,107,2024-08-03,Cancelled,Germany,Corporate,2023-02-03,4719.0,73.0,1.0,Home,296.33,81.0,Bank Transfer,Success,296.33,False
1968,107,2024-08-03,Cancelled,Germany,Corporate,2023-02-03,4719.0,73.0,1.0,Home,296.33,98.0,Bank Transfer,Success,296.33,False
1969,101,2024-02-21,Delivered,Spain,Corporate,2023-04-19,3147.0,16.0,1.0,Home,398.69,530.0,Bank Transfer,Success,398.69,True
1969,101,2024-02-21,Delivered,Spain,Corporate,2023-04-19,4869.0,7.0,4.0,Electronics,499.68,530.0,Bank Transfer,Success,1998.72,True
1970,260,2024-09-27,Delivered,Spain,Corporate,2023-07-15,1290.0,73.0,3.0,Home,296.33,387.0,Card,Success,888.99,True
1971,478,2024-03-24,Delivered,Italy,Corporate,2024-10-27,3359.0,71.0,3.0,Electronics,400.0,854.0,PayPal,Success,1200.0,True
1971,478,2024-03-24,Delivered,Italy,Corporate,2024-10-27,3916.0,45.0,3.0,Clothing,39.66,854.0,PayPal,Success,118.97999999999999,True
1971,478,2024-03-24,Delivered,Italy,Corporate,2024-10-27,4082.0,23.0,4.0,Sports,185.53,854.0,PayPal,Success,742.12,True
1972,454,2024-10-19,Cancelled,Germany,Small Business,2023-08-14,741.0,49.0,1.0,Sports,23.61,858.0,PayPal,Success,23.61,False
1972,454,2024-10-19,Cancelled,Germany,Small Business,2023-08-14,4946.0,84.0,3.0,Clothing,416.17,858.0,PayPal,Success,1248.51,False
1973,366,2024-05-05,Delivered,Spain,Consumer,2023-12-08,499.0,45.0,1.0,Clothing,39.66,1719.0,Card,Success,39.66,True
1973,366,2024-05-05,Delivered,Spain,Consumer,2023-12-08,531.0,28.0,2.0,Electronics,223.31,1719.0,Card,Success,446.62,True
1973,366,2024-05-05,Delivered,Spain,Consumer,2023-12-08,1747.0,60.0,4.0,Home,152.02,1719.0,Card,Success,608.08,True
1973,366,2024-05-05,Delivered,Spain,Consumer,2023-12-08,2129.0,31.0,3.0,Home,402.97,1719.0,Card,Success,1208.91,True
1974,246,2024-10-22,Delivered,Germany,Consumer,2023-01-15,1366.0,81.0,3.0,Electronics,203.78,940.0,Card,Success,611.34,True
1974,246,2024-10-22,Delivered,Germany,Consumer,2023-01-15,1569.0,17.0,4.0,Sports,373.81,940.0,Card,Success,1495.24,True
1974,246,2024-10-22,Delivered,Germany,Consumer,2023-01-15,2587.0,97.0,1.0,Sports,133.82,940.0,Card,Success,133.82,True
1975,275,2024-03-12,Delivered,France,Small Business,2023-02-16,,,,,,205.0,PayPal,Failed,,False
1976,32,2024-10-22,Cancelled,France,Corporate,2024-06-17,403.0,97.0,4.0,Sports,133.82,1612.0,PayPal,Success,535.28,False
1976,32,2024-10-22,Cancelled,France,Corporate,2024-06-17,1187.0,26.0,1.0,Electronics,443.07,1612.0,PayPal,Success,443.07,False
1976,32,2024-10-22,Cancelled,France,Corporate,2024-06-17,3122.0,57.0,2.0,Electronics,367.47,1612.0,PayPal,Success,734.94,False
1976,32,2024-10-22,Cancelled,France,Corporate,2024-06-17,3690.0,10.0,2.0,Sports,159.86,1612.0,PayPal,Success,319.72,False
1976,32,2024-10-22,Cancelled,France,Corporate,2024-06-17,4050.0,71.0,1.0,Electronics,400.0,1612.0,PayPal,Success,400.0,False
1977,137,2024-08-23,Delivered,France,Small Business,2023-02-09,3766.0,95.0,2.0,Sports,300.65,1374.0,PayPal,Success,601.3,True
1977,137,2024-08-23,Delivered,France,Small Business,2023-02-09,4295.0,9.0,3.0,Home,239.24,1374.0,PayPal,Success,717.72,True
1978,12,2024-02-25,Delivered,Spain,Corporate,2023-07-02,2032.0,53.0,3.0,Electronics,202.15,1303.0,Card,Success,606.45,True
1978,12,2024-02-25,Delivered,Spain,Corporate,2023-07-02,3051.0,38.0,4.0,Clothing,211.67,1303.0,Card,Success,846.68,True
1978,12,2024-02-25,Delivered,Spain,Corporate,2023-07-02,3072.0,15.0,3.0,Home,213.77,1303.0,Card,Success,641.3100000000001,True
1979,395,2024-12-25,Delivered,Spain,Consumer,2024-11-08,1725.0,74.0,4.0,Home,491.25,1336.0,PayPal,Success,1965.0,True
1979,395,2024-12-25,Delivered,Spain,Consumer,2024-11-08,4427.0,63.0,3.0,Sports,296.61,1336.0,PayPal,Success,889.83,True
1980,302,2024-04-19,Delivered,France,Small Business,2024-04-04,404.0,100.0,1.0,Electronics,498.19,1668.0,PayPal,Success,498.19,True
1980,302,2024-04-19,Delivered,France,Small Business,2024-04-04,2600.0,16.0,3.0,Home,398.69,1668.0,PayPal,Success,1196.07,True
1980,302,2024-04-19,Delivered,France,Small Business,2024-04-04,4942.0,67.0,1.0,Clothing,59.19,1668.0,PayPal,Success,59.19,True
1981,375,2024-07-10,Delivered,France,Consumer,2023-11-14,470.0,96.0,3.0,Clothing,264.89,632.0,Card,Success,794.67,True
1981,375,2024-07-10,Delivered,France,Consumer,2023-11-14,1330.0,77.0,2.0,Electronics,452.34,632.0,Card,Success,904.68,True
1982,16,2024-04-02,Delivered,France,Small Business,2023-12-26,1335.0,45.0,4.0,Clothing,39.66,956.0,PayPal,Success,158.64,True
1982,16,2024-04-02,Delivered,France,Small Business,2023-12-26,2031.0,54.0,1.0,Home,50.39,956.0,PayPal,Success,50.39,True
1983,129,2024-12-15,Delivered,Italy,Consumer,2023-12-16,1257.0,7.0,2.0,Electronics,499.68,45.0,Bank Transfer,Success,999.36,True
1983,129,2024-12-15,Delivered,Italy,Consumer,2023-12-16,3859.0,77.0,2.0,Electronics,452.34,45.0,Bank Transfer,Success,904.68,True
1983,129,2024-12-15,Delivered,Italy,Consumer,2023-12-16,4347.0,57.0,3.0,Electronics,367.47,45.0,Bank Transfer,Success,1102.41,True
1983,129,2024-12-15,Delivered,Italy,Consumer,2023-12-16,4932.0,56.0,3.0,Clothing,263.65,45.0,Bank Transfer,Success,790.9499999999999,True
1984,63,2024-02-25,Delivered,France,Corporate,2024-06-09,3312.0,85.0,3.0,Sports,64.57,1036.0,PayPal,Success,193.70999999999998,True
1985,109,2024-02-29,Delivered,Germany,Consumer,2024-01-04,4954.0,98.0,3.0,Electronics,260.05,250.0,Card,Success,780.1500000000001,True
1986,375,2024-05-17,Delivered,France,Consumer,2023-11-14,813.0,74.0,2.0,Home,491.25,2.0,Bank Transfer,Success,982.5,True
1986,375,2024-05-17,Delivered,France,Consumer,2023-11-14,3366.0,53.0,3.0,Electronics,202.15,2.0,Bank Transfer,Success,606.45,True
1987,21,2024-02-08,Delivered,Germany,Small Business,2024-10-28,536.0,67.0,3.0,Clothing,59.19,1146.0,Bank Transfer,Failed,177.57,False
1987,21,2024-02-08,Delivered,Germany,Small Business,2024-10-28,1889.0,73.0,2.0,Home,296.33,1146.0,Bank Transfer,Failed,592.66,False
1987,21,2024-02-08,Delivered,Germany,Small Business,2024-10-28,1962.0,41.0,1.0,Home,5.12,1146.0,Bank Transfer,Failed,5.12,False
1987,21,2024-02-08,Delivered,Germany,Small Business,2024-10-28,2182.0,81.0,4.0,Electronics,203.78,1146.0,Bank Transfer,Failed,815.12,False
1987,21,2024-02-08,Delivered,Germany,Small Business,2024-10-28,2660.0,27.0,4.0,Sports,267.48,1146.0,Bank Transfer,Failed,1069.92,False
1987,21,2024-02-08,Delivered,Germany,Small Business,2024-10-28,3084.0,69.0,2.0,Sports,66.6,1146.0,Bank Transfer,Failed,133.2,False
1988,158,2024-01-28,Delivered,Germany,Consumer,2024-10-06,518.0,24.0,4.0,Clothing,282.54,679.0,Card,Success,1130.16,True
1988,158,2024-01-28,Delivered,Germany,Consumer,2024-10-06,3371.0,19.0,2.0,Clothing,230.3,679.0,Card,Success,460.6,True
1988,158,2024-01-28,Delivered,Germany,Consumer,2024-10-06,3544.0,54.0,3.0,Home,50.39,679.0,Card,Success,151.17000000000002,True
1988,158,2024-01-28,Delivered,Germany,Consumer,2024-10-06,4854.0,29.0,3.0,Clothing,205.22,679.0,Card,Success,615.66,True
1988,158,2024-01-28,Delivered,Germany,Consumer,2024-10-06,4918.0,68.0,4.0,Clothing,198.86,679.0,Card,Success,795.44,True
1988,158,2024-01-28,Delivered,Germany,Consumer,2024-10-06,4961.0,23.0,2.0,Sports,185.53,679.0,Card,Success,371.06,True
1989,269,2024-02-18,Delivered,Spain,Consumer,2024-11-26,3450.0,97.0,2.0,Sports,133.82,1568.0,Card,Success,267.64,True
1990,162,2024-05-04,Delivered,France,Consumer,2023-08-13,,,,,,1368.0,Bank Transfer,Success,,True
1991,260,2024-01-13,Delivered,Spain,Corporate,2023-07-15,2568.0,8.0,2.0,Electronics,280.12,579.0,Bank Transfer,Success,560.24,True
1991,260,2024-01-13,Delivered,Spain,Corporate,2023-07-15,3362.0,51.0,1.0,Electronics,292.47,579.0,Bank Transfer,Success,292.47,True
1991,260,2024-01-13,Delivered,Spain,Corporate,2023-07-15,3854.0,49.0,2.0,Sports,23.61,579.0,Bank Transfer,Success,47.22,True
1991,260,2024-01-13,Delivered,Spain,Corporate,2023-07-15,3950.0,48.0,3.0,Electronics,48.83,579.0,Bank Transfer,Success,146.49,True
1992,412,2024-02-05,Delivered,Italy,Corporate,2023-11-24,3498.0,69.0,3.0,Sports,66.6,261.0,Bank Transfer,Success,199.79999999999998,True
1993,102,2024-04-10,Cancelled,Germany,Corporate,2023-05-26,1695.0,79.0,1.0,Electronics,372.96,1901.0,Bank Transfer,Success,372.96,False
1993,102,2024-04-10,Cancelled,Germany,Corporate,2023-05-26,3276.0,33.0,3.0,Home,332.52,1901.0,Bank Transfer,Success,997.56,False
1993,102,2024-04-10,Cancelled,Germany,Corporate,2023-05-26,3356.0,71.0,3.0,Electronics,400.0,1901.0,Bank Transfer,Success,1200.0,False
1993,102,2024-04-10,Cancelled,Germany,Corporate,2023-05-26,3754.0,99.0,4.0,Clothing,248.14,1901.0,Bank Transfer,Success,992.56,False
1994,223,2024-10-08,Delivered,Germany,Corporate,2024-09-07,4919.0,87.0,1.0,Home,195.12,1012.0,Bank Transfer,Success,195.12,True
1995,59,2024-03-26,Delivered,Spain,Consumer,2024-11-22,2009.0,49.0,3.0,Sports,23.61,647.0,PayPal,Success,70.83,True
1996,247,2024-01-04,Delivered,France,Small Business,2024-09-14,1005.0,4.0,4.0,Sports,336.61,719.0,Card,Success,1346.44,True
1996,247,2024-01-04,Delivered,France,Small Business,2024-09-14,4591.0,40.0,2.0,Electronics,495.22,719.0,Card,Success,990.44,True
1997,128,2024-08-10,Delivered,France,Small Business,2024-05-30,711.0,67.0,1.0,Clothing,59.19,1163.0,Card,Success,59.19,True
1997,128,2024-08-10,Delivered,France,Small Business,2024-05-30,711.0,67.0,1.0,Clothing,59.19,1622.0,Card,Success,59.19,True
1997,128,2024-08-10,Delivered,France,Small Business,2024-05-30,748.0,21.0,1.0,Home,324.05,1163.0,Card,Success,324.05,True
1997,128,2024-08-10,Delivered,France,Small Business,2024-05-30,748.0,21.0,1.0,Home,324.05,1622.0,Card,Success,324.05,True
1997,128,2024-08-10,Delivered,France,Small Business,2024-05-30,1556.0,7.0,4.0,Electronics,499.68,1163.0,Card,Success,1998.72,True
1997,128,2024-08-10,Delivered,France,Small Business,2024-05-30,1556.0,7.0,4.0,Electronics,499.68,1622.0,Card,Success,1998.72,True
1997,128,2024-08-10,Delivered,France,Small Business,2024-05-30,3637.0,36.0,4.0,Home,216.27,1163.0,Card,Success,865.08,True
1997,128,2024-08-10,Delivered,France,Small Business,2024-05-30,3637.0,36.0,4.0,Home,216.27,1622.0,Card,Success,865.08,True
1997,128,2024-08-10,Delivered,France,Small Business,2024-05-30,4386.0,60.0,2.0,Home,152.02,1163.0,Card,Success,304.04,True
1997,128,2024-08-10,Delivered,France,Small Business,2024-05-30,4386.0,60.0,2.0,Home,152.02,1622.0,Card,Success,304.04,True
1998,283,2024-12-03,Cancelled,Germany,Corporate,2023-10-10,1801.0,77.0,4.0,Electronics,452.34,1611.0,Bank Transfer,Success,1809.36,False
1999,325,2024-06-14,Cancelled,Germany,Consumer,2024-10-22,2515.0,69.0,3.0,Sports,66.6,1445.0,PayPal,Success,199.79999999999998,False
1999,325,2024-06-14,Cancelled,Germany,Consumer,2024-10-22,3778.0,55.0,2.0,Sports,171.5,1445.0,PayPal,Success,343.0,False
2000,25,2024-12-09,Delivered,Italy,Consumer,2024-09-25,2248.0,50.0,2.0,Electronics,242.49,1155.0,Bank Transfer,Success,484.98,True
2000,25,2024-12-09,Delivered,Italy,Consumer,2024-09-25,4572.0,66.0,2.0,Clothing,27.32,1155.0,Bank Transfer,Success,54.64,True
